RevolvingUtilizationOfUnsecuredLines,age,NumberOfTime30-59DaysPastDueNotWorse,DebtRatio,MonthlyIncome,NumberOfOpenCreditLinesAndLoans,NumberOfTimes90DaysLate,NumberRealEstateLoansOrLines,NumberOfTime60-89DaysPastDueNotWorse,NumberOfDependents,TotalTimesLate,IncomePerPerson
1.017.216.892,47,3,0.623937606,10000.0,7,0,1,0,1.0,3,5000.0
0.661947,33,1,0.23024055,3200.0,9,0,0,0,2.0,1,1066.6666666666667
0.840230145,42,0,1420,0.0,7,0,0,0,4.0,0,0.0
108.946.424,34,1,63.05.00,1.0,2,0,0,1,0.0,2,1.0
0.780007029,58,0,0.61121004,11792.0,9,0,2,0,0.0,0,11792.0
0.638872226,50,0,0.172965407,5000.0,7,1,0,0,3.0,1,1250.0
0.144744831,67,0,0.041709755,2900.0,2,0,0,0,0.0,0,2900.0
0,40,0,0.24815037,5000.0,6,0,1,0,0.0,0,5000.0
0.020300569,61,1,0.435828499,21200.0,22,0,5,0,1.0,1,10600.0
0.022794631,56,0,0.378251699,8533.0,7,0,2,0,0.0,0,8533.0
0.169880861,46,0,0.189084575,5166.0,11,0,1,0,2.0,0,1722.0
0.752024798,72,0,0.069018405,3259.0,1,0,0,0,0.0,0,3259.0
0.686482932,31,0,0.097756054,4500.0,4,0,0,0,2.0,0,1500.0
0.024113597,58,0,0.107241063,12000.0,6,0,1,0,0.0,0,12000.0
0.957611824,60,0,0.162964432,15125.0,6,0,0,0,1.0,0,7562.5
0.03240845,54,0,0.446123947,4630.0,12,0,2,0,3.0,0,1157.5
0.027418765,59,0,0.004110654,9000.0,7,0,0,0,0.0,0,9000.0
0.11808974,55,0,0.283643892,11591.0,8,0,2,0,1.0,0,5795.5
0.455457477,30,0,0.311034218,2600.0,13,0,0,0,0.0,0,2600.0
0.907618645,50,1,0.379419654,4100.0,8,0,2,1,0.0,2,4100.0
0.008108943,79,0,14,0.0,10,0,0,0,0.0,0,0.0
0.042872333,45,0,0.221984691,14500.0,7,0,2,0,0.0,0,14500.0
0.538063435,45,0,0.344220265,17941.0,20,0,2,0,3.0,0,4485.25
0.840189434,49,1,2.030.709.899,7000.0,29,0,3,0,1.0,1,3500.0
0.232102515,63,0,0.20933201,7050.0,5,0,2,0,1.0,0,3525.0
0.07648563,63,0,0.134225195,4484.0,7,0,1,0,0.0,0,4484.0
1.069.318.054,31,2,0.512878921,5706.0,7,0,1,0,1.0,2,2853.0
0.590178183,29,0,0.198063105,3200.0,3,2,0,0,0.0,2,3200.0
0,54,0,0.230681386,10507.0,9,0,1,0,3.0,0,2626.75
0.196118287,31,1,0.420141429,4100.0,7,0,0,0,0.0,1,4100.0
0.224517922,65,0,0.341644039,8101.0,20,0,2,0,0.0,0,8101.0
0.269257489,44,0,0.607594937,1500.0,7,0,0,0,3.0,0,375.0
0.014814266,48,0,0.260568261,10100.0,5,0,1,0,2.0,0,3366.6666666666665
0.116334546,48,0,0.084397557,1800.0,11,0,0,0,2.0,0,600.0
0.01239938,67,0,0.145508579,17833.0,10,0,2,0,0.0,0,17833.0
0.319912223,45,0,0.467391304,10763.0,13,0,1,0,2.0,0,3587.6666666666665
0.019216834,48,0,206.970.286,3600.0,7,0,2,0,1.0,0,1800.0
0.67799509,43,0,0.228344439,3901.0,5,0,0,0,1.0,0,1950.5
0.032499654,72,1,0.372625264,9000.0,25,0,3,0,0.0,1,9000.0
0.245918349,33,0,0.214062875,8333.0,9,0,0,0,1.0,0,4166.5
0,68,0,0.162972621,2300.0,6,0,0,0,0.0,0,2300.0
0.001607071,73,0,0.001472483,5432.0,4,0,0,0,0.0,0,5432.0
0.14978871,40,0,0.311961005,8000.0,13,0,2,0,2.0,0,2666.6666666666665
0.778487851,56,0,0.477210501,6208.0,9,0,2,0,0.0,0,6208.0
0.438401776,54,1,0.082788671,917.0,5,0,0,0,0.0,1,917.0
0.283714536,37,0,0.665809769,3500.0,9,0,1,0,0.0,0,3500.0
0.348666283,54,0,0.238993711,8585.0,7,0,2,0,1.0,0,4292.5
0,56,0,0.013525305,2291.0,4,0,0,0,0.0,0,2291.0
0.418637465,49,0,0.188118812,4948.0,7,0,1,0,2.0,0,1649.3333333333333
0.778530537,60,0,1.667.862.069,3624.0,10,0,3,0,0.0,0,3624.0
0.015910938,76,0,0.311965812,6785.0,9,0,1,0,1.0,0,3392.5
0.194652464,43,1,0.826902047,6400.0,21,0,2,0,4.0,1,1280.0
0.036842807,78,0,380,0.0,3,0,0,0,0.0,0,0.0
0.517089158,56,0,0.361330935,5559.0,15,1,1,0,1.0,1,2779.5
0.529024184,62,0,0.624964296,3500.0,10,0,2,0,1.0,0,1750.0
0.053939611,82,0,0.114285714,1644.0,7,0,0,0,0.0,0,1644.0
0.044948617,55,1,1.596.185.465,3040.0,35,0,1,0,0.0,1,3040.0
0.028158874,48,0,0.304705472,14344.0,6,0,4,0,0.0,0,14344.0
0.093437521,41,0,0.010892116,3855.0,3,0,0,0,0.0,0,3855.0
0.091288359,49,0,0.213543055,3750.0,14,0,1,0,2.0,0,1250.0
0.106301638,30,0,0.14464738,7500.0,9,0,0,0,0.0,0,7500.0
0.016037358,62,0,0.514830996,4348.0,9,0,3,0,1.0,0,2174.0
0.085002818,46,0,0.106394509,5535.0,9,0,0,0,0.0,0,5535.0
0.9999999,53,1,0.659736106,2500.0,4,0,2,2,2.0,3,833.3333333333334
0.022105035,58,0,0.195937712,7384.0,13,0,1,0,0.0,0,7384.0
0.287726441,66,0,0.231222634,11875.0,20,0,2,0,0.0,0,11875.0
0.101176877,50,0,0.447265625,8703.0,19,0,1,0,1.0,0,4351.5
0.851771858,44,3,0.236884335,8100.0,9,0,1,0,2.0,3,2700.0
0.178511907,44,0,0.477352265,10000.0,7,0,1,0,4.0,0,2000.0
0.015122904,64,0,0.092706203,4400.0,13,0,1,0,0.0,0,4400.0
0.014502428,57,0,0.241590214,3923.0,14,0,1,0,0.0,0,3923.0
0.146277356,27,0,0.302854779,2416.0,5,0,0,0,0.0,0,2416.0
0.083145843,46,0,0.33522292,6526.0,5,0,2,0,2.0,0,2175.3333333333335
0.03646391,40,0,0.011415715,12000.0,4,0,0,0,4.0,0,2400.0
0.08619075,31,1,0.016423028,5540.0,7,0,0,0,0.0,1,5540.0
0.147213124,63,0,0.282179455,4000.0,7,0,2,0,1.0,0,2000.0
0,73,0,0.026328945,6000.0,4,0,0,0,0.0,0,6000.0
0.734512434,68,0,1.225.472.047,2700.0,24,0,0,0,0.0,0,2700.0
0.970572269,46,0,1.089.810.492,3640.0,11,0,1,0,3.0,0,910.0
0.014060322,45,0,0.162399415,4100.0,8,0,0,0,4.0,0,820.0
0.9999999,57,0,0.025685227,5800.0,1,0,0,0,2.0,0,1933.3333333333333
0.076155233,64,1,0.411545127,7500.0,20,0,1,0,0.0,1,7500.0
0.053022405,60,0,0.599061416,4900.0,9,0,2,0,1.0,0,2450.0
0.540491902,54,0,0.303884609,6100.0,5,0,1,0,0.0,0,6100.0
0.481530686,51,0,0.431856814,10000.0,8,0,1,0,0.0,0,10000.0
0.11371836,66,0,0.392202599,3000.0,10,0,1,0,0.0,0,3000.0
0.062467461,55,0,0.199696855,7916.0,18,0,2,0,1.0,0,3958.0
0.577757437,28,0,0.390379278,1080.0,6,0,0,0,0.0,0,1080.0
0.593042222,64,0,0.360178446,8517.0,10,0,1,0,0.0,0,8517.0
0.590881824,29,0,0.21943128,2109.0,3,0,0,0,1.0,0,1054.5
0.002656575,78,0,0.000761832,10500.0,17,0,0,0,0.0,0,10500.0
0.013069682,71,0,0.451365756,3001.0,7,0,1,0,0.0,0,3001.0
0.198048603,43,0,0.424648649,4624.0,11,0,2,0,0.0,0,4624.0
0.114388561,71,0,0.008093311,4200.0,5,0,0,0,0.0,0,4200.0
0.016279211,39,0,1.159.946.684,3000.0,9,0,4,0,0.0,0,3000.0
0.031774247,88,0,0.100188527,3712.0,6,0,1,0,0.0,0,3712.0
0.795435831,69,0,0.164895441,2916.0,4,0,0,0,0.0,0,2916.0
0,30,0,0.607420076,7600.0,10,0,1,0,0.0,0,7600.0
0.9999999,31,0,0,5000.0,0,1,0,0,0.0,1,5000.0
0.051359684,56,0,0.044927795,5608.0,3,0,1,0,0.0,0,5608.0
0.843559083,59,0,0.366819747,6967.0,10,0,1,1,1.0,1,3483.5
0,47,0,0.315679443,7174.0,4,0,1,0,1.0,0,3587.0
0.032864476,57,0,0.002944889,4753.0,1,0,0,0,0.0,0,4753.0
0.711364788,40,0,0.308548912,5836.0,6,0,0,0,2.0,0,1945.3333333333333
0.648855108,55,0,0.801049738,4000.0,8,0,2,0,1.0,0,2000.0
0.958380202,65,4,0.44654498,1533.0,3,0,0,0,0.0,4,1533.0
0.9999999,40,1,0.177264547,3333.0,2,3,0,0,0.0,4,3333.0
0.600404,67,0,0.502629237,12360.0,15,0,3,0,3.0,0,3090.0
0.18087884,60,0,0.343581378,7968.0,6,0,2,0,0.0,0,7968.0
0.01717123,71,0,0.203125,1791.0,5,0,1,0,0.0,0,1791.0
0.246594198,45,0,0.245255651,8272.0,8,0,2,0,1.0,0,4136.0
0.063203586,80,0,0.042916474,2166.0,10,0,0,0,0.0,0,2166.0
0.030153714,58,0,0.003999,4000.0,6,0,0,0,0.0,0,4000.0
0.118193359,63,0,0.281262149,15433.0,9,0,2,0,1.0,0,7716.5
0.385905592,41,0,0.070308106,16000.0,11,0,0,0,0.0,0,16000.0
0.003873603,71,0,0.216701903,945.0,6,0,1,0,0.0,0,945.0
0.026342927,41,0,0.004080966,6125.0,6,0,0,0,2.0,0,2041.6666666666667
0,52,0,0,3333.0,8,0,0,0,0.0,0,3333.0
0.125929655,75,1,3.196.347.032,437.0,23,0,1,0,0.0,1,437.0
0.9999999,24,0,0.086913087,1000.0,2,0,0,0,0.0,0,1000.0
0.9999999,23,0,0.203197868,1500.0,2,0,0,0,0.0,0,1500.0
0.467647131,27,0,0.29149078,4500.0,8,0,0,0,1.0,0,2250.0
0,40,0,0.068977008,3000.0,5,0,0,0,1.0,0,1500.0
1.005.853.183,64,0,0.652478952,2137.0,8,0,1,0,0.0,0,2137.0
0.849798479,39,0,0.676136977,9256.0,12,0,2,0,0.0,0,9256.0
0.053469463,69,0,91.05.00,1.0,11,0,0,0,0.0,0,1.0
0.9999999,26,0,0.172373081,4234.0,2,0,0,0,1.0,0,2117.0
1.001.998.002,23,0,0.134276562,3745.0,7,0,0,1,0.0,1,3745.0
0,62,0,266,0.0,7,0,0,0,0.0,0,0.0
0.003585871,72,0,0.010643524,6106.0,10,0,0,0,0.0,0,6106.0
140.083.015,39,0,0.690163557,4340.0,16,0,1,0,1.0,0,2170.0
0.419677405,67,1,0.241349646,10461.0,11,0,1,0,1.0,1,5230.5
0.636988088,32,0,1.094.830.049,3500.0,10,0,2,0,3.0,0,875.0
0.540432446,44,0,2.326.673.327,1000.0,6,0,1,0,0.0,0,1000.0
0.058241129,61,0,0.064971487,10696.0,13,0,1,0,1.0,0,5348.0
0.074343056,32,0,0.475047985,4167.0,10,0,1,0,0.0,0,4167.0
0.450117804,57,1,1,2163.0,11,0,0,0,0.0,1,2163.0
0.15098982,57,1,0.486623706,10241.0,9,0,2,0,0.0,1,10241.0
0.297076954,56,0,0.349332126,8833.0,9,0,1,0,2.0,0,2944.3333333333335
0.060043045,41,0,0.566234701,8333.0,10,0,1,0,1.0,0,4166.5
0.125894209,82,2,0.163907285,2415.0,9,0,0,0,0.0,2,2415.0
0.215367578,53,0,0.079168333,2500.0,5,0,0,0,0.0,0,2500.0
0.304242395,69,1,0.163043478,5703.0,6,0,0,0,1.0,1,2851.5
0.029004702,53,0,0.769333333,2999.0,6,0,1,0,1.0,0,1499.5
0.946172503,38,0,0.163791788,6550.0,5,0,0,0,1.0,0,3275.0
0.910239603,43,0,0.242880648,7900.0,10,0,0,0,3.0,0,1975.0
0.532991247,34,0,0.530993561,7920.0,9,0,2,0,2.0,0,2640.0
0,49,1,0.289119569,2600.0,8,0,0,0,1.0,1,1300.0
0.957921507,33,1,0.208359788,9449.0,13,0,0,0,0.0,1,9449.0
0.394302849,31,0,0.012914093,1780.0,1,0,0,0,0.0,0,1780.0
0.555938038,53,0,0.451816271,3330.0,10,0,0,0,0.0,0,3330.0
0.950427674,65,0,1.403.465.347,2423.0,15,1,1,0,0.0,1,2423.0
0.135728543,25,0,0.099363829,3300.0,5,0,0,0,0.0,0,3300.0
0.750015822,43,0,0.284294716,4125.0,5,0,0,0,0.0,0,4125.0
0.506211342,75,0,0.245929329,14800.0,13,0,1,0,1.0,0,7400.0
0.996916515,34,0,0.207035067,18421.0,15,0,1,0,4.0,0,3684.2
0.322584825,46,1,0.323842065,2633.0,12,0,1,0,2.0,1,877.6666666666666
0.196910535,62,0,0.027524576,11189.0,10,0,0,0,0.0,0,11189.0
0.006987305,85,1,0.002702411,9250.0,14,0,0,0,0.0,1,9250.0
0.065868263,24,0,0.031914894,1879.0,2,0,0,0,0.0,0,1879.0
0.032088594,71,0,0.456394347,2900.0,9,0,0,0,0.0,0,2900.0
0.197995112,51,0,0.782789507,3125.0,10,0,1,0,1.0,0,1562.5
0.102832075,50,0,0.612638343,2800.0,4,0,1,0,2.0,0,933.3333333333334
0.528468025,61,0,0.84932159,4200.0,8,0,2,0,0.0,0,4200.0
0,50,0,0.187656931,7566.0,5,0,1,0,1.0,0,3783.0
0.31181921,52,0,0.295672431,11160.0,6,0,2,0,2.0,0,3720.0
0.016386564,42,0,0.428729807,6313.0,12,0,3,0,2.0,0,2104.3333333333335
0,44,1,0.549278602,4920.0,7,0,1,0,1.0,1,2460.0
0.224235284,55,0,0.349693252,7986.0,10,0,1,0,0.0,0,7986.0
0.447131829,47,0,0.558402861,5033.0,9,0,1,0,2.0,0,1677.6666666666667
0.336596148,36,0,0.08037225,1181.0,2,0,0,0,0.0,0,1181.0
0.918910256,49,0,0.364815565,7400.0,8,0,0,0,2.0,0,2466.6666666666665
0.701732213,31,0,0.735243222,5200.0,8,0,2,0,3.0,0,1300.0
0.080566208,70,0,0.270115326,15000.0,16,0,2,0,1.0,0,7500.0
0.042165085,64,2,0.194083996,7166.0,13,1,0,0,2.0,3,2388.6666666666665
0.921635945,36,1,0.091901849,15200.0,3,0,0,0,2.0,1,5066.666666666667
0.013787367,64,0,0.314365999,2846.0,18,0,2,0,0.0,0,2846.0
0.588774721,67,0,0.347972551,8014.0,7,1,1,0,1.0,1,4007.0
0.155153794,47,1,1.104.900.836,6100.0,12,0,4,0,3.0,1,1525.0
0.275302678,53,0,0.240469941,8000.0,8,0,1,0,1.0,0,4000.0
0.9999999,43,0,0.936094252,2800.0,6,0,2,0,0.0,0,2800.0
0.970461426,44,3,0.413594379,12666.0,8,0,2,1,4.0,4,2533.2
0.222994938,48,1,0.475520618,7250.0,9,0,1,0,2.0,1,2416.6666666666665
0.9999999,45,0,0.0781893,1700.0,0,1,0,0,0.0,1,1700.0
0.226036203,59,1,0.213894444,11500.0,15,0,1,0,2.0,1,3833.3333333333335
0.197087809,44,2,0.552367288,7666.0,20,0,2,0,1.0,2,3833.0
0.018216258,60,0,2339,0.0,7,0,1,0,0.0,0,0.0
0.609107903,74,0,0.272752446,10833.0,16,0,1,0,0.0,0,10833.0
0.661916904,37,0,2955,0.0,4,0,1,0,1.0,0,0.0
0.409324787,46,0,"2,260416667",5999.0,13,1,1,0,2.0,1,1999.6666666666667
0.13588068,42,0,0.296808656,7300.0,11,0,1,0,2.0,0,2433.3333333333335
0.257605418,55,1,0.438058748,7829.0,9,0,2,0,0.0,1,7829.0
0.147009496,60,1,0.207172377,7500.0,11,0,1,0,1.0,1,3750.0
0.184569575,32,0,0.431389975,5625.0,7,0,1,0,0.0,0,5625.0
0.08017086,64,0,0.194738136,8133.0,12,0,1,0,3.0,0,2033.25
0.85775508,56,0,0.775677984,9365.0,6,0,4,0,0.0,0,9365.0
0.419874942,51,0,0.570134333,3200.0,7,0,1,0,1.0,0,1600.0
0.518856861,52,0,0.782584985,5500.0,16,0,1,0,0.0,0,5500.0
0.569552836,49,1,0.463263142,6600.0,20,0,1,0,1.0,1,3300.0
0.07854039,37,0,0.127343245,4640.0,4,0,0,0,2.0,0,1546.6666666666667
0.097415257,27,0,0.026506696,3583.0,5,0,0,0,0.0,0,3583.0
0.295937295,58,0,0.619563406,6000.0,14,0,2,2,0.0,2,6000.0
104.361.477,70,1,0.459259259,5804.0,7,1,1,0,0.0,2,5804.0
1.011.653.259,53,0,0.12471882,4000.0,4,0,0,0,1.0,0,2000.0
0.9999999,46,1,0.006584855,3340.0,2,0,0,0,2.0,1,1113.3333333333333
0.632151983,61,0,0.405606919,6705.0,10,0,2,0,0.0,0,6705.0
0.059618536,58,0,0.317207885,10500.0,7,0,1,0,0.0,0,10500.0
0.042481231,62,0,0.777222421,2800.0,12,0,1,0,1.0,0,1400.0
0.037980568,40,0,0.174531459,5975.0,8,0,0,0,0.0,0,5975.0
0.461897356,38,0,0.32975,7999.0,4,0,1,0,2.0,0,2666.3333333333335
0.834212372,65,0,0.485994802,6925.0,13,0,2,0,1.0,0,3462.5
0.569659043,58,0,0.265244918,3000.0,6,0,0,0,2.0,0,1000.0
0.056826948,71,0,0.258409549,6450.0,6,0,1,0,0.0,0,6450.0
0.003507145,62,0,0.002687515,4092.0,9,0,0,0,0.0,0,4092.0
0.763870535,56,0,0.940846001,3025.0,9,0,2,0,0.0,0,3025.0
0.110646157,36,0,0.526336025,2600.0,9,0,1,0,0.0,0,2600.0
0.971670039,36,2,0.179992631,5427.0,6,0,1,0,2.0,2,1809.0
0.015197729,65,0,0.136655279,12000.0,8,0,1,0,0.0,0,12000.0
0.065061425,57,0,0.248983051,5899.0,10,0,1,0,2.0,0,1966.3333333333333
0.394487238,67,0,0.429990628,5334.0,12,0,2,0,1.0,0,2667.0
0.01939903,52,0,0.000996467,11038.0,5,0,0,0,1.0,0,5519.0
0.848237071,43,0,0.478895589,3150.0,12,0,0,0,2.0,0,1050.0
0.353541693,46,0,0.295388147,9583.0,7,0,2,0,2.0,0,3194.3333333333335
0.201208056,65,0,0.112735908,8000.0,19,0,0,0,1.0,0,4000.0
0.459964958,64,1,0.59790035,6000.0,12,0,1,0,0.0,1,6000.0
0.228439033,56,0,0.241820152,4614.0,8,0,0,0,0.0,0,4614.0
0,31,0,0.023421879,3500.0,6,0,0,0,0.0,0,3500.0
0.021498925,43,0,939,0.0,7,0,1,0,0.0,0,0.0
0.018935363,63,0,0.184902269,4450.0,8,0,1,0,0.0,0,4450.0
0.224197311,42,0,0.411517696,5000.0,6,0,2,0,1.0,0,2500.0
0.0202891,59,0,0.482551745,10000.0,17,0,5,0,0.0,0,10000.0
0.31761365,49,0,0.542062911,4100.0,7,0,2,0,0.0,0,4100.0
0.104764842,36,0,0.63393022,5416.0,12,0,1,0,0.0,0,5416.0
0.003036376,67,0,0.142094334,3370.0,9,0,0,0,0.0,0,3370.0
0.004887659,79,0,0.001359804,3676.0,7,0,0,0,1.0,0,1838.0
0.17924429,36,0,0.373500102,9833.0,8,0,2,0,2.0,0,3277.6666666666665
0.174614635,52,0,0.471241591,19176.0,13,0,6,0,0.0,0,19176.0
0.132925407,35,0,0.015730972,10615.0,4,0,0,0,2.0,0,3538.3333333333335
0.595889939,50,1,0.711229947,4300.0,12,0,1,0,0.0,1,4300.0
0.162251967,65,0,0.239595051,8000.0,9,0,1,0,0.0,0,8000.0
0.312303626,68,0,0.303077726,5750.0,7,0,2,0,0.0,0,5750.0
0,31,0,0.154734411,2164.0,9,0,0,0,0.0,0,2164.0
0,68,0,0.216445889,4000.0,6,0,1,0,0.0,0,4000.0
0.96823654,66,1,0.712076145,5042.0,11,0,2,0,0.0,1,5042.0
0.186900259,50,0,0.32629108,2555.0,9,0,0,0,2.0,0,851.6666666666666
0.112384863,81,1,3.747.048.186,9400.0,24,0,2,0,1.0,1,4700.0
0.023052806,46,0,0.479742173,4343.0,7,0,2,0,0.0,0,4343.0
0.641196013,35,0,0.149570086,5000.0,4,0,0,0,0.0,0,5000.0
0.9999999,39,0,0.074168333,5500.0,3,1,0,0,1.0,1,2750.0
0.130813701,70,0,0.133987239,10500.0,11,0,1,0,0.0,0,10500.0
0.022517968,54,0,0.218942485,12500.0,8,0,2,0,4.0,0,2500.0
0.013132458,55,0,0.003568879,1400.0,3,0,0,0,0.0,0,1400.0
0.55028434,45,0,0.112544955,4726.0,6,0,0,0,3.0,0,1181.5
0.470915576,65,0,0.406090707,7650.0,14,0,1,0,1.0,0,3825.0
0.029731495,65,1,0.26021884,7950.0,8,0,2,0,2.0,1,2650.0
0.002409856,72,0,0.458392649,7726.0,7,0,2,0,0.0,0,7726.0
0.2218542,47,0,0.283671633,10000.0,8,0,1,0,0.0,0,10000.0
0.03199383,56,0,0.193150394,4700.0,7,0,0,0,1.0,0,2350.0
0.898550725,46,2,0.738793937,3100.0,17,0,1,0,2.0,2,1033.3333333333333
0.072439519,64,0,0.163700655,17250.0,9,0,1,0,1.0,0,8625.0
0.272826837,63,0,0.322559147,3000.0,12,0,1,0,0.0,0,3000.0
0.138739907,61,0,0.601349831,4444.0,10,0,2,0,0.0,0,4444.0
0.014074992,66,0,0.000947269,3166.0,5,0,0,0,1.0,0,1583.0
0.9999999,41,0,0.375884343,3250.0,3,0,1,0,1.0,0,1625.0
0,33,1,1.253.790.006,1780.0,10,0,2,0,0.0,1,1780.0
0.805438912,30,0,0.430236931,2658.0,4,0,0,0,2.0,0,886.0
0.019394596,83,0,0.00359964,10000.0,6,0,0,0,0.0,0,10000.0
0.032126354,48,0,0.020280811,1922.0,2,0,0,0,0.0,0,1922.0
0.36214921,42,0,0.327556656,5250.0,11,0,1,0,0.0,0,5250.0
0.027751657,72,0,0.010964205,3100.0,8,0,0,0,1.0,0,1550.0
0.089391061,65,0,0.226485652,12300.0,6,0,1,0,0.0,0,12300.0
0.219173463,68,0,0.044424297,18750.0,9,0,0,0,2.0,0,6250.0
0.02142792,76,0,0.391288697,8333.0,4,0,2,0,1.0,0,4166.5
0.219618342,42,0,1.240.255.138,1410.0,14,0,2,0,0.0,0,1410.0
0,57,1,0.202398801,2000.0,6,0,0,0,0.0,1,2000.0
0.520748518,38,0,0.070322158,13750.0,5,0,0,0,0.0,0,13750.0
0.645303352,50,0,0.229661627,4166.0,9,0,0,0,0.0,0,4166.0
0.357431866,65,0,0.769152196,4894.0,16,0,1,0,0.0,0,4894.0
0.060414693,33,0,0.143792038,5500.0,10,0,0,0,0.0,0,5500.0
0.202524556,54,0,0.109615576,20133.0,8,0,1,0,0.0,0,20133.0
0.189487537,63,0,0.700480393,8950.0,15,0,2,0,0.0,0,8950.0
0.116776759,46,0,0.213675214,12518.0,15,0,1,0,4.0,0,2503.6
0.007007127,35,0,0.518029997,9400.0,20,0,2,0,3.0,0,2350.0
0.176383726,68,2,0.034321893,3000.0,3,0,0,0,1.0,2,1500.0
0.128196431,64,0,0.408899364,14000.0,34,0,4,0,0.0,0,14000.0
0.010196166,72,0,0.009788443,3166.0,14,0,0,0,0.0,0,3166.0
0.513481237,53,1,0.482903419,5000.0,8,0,1,0,0.0,1,5000.0
0.439973172,74,2,1.166.666.667,179.0,12,2,1,0,1.0,4,89.5
0.817530412,48,0,0.055576703,2626.0,2,0,0,0,0.0,0,2626.0
0.107368097,26,0,752,0.0,8,0,0,0,0.0,0,0.0
0.456176416,25,0,0.155098543,3500.0,10,0,0,0,1.0,0,1750.0
0.040129562,41,0,0.607064662,6850.0,8,0,2,0,0.0,0,6850.0
0.123587641,49,0,0.338559814,8609.0,5,0,2,0,3.0,0,2152.25
0.053252806,57,0,0.421182701,5664.0,16,0,2,0,2.0,0,1888.0
0.458182998,45,0,0.484093801,5500.0,15,0,1,0,1.0,0,2750.0
0.188900796,77,0,0.978505374,4000.0,18,0,2,0,0.0,0,4000.0
0.984040981,69,1,0.376235348,4350.0,7,1,0,0,1.0,2,2175.0
0.9999999,54,0,0.327922444,8870.0,7,0,2,0,2.0,0,2956.6666666666665
0.074324541,66,0,0.348330334,5000.0,7,0,1,0,0.0,0,5000.0
0.033332099,41,0,0.223296117,6000.0,6,0,2,0,1.0,0,3000.0
0.946736957,30,0,0.274005951,3696.0,12,0,0,0,0.0,0,3696.0
0.870394585,46,1,1.004.054.376,4192.0,9,0,4,0,3.0,1,1048.0
0.004753709,54,2,0.690268838,2640.0,10,0,1,0,2.0,2,880.0
0.100210661,48,0,0.263827235,8334.0,5,0,1,0,2.0,0,2778.0
0.139843418,50,0,0.415158484,10000.0,17,0,2,0,0.0,0,10000.0
0.53041546,31,0,0.77486911,4583.0,12,0,1,0,2.0,0,1527.6666666666667
0.275955518,32,0,0.016600641,5300.0,6,0,0,0,1.0,0,2650.0
0.9999999,32,0,0.149651621,3300.0,2,1,0,1,0.0,2,3300.0
0.044665099,57,1,0.569145667,3253.0,8,0,1,1,1.0,2,1626.5
0.9999999,41,0,0.492424242,5147.0,5,1,1,0,1.0,1,2573.5
0.307112859,43,1,1.334.665.335,1000.0,8,0,1,0,0.0,1,1000.0
1.009.477.437,59,0,0.085659528,12000.0,5,0,0,0,1.0,0,6000.0
0.048459763,37,0,0.174757282,4737.0,7,0,2,0,0.0,0,4737.0
0.41260347,39,0,0.472305539,5000.0,12,0,1,0,1.0,0,2500.0
0.164030219,63,0,0.26479411,3666.0,13,0,0,0,0.0,0,3666.0
0.308125795,30,0,0.38209266,1920.0,3,0,0,0,0.0,0,1920.0
0.404801425,56,0,0.038004622,110775.0,12,0,2,0,0.0,0,110775.0
0.195182925,65,0,0.089253838,2800.0,7,0,0,0,0.0,0,2800.0
0.228627764,51,1,0.195732768,13216.0,6,0,1,0,1.0,1,6608.0
0,77,0,0.040838259,3721.0,5,0,0,0,0.0,0,3721.0
0.004749921,58,1,0.28563067,3416.0,14,0,1,0,0.0,1,3416.0
0.675062488,51,1,0.183678382,4153.0,3,0,1,0,1.0,1,2076.5
0.020267798,29,0,0.012516185,2316.0,6,0,0,0,0.0,0,2316.0
0.65813111,46,0,0.102979404,5000.0,11,0,0,0,2.0,0,1666.6666666666667
0.019878231,74,0,0.00839832,1666.0,3,0,0,0,1.0,0,833.0
0.307876918,32,0,0.255795364,1250.0,7,0,0,0,0.0,0,1250.0
0.435946614,52,0,0.406299475,12000.0,14,0,2,0,0.0,0,12000.0
0.172515282,64,0,0.461830611,2632.0,5,0,1,0,0.0,0,2632.0
0,32,0,0.64113239,1200.0,4,0,0,0,2.0,0,400.0
0.268512043,48,0,0.384001419,11275.0,9,0,1,0,5.0,0,1879.1666666666667
0.572114263,49,0,0.306469353,10000.0,7,0,1,0,0.0,0,10000.0
0.999750062,46,3,0.855609034,2700.0,18,0,1,1,1.0,4,1350.0
0.30304367,27,0,0.279920023,3500.0,4,0,0,0,0.0,0,3500.0
0.66945704,38,1,0.327002477,3632.0,5,0,0,0,2.0,1,1210.6666666666667
0.9999999,50,2,0.140821459,2385.0,1,0,0,0,2.0,2,795.0
0.9999999,25,0,0.08119925,1600.0,1,0,0,0,1.0,0,800.0
0.125429152,55,0,0.476704659,5000.0,3,0,2,0,0.0,0,5000.0
0.261117989,38,0,0.491727588,2598.0,8,0,1,0,1.0,0,1299.0
0.014299796,73,0,0.177414502,9970.0,6,0,1,0,0.0,0,9970.0
0.060743256,54,0,0.502797762,1250.0,10,0,1,0,0.0,0,1250.0
0.302323256,64,0,0.020498907,13268.0,3,0,0,0,0.0,0,13268.0
0.978961943,66,0,0.321805146,4741.0,5,0,0,0,0.0,0,4741.0
0.321647688,54,0,0.318588469,8047.0,16,0,2,0,0.0,0,8047.0
0.9999999,40,0,0,4500.0,2,1,0,0,1.0,1,2250.0
0.617842876,36,0,0.01332889,3000.0,2,0,0,0,0.0,0,3000.0
0.098473413,67,0,0.562926596,8350.0,26,0,4,0,0.0,0,8350.0
0.95050495,50,0,0.199569082,7425.0,4,0,2,0,1.0,0,3712.5
0.239520958,22,0,0.064935065,1000.0,3,0,0,0,0.0,0,1000.0
0.00219279,62,0,0.082520178,8300.0,4,0,1,0,2.0,0,2766.6666666666665
0.012492117,65,1,0.147314011,5416.0,6,0,1,0,0.0,1,5416.0
0.00859828,90,0,0.000445236,2245.0,6,0,0,0,0.0,0,2245.0
0.024306624,56,0,0.166510465,3200.0,6,0,0,0,1.0,0,1600.0
0.191113374,67,0,0.684157921,2000.0,8,0,1,0,1.0,0,1000.0
0.066779853,30,0,0.330910935,5916.0,6,0,2,0,0.0,0,5916.0
0.468818992,50,0,0.674341804,10900.0,12,0,3,0,1.0,0,5450.0
0.049428816,42,0,0.23611752,6500.0,13,0,1,0,3.0,0,1625.0
0.368375946,35,0,0.33632287,3344.0,6,0,1,0,3.0,0,836.0
0.17668672,32,0,0.342393002,3200.0,10,0,0,0,0.0,0,3200.0
1.000.714.184,31,0,0.594669628,1800.0,6,0,0,0,1.0,0,900.0
0.3519753,67,0,1.320.956.801,2800.0,9,0,2,0,0.0,0,2800.0
0.048662122,64,0,0.017330445,6000.0,9,0,0,0,0.0,0,6000.0
0.001499942,56,0,0.107563745,9333.0,7,0,1,0,0.0,0,9333.0
0.36067675,53,3,0.039794294,24500.0,7,0,0,0,0.0,3,24500.0
0,33,0,0.262358023,6250.0,5,0,2,0,2.0,0,2083.3333333333335
0.089438105,61,0,0.19405373,15000.0,11,0,1,0,1.0,0,7500.0
0.362733914,44,0,0.925522252,2201.0,5,0,1,0,1.0,0,1100.5
0.145503096,61,0,0.02584155,2940.0,3,0,0,0,2.0,0,980.0
0.060029011,67,0,0.144171166,5000.0,5,0,0,0,1.0,0,2500.0
0,72,0,0.087824351,500.0,5,0,0,0,0.0,0,500.0
0.325713625,42,0,0.301933108,9776.0,15,0,4,0,2.0,0,3258.6666666666665
0.009467631,71,0,0.238921306,6340.0,15,0,2,0,0.0,0,6340.0
0.580252057,56,0,0.311493527,6333.0,8,0,1,0,0.0,0,6333.0
0.410562181,32,0,0.114577085,3333.0,4,0,0,0,0.0,0,3333.0
0.222108266,59,0,0.18062281,25400.0,10,0,1,0,1.0,0,12700.0
0.149566087,54,0,0.42582897,4583.0,6,0,1,0,0.0,0,4583.0
0.934637712,40,0,0.075194621,5651.0,5,1,0,0,3.0,1,1412.75
0.469550991,33,0,2624,0.0,9,0,2,0,1.0,0,0.0
0,43,0,0.476304739,5000.0,7,0,0,0,0.0,0,5000.0
0.797843862,64,4,0.529258652,10372.0,28,0,1,0,0.0,4,10372.0
0.881941204,47,0,0.586715867,1625.0,6,1,0,0,0.0,1,1625.0
0.926720168,52,0,0.553620384,6200.0,9,0,1,0,2.0,0,2066.6666666666665
0.844311377,40,0,0.235640648,2715.0,3,0,1,0,0.0,0,2715.0
0.9999999,38,0,0.005560928,4135.0,0,0,0,0,0.0,0,4135.0
0.026571029,49,0,0.385124697,4530.0,10,0,2,0,1.0,0,2265.0
0.252613033,48,0,0.507141657,5950.0,8,0,1,0,2.0,0,1983.3333333333333
0.153053582,48,0,0.289018346,11500.0,10,0,1,0,3.0,0,2875.0
0.9999999,38,0,0.668779715,1892.0,4,0,1,0,2.0,0,630.6666666666666
0.241576132,59,0,0.381699087,5037.0,9,0,1,0,1.0,0,2518.5
0.016475406,63,0,0.235809524,5249.0,5,0,1,0,3.0,0,1312.25
0.973782772,36,0,0.073856975,852.0,2,1,0,0,0.0,1,852.0
0.562983915,59,0,0.274787535,6000.0,10,0,0,0,0.0,0,6000.0
0.29722828,53,0,0.236157271,15946.0,9,0,2,0,1.0,0,7973.0
0.001970126,80,0,0.089761723,9190.0,8,0,1,0,0.0,0,9190.0
0.305222241,34,0,0.257254806,8166.0,10,0,2,0,0.0,0,8166.0
0.093321193,53,0,0.286871313,10000.0,13,0,2,0,2.0,0,3333.3333333333335
0.036107639,42,0,0.079873569,11705.0,12,0,1,0,4.0,0,2341.0
0.032133522,54,0,0.104458299,8500.0,6,0,1,0,2.0,0,2833.3333333333335
0.003999529,77,0,0.249406176,7577.0,9,0,1,0,0.0,0,7577.0
0.553630913,22,0,0.025806452,929.0,2,0,0,0,0.0,0,929.0
0.063354996,52,0,0.162602877,13000.0,14,0,1,0,3.0,0,3250.0
0,42,0,0.247298055,12490.0,11,0,3,0,4.0,0,2498.0
0,25,0,0,0.0,1,0,0,0,0.0,0,0.0
0.044422601,58,0,0.054553358,4600.0,5,0,0,0,0.0,0,4600.0
0.423992,42,0,1657,0.0,6,0,0,0,0.0,0,0.0
0.073123172,33,0,0.216405216,5290.0,9,0,0,0,0.0,0,5290.0
0.000416658,53,0,0.16111984,7000.0,15,0,1,0,1.0,0,3500.0
0.029070503,28,0,0.183405462,6700.0,8,0,0,0,1.0,0,3350.0
0.580667906,33,0,0.125374925,5000.0,4,0,0,0,0.0,0,5000.0
0.086488968,33,0,0.072150892,8800.0,8,0,0,0,0.0,0,8800.0
0.012893954,58,0,0.138893055,13333.0,9,0,1,0,0.0,0,13333.0
0.217260913,66,0,0.622216534,3906.0,7,0,2,0,0.0,0,3906.0
0.173784093,55,0,0.196142489,15916.0,14,0,3,0,0.0,0,15916.0
0.049119555,33,0,0.102355072,5519.0,3,0,0,0,0.0,0,5519.0
0.35440308,53,1,0.545619816,8800.0,31,0,3,1,3.0,2,2200.0
0.660226516,35,1,0.237254249,3000.0,3,0,0,1,5.0,2,500.0
0.187320845,35,0,0.670316591,4200.0,5,0,1,0,0.0,0,4200.0
0.380892728,43,0,"0,059722222",4899.0,7,0,2,0,2.0,0,1633.0
1.101.544.273,48,1,0.184891486,9583.0,8,0,0,1,4.0,2,1916.6
0.511468187,65,0,0.404897135,7922.0,6,0,2,0,0.0,0,7922.0
0.163675596,59,1,0.675572519,1833.0,8,0,1,0,0.0,1,1833.0
0.9999999,47,0,0.346636674,13780.0,5,0,3,0,3.0,0,3445.0
0.060141028,69,0,0.017633574,5670.0,8,0,0,0,0.0,0,5670.0
0.144173824,61,0,0.347386172,11266.0,17,0,2,0,3.0,0,2816.5
0.177444454,56,0,0.076274818,7000.0,10,0,0,0,1.0,0,3500.0
0.216247249,48,0,0.303354747,1400.0,7,0,1,0,0.0,0,1400.0
0.129431508,37,0,0.45786918,3500.0,10,0,2,0,0.0,0,3500.0
0,25,0,0,5000.0,1,0,0,0,0.0,0,5000.0
0.9999999,31,1,0.643921192,2080.0,2,4,1,1,2.0,6,693.3333333333334
0.9999999,39,3,0.112225335,6780.0,5,0,0,0,0.0,3,6780.0
0.411524651,55,1,0.443592677,8739.0,7,0,2,0,0.0,1,8739.0
0.119725753,30,0,0.326168458,4000.0,8,0,1,0,0.0,0,4000.0
0.302100888,46,0,0.042679633,1850.0,6,0,0,0,0.0,0,1850.0
0.868867913,51,0,0.156342183,20000.0,16,0,1,0,0.0,0,20000.0
0.018289352,71,0,0.103251318,4551.0,5,0,0,0,0.0,0,4551.0
0.75128109,38,3,0.701099633,3000.0,7,1,1,1,2.0,5,1000.0
0.511124553,51,0,0.511496656,4783.0,10,0,2,0,2.0,0,1594.3333333333333
0.684520563,47,1,0.418051576,13959.0,6,1,2,0,2.0,2,4653.0
0.010181561,74,0,0.006856163,7000.0,13,0,0,0,0.0,0,7000.0
0.002336405,72,0,0.21563786,4859.0,11,0,0,0,0.0,0,4859.0
0.840902599,34,0,0.193944587,3500.0,5,0,0,0,0.0,0,3500.0
0.946978196,34,0,0.335438375,9500.0,12,0,2,0,2.0,0,3166.6666666666665
0,61,0,0.146097655,2600.0,3,0,0,0,0.0,0,2600.0
0.001103273,42,0,0.00019996,5000.0,4,0,0,0,0.0,0,5000.0
0.045706338,35,0,0.283920989,5416.0,10,0,2,0,0.0,0,5416.0
0.837628593,26,0,0.68591737,2250.0,5,0,0,0,0.0,0,2250.0
0.035793483,68,0,0.270745851,5000.0,7,0,2,0,0.0,0,5000.0
0.778454047,66,0,0.554910243,1893.0,10,0,1,0,1.0,0,946.5
0.471444302,48,0,0.056433409,8416.0,2,0,0,0,0.0,0,8416.0
0.044865919,63,0,0.11966871,15333.0,4,0,1,0,0.0,0,15333.0
1.141.430.948,44,0,0.008283348,3500.0,2,4,0,0,3.0,4,875.0
0.388370424,62,2,0.361531039,3108.0,7,0,1,1,0.0,3,3108.0
0.000296274,30,1,0,3405.0,1,0,0,0,0.0,1,3405.0
0.052588964,80,0,0.010026385,3789.0,8,0,0,0,0.0,0,3789.0
0.391172631,42,0,0.508839293,12500.0,10,0,2,0,2.0,0,4166.666666666667
0.114691625,60,0,0.790067179,4167.0,14,0,2,0,1.0,0,2083.5
0.448423953,33,0,0.717329813,5302.0,20,0,1,0,3.0,0,1325.5
0.9999999,22,0,0.991452991,350.0,1,0,0,0,0.0,0,350.0
0.21652255,46,0,0.352689094,9333.0,9,0,2,0,1.0,0,4666.5
0.183821859,30,0,0.176637701,5983.0,5,0,2,0,1.0,0,2991.5
0.9999999,43,0,0.098250336,5200.0,2,0,0,1,1.0,1,2600.0
0.006214064,46,0,0.214078592,10000.0,9,0,2,0,2.0,0,3333.3333333333335
0.83904653,37,1,0.505014039,4985.0,7,1,1,0,0.0,2,4985.0
0.028368392,46,0,0.014746313,4000.0,5,0,0,0,0.0,0,4000.0
0.03265084,57,0,0.754591637,5117.0,8,0,4,0,0.0,0,5117.0
0.520022856,49,0,0.770046929,4900.0,10,0,1,0,2.0,0,1633.3333333333333
0.308138372,31,0,0.058775676,4916.0,3,0,0,0,0.0,0,4916.0
0.937856455,52,2,0.709525132,3600.0,10,0,2,2,0.0,4,3600.0
0.263898888,57,0,0.216472073,6337.0,4,0,2,0,0.0,0,6337.0
0.155174502,75,0,0.765661253,1292.0,10,0,1,0,0.0,0,1292.0
0.060171297,78,0,0.011425307,3500.0,4,0,0,0,1.0,0,1750.0
0.047265613,38,0,2.095.808.383,500.0,7,0,1,0,0.0,0,500.0
0.016344221,41,0,0.006493506,2771.0,5,0,0,0,4.0,0,554.2
0.008614722,57,0,0.111098767,9000.0,3,0,1,0,0.0,0,9000.0
0.042456694,62,0,0.050863724,2083.0,14,0,0,0,0.0,0,2083.0
0.879725588,47,1,0.076389815,7500.0,19,0,0,1,2.0,2,2500.0
0.00179982,63,0,0.077929716,6800.0,3,0,1,0,0.0,0,6800.0
0.120023783,46,0,0.573004654,5800.0,8,0,2,0,0.0,0,5800.0
0.558127477,53,0,0.438880349,12360.0,10,0,3,0,2.0,0,4120.0
0.186559958,58,0,0.310093652,5765.0,7,0,2,0,0.0,0,5765.0
0.137876387,61,0,0.243689078,4000.0,6,0,0,0,0.0,0,4000.0
0.397859424,56,0,0.591640836,10000.0,18,0,2,0,0.0,0,10000.0
0.986602679,27,0,0.106865141,4500.0,4,0,0,0,0.0,0,4500.0
0.167740502,39,0,0.364211929,3000.0,3,0,1,0,1.0,0,1500.0
0.167067451,49,0,1936,0.0,4,0,1,0,0.0,0,0.0
0.103290843,53,1,0.101199874,6333.0,10,0,1,0,0.0,1,6333.0
0.061785038,58,1,0.408474173,4200.0,27,0,1,0,2.0,1,1400.0
0.060630798,54,0,0.611064387,10700.0,10,0,4,0,1.0,0,5350.0
0,73,0,0.06784745,7000.0,6,0,1,0,1.0,0,3500.0
0.166822531,71,0,1.056.028.369,1409.0,15,0,0,0,0.0,0,1409.0
0.99440112,64,2,0.546542235,4178.0,4,1,0,1,3.0,4,1044.5
0.036053553,51,0,0.14519274,6666.0,4,0,2,0,0.0,0,6666.0
0.073679943,49,0,0.335686053,10625.0,12,0,1,0,2.0,0,3541.6666666666665
0.9999999,35,0,0.254950971,5200.0,2,0,1,0,2.0,0,1733.3333333333333
0.230043553,72,0,0.811729548,2676.0,12,0,1,0,0.0,0,2676.0
0,27,1,0.248500428,3500.0,3,2,0,1,0.0,4,3500.0
0.159675807,39,0,0.416511927,7000.0,11,0,2,0,0.0,0,7000.0
0.828320607,90,1,0.470447284,2503.0,7,0,0,0,0.0,1,2503.0
0.401704653,52,0,0.892573901,4160.0,9,0,2,0,0.0,0,4160.0
0.834604304,32,1,0.205529473,1916.0,5,0,0,0,0.0,1,1916.0
0.179662206,69,0,0.137880313,12916.0,9,0,0,0,0.0,0,12916.0
0.314478454,53,0,0.387861214,10000.0,17,0,3,0,1.0,0,5000.0
0.003774072,48,0,0.448367443,6400.0,8,0,1,0,1.0,0,3200.0
0.105657887,50,0,0.293395022,6267.0,4,0,2,0,0.0,0,6267.0
0.012472896,48,0,0.262912363,3000.0,5,0,0,0,0.0,0,3000.0
0.045133102,45,0,0.039594241,3055.0,3,0,0,0,0.0,0,3055.0
0.043216452,57,0,0.465586192,4750.0,9,0,1,0,2.0,0,1583.3333333333333
0.404013244,49,0,0.731653669,5000.0,5,0,1,0,2.0,0,1666.6666666666667
0.427091044,26,0,0.191813422,2100.0,5,0,0,0,1.0,0,1050.0
0.054484158,53,0,0.008779631,6833.0,4,0,0,0,0.0,0,6833.0
0.316215227,48,0,0.230221994,11666.0,5,0,2,0,0.0,0,11666.0
0.210820896,57,0,0.525115207,4339.0,3,0,1,0,0.0,0,4339.0
0.002122881,61,0,0.378457447,7519.0,19,0,2,0,0.0,0,7519.0
1.009.230.396,41,1,0.312882047,4416.0,10,0,0,0,0.0,1,4416.0
0.014796866,56,0,0.25956087,9700.0,8,0,1,0,1.0,0,4850.0
1.189.009.159,36,0,0.035491127,8001.0,2,0,0,1,5.0,1,1333.5
0.146119239,50,0,0.238359762,9900.0,12,0,2,0,0.0,0,9900.0
0.307878752,77,0,0.50539928,7500.0,20,0,3,0,1.0,0,3750.0
0.301521842,60,0,0.241298397,12784.0,16,0,1,0,1.0,0,6392.0
1.472.351.765,36,0,0.187415557,5180.0,4,2,0,0,3.0,2,1295.0
0.9999999,59,0,0,1109.0,1,0,0,0,0.0,0,1109.0
0.9999999,26,0,0.020989505,2000.0,0,1,0,0,0.0,1,2000.0
0.193951543,62,0,0.27908039,6567.0,9,0,2,0,0.0,0,6567.0
0.9999999,64,0,2.574.561.404,911.0,4,0,1,0,0.0,0,911.0
0,64,0,0.105089711,5461.0,9,0,1,0,0.0,0,5461.0
0.370015909,50,0,0.170471588,6000.0,6,0,0,0,4.0,0,1200.0
0.359988158,39,1,0.910294746,2340.0,8,0,1,0,0.0,1,2340.0
0.081444165,38,0,0.178266178,13103.0,10,0,1,0,2.0,0,4367.666666666667
0.195832738,49,0,0.239621866,7298.0,13,0,2,0,0.0,0,7298.0
0.038232835,36,0,0.402393266,9860.0,12,0,1,0,3.0,0,2465.0
0.052350095,63,0,0.022036609,5626.0,6,0,0,0,1.0,0,2813.0
0.066796498,77,0,0.348330334,5000.0,12,0,1,0,0.0,0,5000.0
0,51,0,0.384953322,3641.0,11,0,1,0,2.0,0,1213.6666666666667
0.061797528,65,0,0.503498834,3000.0,4,0,2,0,0.0,0,3000.0
0.437416798,49,0,0.071374679,6626.0,6,0,0,0,1.0,0,3313.0
0.105894106,23,0,0.00206754,1450.0,1,0,0,0,0.0,0,1450.0
0.9999999,42,0,0.065733567,4000.0,1,0,0,0,1.0,0,2000.0
0.050699962,41,0,0.484628843,4000.0,7,0,2,0,0.0,0,4000.0
0.143053533,50,1,1.055.788.455,3100.0,27,0,3,0,2.0,1,1033.3333333333333
0.291563338,59,0,0.584707646,2000.0,13,0,0,0,0.0,0,2000.0
0.113094422,56,0,0.377623054,10340.0,14,0,2,0,1.0,0,5170.0
0.574322369,32,0,0.460269865,2000.0,8,0,0,0,1.0,0,1000.0
0.869420386,27,0,0.01875,2079.0,1,0,0,0,0.0,0,2079.0
0.890293426,54,2,0.170342124,37500.0,8,0,2,0,3.0,2,9375.0
0.008827464,53,0,0.101283572,9270.0,12,0,1,0,2.0,0,3090.0
0.03552937,25,0,0.0009998,5000.0,2,0,0,0,0.0,0,5000.0
0.670289226,50,0,1.520.386.717,2378.0,7,0,2,0,2.0,0,792.6666666666666
0.760345836,55,1,0.149838122,9883.0,9,0,0,0,0.0,1,9883.0
0.376703497,72,0,0.397447183,4543.0,10,0,3,0,0.0,0,4543.0
0.876207039,46,2,0.45320347,6570.0,9,0,1,0,2.0,2,2190.0
0.483047197,40,0,0.389624426,3700.0,11,0,0,0,2.0,0,1233.3333333333333
0.281735363,32,0,0.100185529,4850.0,7,0,0,0,2.0,0,1616.6666666666667
0.162245944,42,0,0.198641577,8980.0,8,0,1,0,3.0,0,2245.0
0.038539774,29,0,0.026347791,4933.0,7,0,0,0,0.0,0,4933.0
0.32593701,35,0,0.289283253,5803.0,10,0,0,0,0.0,0,5803.0
0.9999999,48,0,0.367262285,3133.0,4,1,0,0,3.0,1,783.25
0.169546531,37,0,0.088582284,5000.0,3,0,0,0,0.0,0,5000.0
0.237110923,61,0,0.119703776,8236.0,15,0,0,0,1.0,0,4118.0
0.504161642,52,1,0.741303479,2500.0,8,0,0,0,5.0,1,416.6666666666667
0.039651071,64,0,0.121457748,15667.0,6,0,1,0,0.0,0,15667.0
0.021543496,95,0,0.000999857,7000.0,7,0,0,0,0.0,0,7000.0
0.018219496,34,0,0.786038902,5500.0,14,0,1,0,2.0,0,1833.3333333333333
0.060228512,47,0,0.372934497,11800.0,10,0,3,0,3.0,0,2950.0
0.009714087,40,0,0.45272803,2400.0,13,0,1,0,1.0,0,1200.0
0.833025036,74,0,0.574450085,4727.0,8,0,2,0,0.0,0,4727.0
0.144400464,54,0,0.496739333,5366.0,10,0,2,0,0.0,0,5366.0
0.017107747,48,0,0.355212355,6215.0,6,0,1,0,3.0,0,1553.75
0.054071979,57,0,0.022743947,6814.0,8,0,0,0,0.0,0,6814.0
0.000670816,92,0,0.000384468,2600.0,4,0,0,0,0.0,0,2600.0
0.398035423,55,0,0.421275009,8046.0,9,0,2,0,3.0,0,2011.5
0.311539364,60,0,0.352778291,10833.0,18,0,1,0,2.0,0,3611.0
0.568245125,53,1,0.271842034,3696.0,12,0,1,0,0.0,1,3696.0
0.140305542,50,0,0.368545294,10166.0,16,0,1,0,2.0,0,3388.6666666666665
0.30738523,27,0,0.002405774,3740.0,2,0,0,0,0.0,0,3740.0
0,40,0,3205.05.00,1.0,5,0,2,0,0.0,0,1.0
1.015.058.427,59,0,0.083972009,3000.0,1,0,0,0,1.0,0,1500.0
0.011408047,66,0,0.002285497,10500.0,13,0,0,0,0.0,0,10500.0
0.225214856,81,0,0.148388129,12500.0,15,0,1,0,0.0,0,12500.0
0.080381602,30,2,0.40539865,4000.0,15,0,1,0,0.0,2,4000.0
0.934095902,50,0,0.253679654,6929.0,7,0,0,0,2.0,0,2309.6666666666665
0.185743504,60,0,0.468600394,3550.0,11,0,1,0,0.0,0,3550.0
0.886535552,36,0,0.008602891,2905.0,2,0,0,0,2.0,0,968.3333333333334
0.715308227,49,0,0.705622646,7700.0,7,0,2,0,0.0,0,7700.0
0.046772308,41,0,0.531617096,4000.0,7,0,2,0,2.0,0,1333.3333333333333
0.470618791,61,1,0.377498572,1750.0,8,0,0,0,0.0,1,1750.0
0.016672274,38,0,0.478914558,5453.0,4,0,1,0,1.0,0,2726.5
0.945005499,58,0,0.595653913,7500.0,11,0,2,0,1.0,0,3750.0
0,31,0,0.204950816,9250.0,12,0,2,0,0.0,0,9250.0
0.139595347,48,0,0.016664445,7500.0,2,0,0,0,0.0,0,7500.0
0.754400286,34,0,0.311614372,7903.0,13,0,1,0,1.0,0,3951.5
0.02639868,56,0,1.050.985.433,2333.0,14,0,1,0,2.0,0,777.6666666666666
0.071934033,63,0,0.459479777,6650.0,20,0,1,0,1.0,0,3325.0
0.598267821,40,0,0.064497385,3441.0,6,0,0,0,0.0,0,3441.0
0.053067136,39,1,0.795585839,6750.0,7,0,2,0,2.0,1,2250.0
0.145784132,60,3,0.225803839,12346.0,12,0,2,0,1.0,3,6173.0
0.008000901,41,0,1.490.339.773,1500.0,38,0,1,0,0.0,0,1500.0
0.101953214,48,0,0.664159223,6380.0,13,0,4,0,0.0,0,6380.0
0.694893812,63,0,0.252911422,8500.0,11,0,1,0,0.0,0,8500.0
0.9999999,63,0,0,4251.0,2,0,0,0,1.0,0,2125.5
0.095422341,34,0,0.45410628,6416.0,8,0,2,0,3.0,0,1604.0
0.948803393,25,0,0.21530554,1750.0,10,0,0,0,0.0,0,1750.0
0.546307319,46,1,0.473582547,8800.0,5,0,1,0,1.0,1,4400.0
0.828085957,50,3,0.038971638,4900.0,7,0,0,3,0.0,6,4900.0
0.255906296,46,0,0.917950854,2400.0,13,0,2,0,1.0,0,1200.0
0.003866409,71,0,1,0.0,3,0,0,0,0.0,0,0.0
0.001582631,97,0,0.001998668,1500.0,15,0,0,1,0.0,1,1500.0
0.902301488,78,0,1.346.049.046,1100.0,13,0,0,0,0.0,0,1100.0
0.016136431,78,0,0.085991401,10000.0,20,0,0,0,1.0,0,5000.0
0.84229022,54,0,0.756276383,4500.0,5,0,1,0,0.0,0,4500.0
0.891452875,30,0,0.419616077,3333.0,8,0,0,0,0.0,0,3333.0
0.047724174,66,0,0.75812094,2000.0,11,0,1,0,1.0,0,1000.0
0.242587871,58,0,0.959053103,3125.0,7,0,3,0,0.0,0,3125.0
0.829268293,28,0,0.186750428,1750.0,3,0,0,0,0.0,0,1750.0
0.246438926,36,0,0.441376027,8400.0,12,0,4,0,2.0,0,2800.0
0.959505062,35,0,0.362751633,7500.0,6,0,1,0,2.0,0,2500.0
0.987872177,64,0,0.280057595,12500.0,8,0,0,0,2.0,0,4166.666666666667
0.031414049,74,0,0.001979129,5557.0,6,0,0,0,0.0,0,5557.0
0.009219972,71,0,0.002502085,4795.0,3,0,0,0,0.0,0,4795.0
0.0279725,67,1,0.246207833,8833.0,13,0,1,0,0.0,1,8833.0
0.317233689,50,1,0.55134347,4800.0,11,0,1,0,1.0,1,2400.0
0.930125868,37,3,0.599075297,9083.0,12,0,2,0,2.0,3,3027.6666666666665
0.999917403,39,0,1.300.131.637,2278.0,6,0,1,0,3.0,0,569.5
0.973947767,31,0,0.548359052,4600.0,11,0,2,0,2.0,0,1533.3333333333333
0.007560853,69,0,0.199568168,3241.0,9,0,1,0,0.0,0,3241.0
0.395596,63,0,0.542012338,4700.0,16,0,2,0,1.0,0,2350.0
0.110720172,54,0,0.134628117,4530.0,7,0,0,0,0.0,0,4530.0
0.035670256,62,0,0.427674963,9401.0,9,0,4,0,0.0,0,9401.0
0.9999999,29,0,0.120722799,2600.0,1,1,0,0,0.0,1,2600.0
0.425285803,60,0,0.260734287,11248.0,8,0,2,0,0.0,0,11248.0
0.154077273,55,0,0.313159101,2180.0,6,0,2,0,1.0,0,1090.0
0.040844519,52,0,0.361311323,4300.0,10,0,1,0,0.0,0,4300.0
0.282649067,47,1,0.109920334,10543.0,11,0,0,0,2.0,1,3514.3333333333335
0.490258427,49,0,0.403839904,40000.0,24,0,6,0,4.0,0,8000.0
0.346365363,32,0,0.447090541,4450.0,6,0,2,0,1.0,0,2225.0
0.286738053,29,0,1.173.547.401,2615.0,4,0,1,0,0.0,0,2615.0
0.261978058,58,0,0.145967258,35000.0,11,0,2,0,2.0,0,11666.666666666666
0.001518949,49,0,0.269297737,6891.0,5,0,1,0,1.0,0,3445.5
0.127892239,65,0,0.965847564,2400.0,11,0,2,0,0.0,0,2400.0
0.01030976,32,0,0.34487683,2800.0,11,0,1,0,0.0,0,2800.0
0.400630101,69,0,0.350963628,6900.0,12,0,1,0,0.0,0,6900.0
0.9999999,24,1,0.148243359,3500.0,2,1,0,0,0.0,2,3500.0
0.745823566,53,0,0.649481865,3859.0,9,0,3,0,0.0,0,3859.0
0.120528305,43,0,0.3547527,7500.0,9,0,2,0,1.0,0,3750.0
0.024341354,66,0,0.381280936,6666.0,12,0,2,0,0.0,0,6666.0
0.88401808,60,0,0.633985515,9250.0,11,0,1,0,0.0,0,9250.0
0.9500998,29,0,0.220311875,2500.0,5,0,0,0,0.0,0,2500.0
0.16479176,57,0,0.016208394,6909.0,2,0,0,0,0.0,0,6909.0
0.053589282,42,1,0.205948513,4000.0,6,0,2,0,1.0,1,2000.0
0,46,0,0,4100.0,6,0,0,0,1.0,0,2050.0
0.627086244,44,0,0.753723111,3625.0,8,0,2,0,3.0,0,906.25
0.051973701,53,0,75,0.0,7,0,0,0,2.0,0,0.0
0.276597264,39,0,0.347141087,5648.0,7,0,1,0,2.0,0,1882.6666666666667
0.148765416,28,0,0.162152897,2916.0,9,0,0,0,0.0,0,2916.0
0.303422692,47,0,0.492972232,5833.0,26,0,1,0,0.0,0,5833.0
0.023602693,61,0,0.071246438,6666.0,8,0,1,0,0.0,0,6666.0
0,66,1,0.443941504,2871.0,11,0,1,0,0.0,1,2871.0
0.517587207,70,0,0.157127893,10500.0,11,0,0,0,1.0,0,5250.0
0.16386523,74,0,0.380764026,9606.0,10,0,2,0,0.0,0,9606.0
0.047257302,57,0,0.253921738,5800.0,8,0,2,0,0.0,0,5800.0
0.369666342,48,0,0.197353245,16472.0,10,0,1,0,2.0,0,5490.666666666667
0.000240732,51,0,0.33798694,8881.0,14,0,2,0,0.0,0,8881.0
0.688830943,56,2,0.866957105,2983.0,4,0,1,0,0.0,2,2983.0
0.675324675,28,1,0.107040092,5212.0,3,0,0,0,3.0,1,1303.0
0.24207429,62,0,0.187903618,14400.0,10,0,3,1,2.0,1,4800.0
0.822431464,28,0,0.243804956,1250.0,4,0,0,0,0.0,0,1250.0
0.11617265,64,0,0.075934301,4200.0,5,0,0,0,1.0,0,2100.0
0.58126298,51,1,0.326366079,6697.0,7,0,1,0,1.0,1,3348.5
0.031697891,59,0,0.005581297,9495.0,9,0,0,0,0.0,0,9495.0
0.086490724,86,0,0.037951438,4900.0,10,0,0,0,1.0,0,2450.0
0.060899693,70,0,0.023068051,4334.0,5,0,0,0,0.0,0,4334.0
0,80,0,0,3875.0,2,0,0,0,0.0,0,3875.0
0.558882321,49,0,0.487111699,9077.0,18,0,1,0,3.0,0,2269.25
0.060656276,53,0,0.404519096,5000.0,10,0,3,0,3.0,0,1250.0
0.025207449,55,0,0.228270187,11665.0,13,0,2,0,0.0,0,11665.0
0.00109081,37,0,0.165398275,7883.0,11,0,2,0,0.0,0,7883.0
0,36,0,2.035.688.794,1400.0,4,0,1,0,0.0,0,1400.0
0.163037489,81,0,0.086482558,2751.0,7,0,0,0,1.0,0,1375.5
0,53,1,0.277144064,7100.0,8,0,2,0,0.0,1,7100.0
0.003423011,34,0,0.079365079,5480.0,5,0,0,0,0.0,0,5480.0
0.073238535,59,0,0.232980549,13983.0,10,0,1,0,1.0,0,6991.5
0.467272451,38,0,0.564731734,5460.0,9,0,2,0,2.0,0,1820.0
0.999946817,41,3,0.504279658,12500.0,6,3,1,1,0.0,7,12500.0
0.684430512,34,0,0.143841912,2175.0,4,4,0,0,3.0,4,543.75
0.023869193,45,1,0.19010055,18000.0,16,0,1,0,2.0,1,6000.0
0,45,0,0.735816454,10416.0,11,0,4,0,1.0,0,5208.0
0.937306269,47,0,0.229874191,13750.0,4,0,3,0,2.0,0,4583.333333333333
0.085418117,69,0,0.169429098,3800.0,6,0,1,0,1.0,0,1900.0
0.5694119,42,0,0.420688933,9550.0,17,0,3,0,1.0,0,4775.0
0.588238457,40,1,0.472623393,6300.0,9,1,2,0,5.0,2,1050.0
0.027276015,78,0,0.001349966,40000.0,6,0,0,0,0.0,0,40000.0
0.038576181,67,0,0.014044275,4200.0,3,0,0,0,0.0,0,4200.0
0.231914631,34,0,0.254478793,12000.0,6,0,2,0,2.0,0,4000.0
0.025115695,66,0,0.256467207,7653.0,5,0,2,0,3.0,0,1913.25
0.775293873,65,0,0.597106223,8500.0,10,0,2,0,2.0,0,2833.3333333333335
0.924849621,39,0,0.415500538,1857.0,5,0,0,0,1.0,0,928.5
0.501441092,31,0,0.131147541,2500.0,4,0,0,0,0.0,0,2500.0
0.168290202,63,0,0.129833474,7085.0,7,0,1,0,1.0,0,3542.5
0.015157818,67,0,0.003221864,9000.0,6,0,0,0,1.0,0,4500.0
0.241061902,32,0,0.171637249,4928.0,5,0,0,0,2.0,0,1642.6666666666667
0.747101941,49,0,0.310512367,13583.0,10,0,2,0,3.0,0,3395.75
0,65,1,0.28884652,4195.0,18,0,1,0,0.0,1,4195.0
0.155877819,59,1,0.430525227,8700.0,7,0,2,0,0.0,1,8700.0
0.059235911,29,0,0.344609232,6000.0,8,0,1,0,0.0,0,6000.0
0.9999999,43,0,0.191003213,2800.0,3,0,0,0,2.0,0,933.3333333333334
1.000.135.117,58,0,0.287234043,1409.0,8,0,0,0,2.0,0,469.6666666666667
0.011402842,41,1,0.450093205,5900.0,7,0,2,0,2.0,1,1966.6666666666667
0.324655331,56,0,0.340049342,7295.0,11,0,2,0,0.0,0,7295.0
0.103458673,64,0,0.671744823,4200.0,13,0,1,0,1.0,0,2100.0
0.580443611,28,0,0.242774566,1210.0,2,0,0,0,0.0,0,1210.0
0.085057184,40,0,0.432565395,8333.0,9,0,2,0,0.0,0,8333.0
0.210737923,51,0,0.094823416,6200.0,5,0,0,0,2.0,0,2066.6666666666665
0.066088339,78,0,0.068859442,4225.0,2,0,0,0,2.0,0,1408.3333333333333
0.538626025,37,0,0.379023018,9600.0,9,0,2,0,0.0,0,9600.0
0.041364067,41,0,0.037965401,30000.0,6,0,1,0,2.0,0,10000.0
0.97005988,36,1,0.154422789,2000.0,4,0,0,0,2.0,1,666.6666666666666
0.860605576,57,1,614.071.607,1200.0,15,0,4,0,0.0,1,1200.0
0.41331057,50,0,0.406098635,9083.0,11,0,0,0,1.0,0,4541.5
0.157983845,34,0,1245,0.0,6,0,0,0,2.0,0,0.0
0.031656115,28,0,0.231896935,2250.0,6,0,0,0,0.0,0,2250.0
0.129445536,75,0,0.327733613,6666.0,10,0,1,0,1.0,0,3333.0
0.001799246,61,1,0.394905975,4200.0,7,0,1,0,0.0,1,4200.0
0.9999999,59,1,0.506425512,2100.0,1,0,1,0,0.0,1,2100.0
0.900016664,31,0,0.388383046,3184.0,5,0,1,0,4.0,0,636.8
0.004717828,45,0,0.000498952,10020.0,4,0,0,0,3.0,0,2505.0
0.052044894,86,0,0.012688822,6619.0,10,0,0,0,1.0,0,3309.5
0.079575338,37,0,0.143964009,4000.0,7,0,0,0,0.0,0,4000.0
0.036145491,75,0,0.037654115,3000.0,17,0,0,0,0.0,0,3000.0
0.529538818,25,0,0.35982009,2000.0,8,0,0,0,0.0,0,2000.0
0.079073834,73,0,0.047211731,9001.0,14,0,0,0,0.0,0,9001.0
0.016174885,27,0,0.112629124,3000.0,11,0,0,0,0.0,0,3000.0
0.923415317,47,0,0.693461058,2400.0,9,1,2,1,3.0,2,600.0
0.189818004,62,0,1.547.011.952,250.0,12,0,2,0,2.0,0,83.33333333333333
0.863777261,51,0,1.096.718.973,700.0,15,0,2,0,0.0,0,700.0
0.288741833,54,0,0.120763409,9116.0,13,0,1,0,0.0,0,9116.0
0.057122456,47,0,128.729.886,6400.0,11,0,2,0,1.0,0,3200.0
0.389105799,44,0,0.409599127,7333.0,7,0,1,0,1.0,0,3666.5
0,67,0,0,6000.0,4,0,0,0,0.0,0,6000.0
0.042676662,55,0,0.15141369,8063.0,12,0,1,0,0.0,0,8063.0
0.530849657,57,0,0.412964676,40000.0,18,0,3,0,2.0,0,13333.333333333334
0.148114075,34,0,0.588332157,4250.0,9,0,2,0,0.0,0,4250.0
0.004038018,45,0,0.097211421,9000.0,14,0,1,0,2.0,0,3000.0
0.497996808,47,0,0.270608546,6950.0,15,0,1,0,0.0,0,6950.0
0.004124897,62,0,0.001110803,3600.0,2,0,0,0,0.0,0,3600.0
0.003479502,55,0,0.204761209,6846.0,8,0,1,0,0.0,0,6846.0
0.014397121,25,0,0.10550671,2160.0,3,0,0,0,0.0,0,2160.0
0.880448922,60,0,0.671352702,3200.0,11,0,0,0,0.0,0,3200.0
0.033076923,49,0,0.214034574,6825.0,12,0,1,0,0.0,0,6825.0
0.295667022,60,0,0.347983767,11580.0,8,0,2,0,0.0,0,11580.0
0.046189182,51,0,0.340297252,7131.0,5,0,1,0,2.0,0,2377.0
0.614487656,85,3,5.053.191.489,375.0,17,0,2,0,0.0,3,375.0
0.442980716,35,0,0.102842451,7000.0,3,0,0,0,1.0,0,3500.0
0.038247447,46,0,0.273454424,6000.0,11,0,1,1,2.0,1,2000.0
0.252925484,42,0,0.29138322,10583.0,12,0,2,0,4.0,0,2116.6
0.004099795,51,0,0.00079968,2500.0,10,0,0,0,0.0,0,2500.0
0.978498523,44,3,0.719660003,6352.0,18,0,2,0,1.0,3,3176.0
0.114428963,77,0,0.038687561,4083.0,2,0,0,0,1.0,0,2041.5
0.277013389,43,0,0.409561898,5500.0,11,0,1,0,3.0,0,1375.0
0.007355072,59,0,0.458620081,5666.0,20,0,3,0,2.0,0,1888.6666666666667
0.371046706,77,0,0.556572571,13000.0,16,0,6,0,0.0,0,13000.0
0.009048698,61,0,0.315817839,3710.0,13,0,0,0,1.0,0,1855.0
0.000780462,42,0,0,3600.0,6,0,0,0,1.0,0,1800.0
0.141514216,29,0,0.034062319,5166.0,11,0,0,0,1.0,0,2583.0
0.151499849,72,0,0.019556714,2300.0,2,0,0,0,0.0,0,2300.0
0.9999999,57,0,0.094598569,10200.0,2,0,1,0,2.0,0,3400.0
0.293872563,45,2,0.439324854,12500.0,9,0,3,0,2.0,2,4166.666666666667
0.074921591,58,0,0.897262381,3250.0,15,0,2,0,0.0,0,3250.0
0.974358974,49,0,0.057877814,1243.0,2,0,0,0,0.0,0,1243.0
0.9999999,56,0,0.058659556,8250.0,2,2,0,1,0.0,3,8250.0
0.178347423,58,0,0.211457708,3333.0,3,0,0,0,0.0,0,3333.0
0.488225491,70,1,0.403119376,5000.0,12,0,0,0,1.0,1,2500.0
0.622179976,58,0,0.35302816,15553.0,11,0,2,0,1.0,0,7776.5
0.550494627,40,0,0.191643782,5097.0,9,1,1,0,2.0,1,1699.0
0.018103358,26,0,0.090931018,4145.0,5,0,0,0,0.0,0,4145.0
0.036974076,83,0,0.014328557,3000.0,5,0,0,0,0.0,0,3000.0
0,58,0,0.152403535,13916.0,10,0,2,0,0.0,0,13916.0
0.012720086,42,0,0.299847077,8500.0,14,0,1,0,2.0,0,2833.3333333333335
0,69,0,0.311178823,5250.0,4,0,1,0,0.0,0,5250.0
0.026524717,83,0,0.016183986,3521.0,7,0,0,0,0.0,0,3521.0
0.60657079,58,0,0.530891485,9500.0,5,0,1,0,2.0,0,3166.6666666666665
0.092921647,54,0,0.085311871,7454.0,14,0,1,0,1.0,0,3727.0
0.021272343,54,0,0.204311332,5241.0,10,0,1,0,3.0,0,1310.25
0.373986589,73,1,0.203409199,10500.0,11,0,1,0,0.0,1,10500.0
0.9999999,61,0,0.253266332,8954.0,3,0,2,0,0.0,0,8954.0
0,58,0,0.023976024,1000.0,3,0,0,0,3.0,0,250.0
0.011892892,30,0,0.00239976,10000.0,7,0,0,0,0.0,0,10000.0
0.507497501,68,0,0.012468828,3608.0,3,0,0,0,0.0,0,3608.0
0.91031134,41,0,0.125068209,18325.0,8,0,1,0,0.0,0,18325.0
0,60,0,0.295040711,6754.0,20,0,1,0,1.0,0,3377.0
0.121798321,56,0,0.27364694,3953.0,4,0,0,0,1.0,0,1976.5
0.243523902,66,0,0.094326241,11279.0,12,0,0,0,0.0,0,11279.0
0.013777173,75,0,0.556292722,4973.0,23,0,2,0,1.0,0,2486.5
0.092283078,37,0,0.096723706,9583.0,5,0,2,0,3.0,0,2395.75
0.978519402,47,0,0.778830084,5384.0,5,0,1,0,1.0,0,2692.0
0.015180145,55,1,0.685723211,3200.0,12,0,1,0,1.0,1,1600.0
0.124625318,53,0,0.519545695,3785.0,14,0,1,0,2.0,0,1261.6666666666667
0.027718812,67,0,0.259247649,3189.0,13,0,1,0,0.0,0,3189.0
0,30,1,291,1.0,3,0,0,0,0.0,1,1.0
0.005790399,87,0,0.107071442,5500.0,16,0,1,0,0.0,0,5500.0
0.044705404,59,0,1.399.650.087,4000.0,13,0,2,0,2.0,0,1333.3333333333333
0.773515493,52,0,0.168482859,39000.0,7,0,2,0,2.0,0,13000.0
0.004599847,83,0,0.00204499,1466.0,2,0,0,0,0.0,0,1466.0
1.101.633.394,42,0,0.002999625,8000.0,2,0,0,0,1.0,0,4000.0
0.935339222,52,0,2.203.197.868,1500.0,4,0,1,0,2.0,0,500.0
0.488594996,35,0,0.780739753,3000.0,9,0,2,0,0.0,0,3000.0
0.090771778,46,0,0.639405204,4572.0,17,0,1,0,0.0,0,4572.0
0.16661467,64,0,0.427070135,13416.0,13,0,3,0,0.0,0,13416.0
0.071392421,56,1,0.787469239,25600.0,30,0,1,0,1.0,1,12800.0
0.223850766,29,1,0.441416894,1100.0,4,0,0,0,0.0,1,1100.0
0.065575496,67,0,0.283549445,6400.0,7,0,2,0,1.0,0,3200.0
0.039752121,38,0,0.003928104,8400.0,8,0,0,0,1.0,0,4200.0
0.13217581,43,0,0.442963544,2550.0,3,0,1,0,0.0,0,2550.0
0.097700329,40,0,0.281554951,6250.0,6,0,1,0,2.0,0,2083.3333333333335
0.155100072,29,0,0.273003033,5933.0,14,0,2,0,0.0,0,5933.0
0.11759664,47,0,0.035405872,3473.0,6,0,0,0,0.0,0,3473.0
0.9999999,52,0,0.46565624,3100.0,3,0,1,0,0.0,0,3100.0
0.645855913,36,0,0.522060181,5416.0,12,0,0,0,0.0,0,5416.0
0.082002413,49,0,0.082468559,14550.0,10,0,0,0,1.0,0,7275.0
0.02673936,64,0,571.05.00,1.0,7,0,1,0,0.0,0,1.0
0.003722119,37,0,0.001355932,2949.0,3,0,0,0,0.0,0,2949.0
0.034663848,51,0,0.292331953,5072.0,8,0,1,0,0.0,0,5072.0
0.418407321,44,0,0.511653718,3603.0,12,0,2,0,0.0,0,3603.0
0.288404149,51,0,0.359279402,5883.0,10,0,2,0,1.0,0,2941.5
0.026399379,62,0,0.27380549,8852.0,8,0,2,0,1.0,0,4426.0
0.65553652,30,0,0.365454811,6848.0,5,0,2,0,2.0,0,2282.6666666666665
0.352130733,61,0,0.260267651,6500.0,9,0,1,0,1.0,0,3250.0
0.219578969,36,0,0.167715661,2700.0,7,0,0,0,0.0,0,2700.0
0.9999999,48,0,0.00462525,9512.0,1,0,0,0,0.0,0,9512.0
0.080539542,53,0,0.201777531,7200.0,12,0,0,0,3.0,0,1800.0
1.020.020.625,44,1,0.573895655,5500.0,10,0,1,1,0.0,2,5500.0
0.050823877,74,0,0.008247938,4000.0,7,0,0,0,0.0,0,4000.0
0.19806068,44,0,0.251587638,9447.0,8,0,1,0,3.0,0,2361.75
0.460036732,47,0,0.523295341,5000.0,9,0,1,0,2.0,0,1666.6666666666667
0.964287604,60,2,0.350093441,11236.0,11,0,1,0,1.0,2,5618.0
0.978733534,32,1,1.110.963.012,3000.0,16,0,1,0,0.0,1,3000.0
0.060381298,31,0,0.160709823,4000.0,12,0,0,0,0.0,0,4000.0
0,65,0,0.006090134,22166.0,9,0,1,0,0.0,0,22166.0
0.115348867,42,0,0.421504497,2445.0,8,0,1,0,0.0,0,2445.0
0,25,1,0.118752499,2500.0,2,2,0,0,0.0,3,2500.0
0.546179991,54,0,0.435537625,5700.0,12,0,1,0,0.0,0,5700.0
0.428398505,45,0,0.339366516,3756.0,8,0,1,0,0.0,0,3756.0
0.427628619,59,0,0.238455179,8466.0,10,0,2,0,1.0,0,4233.0
0.077424768,66,0,0.404918476,11100.0,35,0,3,0,0.0,0,11100.0
0.23855229,28,0,0.132670552,2916.0,3,0,0,0,0.0,0,2916.0
0,50,0,0.370589524,9125.0,9,0,2,0,0.0,0,9125.0
0.023128968,35,0,3014,1.0,15,0,2,0,1.0,0,0.5
0.045381495,39,0,0.284672391,8500.0,10,0,2,0,0.0,0,8500.0
0.114144835,48,0,1552,0.0,7,0,1,0,1.0,0,0.0
0.005210252,73,0,0.002325581,859.0,2,0,0,0,0.0,0,859.0
0.041258815,61,0,0.281590634,9907.0,13,0,1,0,1.0,0,4953.5
0.225809732,55,0,0.717938858,5200.0,24,0,1,0,0.0,0,5200.0
0.693749908,50,0,0.5647431,9166.0,16,0,2,0,1.0,0,4583.0
0.113008401,53,0,0.239971088,8300.0,16,0,1,0,1.0,0,4150.0
0.042750146,71,0,0.41732146,5726.0,8,0,1,0,2.0,0,1908.6666666666667
0.017931733,35,0,0.42159383,3500.0,6,0,1,0,3.0,0,875.0
0.107021132,48,0,0.009711511,3500.0,4,0,0,0,1.0,0,1750.0
0.961940945,54,3,1.567.576.677,2966.0,5,2,1,3,0.0,8,2966.0
0.225495315,75,0,0.384578467,6250.0,16,0,1,0,0.0,0,6250.0
0.028473215,55,0,0.443740686,2683.0,13,0,1,0,0.0,0,2683.0
0.000863543,53,0,0.359867152,9333.0,15,0,2,0,1.0,0,4666.5
0.541071828,52,1,0.491029823,8583.0,9,0,1,0,3.0,1,2145.75
0.358480084,29,0,1.929.251.701,734.0,8,0,0,0,0.0,0,734.0
0.261746927,51,0,0.172278493,10958.0,14,0,0,0,1.0,0,5479.0
0.566394481,52,0,0.306627102,13142.0,13,0,2,0,2.0,0,4380.666666666667
0.032053108,68,0,0.006416132,12000.0,11,0,0,0,1.0,0,6000.0
0.031473022,49,0,0.667732907,2500.0,10,0,2,0,0.0,0,2500.0
0.014452116,58,0,0.220049729,8847.0,11,0,1,0,3.0,0,2211.75
0.007904654,57,0,0.234730211,3650.0,20,0,1,0,2.0,0,1216.6666666666667
0.027711666,73,0,0.368348624,4359.0,7,0,2,0,0.0,0,4359.0
0.367846027,50,0,0.757045057,6280.0,26,0,3,0,0.0,0,6280.0
0.117882822,49,0,0.311307391,12000.0,13,0,2,0,2.0,0,4000.0
0.595529176,60,0,0.449875366,9226.0,8,0,1,0,1.0,0,4613.0
0.023473903,56,0,0.278367508,15166.0,14,0,1,0,0.0,0,15166.0
0.000196558,75,0,0.186320276,4926.0,13,0,1,0,0.0,0,4926.0
0,30,1,0.114746946,4583.0,4,0,0,0,0.0,1,4583.0
0.00948342,51,0,0.029950083,600.0,11,0,0,0,0.0,0,600.0
0.395534822,44,0,0.004029009,8686.0,2,3,0,0,1.0,3,4343.0
0.589830551,60,0,0.426811328,5437.0,8,0,1,0,1.0,0,2718.5
0.035346911,67,0,0.249846814,13055.0,13,0,4,0,1.0,0,6527.5
0.074975008,38,3,0.494202319,2500.0,10,1,0,0,1.0,4,1250.0
0.988023952,27,0,0.71503268,764.0,4,1,0,1,0.0,2,764.0
0.870431894,25,0,0.329780147,1500.0,4,0,0,0,0.0,0,1500.0
0.173487964,68,0,0.524155017,5650.0,18,0,1,0,0.0,0,5650.0
0.346826127,56,0,0.213794633,9017.0,7,0,1,0,0.0,0,9017.0
0.666802717,52,0,0.593473584,8365.0,9,0,1,0,3.0,0,2091.25
0.366563344,50,0,0.399550225,4001.0,4,0,1,0,0.0,0,4001.0
0.125705307,32,0,0.74460144,3750.0,6,0,1,0,0.0,0,3750.0
0.122175565,33,0,0.06246122,4834.0,3,0,0,0,1.0,0,2417.0
0.057448564,55,0,0.018883643,3600.0,7,0,0,0,0.0,0,3600.0
0.040443973,52,0,0.206487835,11220.0,16,0,2,0,2.0,0,3740.0
0,60,0,0.168071274,4152.0,3,0,1,0,0.0,0,4152.0
0.685546465,47,0,0.529867533,4000.0,11,0,1,1,2.0,1,1333.3333333333333
0.884627218,27,0,0.268576061,3700.0,7,0,0,0,0.0,0,3700.0
0.96013289,27,0,0.147926037,2000.0,3,0,0,1,0.0,1,2000.0
0.825130452,54,0,0.394190634,17488.0,7,0,2,0,0.0,0,17488.0
0,51,0,0.391152212,4000.0,6,0,2,0,0.0,0,4000.0
0.878971646,76,1,0.319622387,2965.0,6,0,2,0,1.0,1,1482.5
0.014451426,51,0,0.14010616,8100.0,10,0,1,0,0.0,0,8100.0
0.524186492,54,0,0.341441576,6700.0,7,0,1,0,0.0,0,6700.0
0,36,0,0.162313433,2679.0,2,0,0,0,0.0,0,2679.0
0.420916417,29,0,0.272019664,2440.0,9,0,0,1,0.0,1,2440.0
0.04499884,44,0,0.270987738,7420.0,10,0,1,0,0.0,0,7420.0
0.101865893,35,0,0.081981782,4500.0,6,0,0,0,0.0,0,4500.0
0.221046443,28,1,0.120457604,2971.0,4,0,0,0,2.0,1,990.3333333333334
0,35,0,0.407518496,5000.0,6,0,1,0,0.0,0,5000.0
0.996949411,38,1,0.38394312,6750.0,8,1,0,2,2.0,4,2250.0
0.302767899,41,0,0.663239075,3500.0,6,0,1,0,2.0,0,1166.6666666666667
0.434681974,65,0,0.217715815,7100.0,5,0,1,0,0.0,0,7100.0
0.213026465,62,0,0.278072193,10000.0,11,0,2,0,0.0,0,10000.0
0.420229501,62,0,0.283446045,3400.0,7,0,0,0,0.0,0,3400.0
0.9999999,30,0,0.105691057,983.0,2,0,0,0,1.0,0,491.5
0.223059134,49,0,0.412097984,6000.0,15,0,2,1,3.0,1,1500.0
0.697232569,48,0,1.239.458.779,3177.0,6,0,2,0,3.0,0,794.25
0.03721824,66,0,1.044.145.873,2083.0,10,0,2,0,0.0,0,2083.0
0.415876199,76,1,0.268536554,7700.0,13,0,1,0,0.0,1,7700.0
0.056328581,64,0,0.01533163,9000.0,7,0,0,0,0.0,0,9000.0
0.974378585,26,3,0.079365079,1700.0,3,1,0,0,0.0,4,1700.0
1.070.964.518,39,0,0.143387604,3500.0,4,0,0,0,2.0,0,1166.6666666666667
0.024465318,52,0,0.232873915,9794.0,28,0,2,0,2.0,0,3264.6666666666665
0.144168877,56,0,0.720129708,4008.0,16,0,2,0,0.0,0,4008.0
0,47,0,0.190867681,9000.0,10,0,2,0,0.0,0,9000.0
0.063646818,87,0,0.006127056,6201.0,6,0,0,0,0.0,0,6201.0
0.179606424,50,0,0.078956062,9080.0,14,0,0,0,1.0,0,4540.0
0.332232672,38,0,2146.05.00,1.0,11,0,2,0,2.0,0,0.3333333333333333
0.125810099,47,0,0.661186424,10400.0,10,0,2,0,2.0,0,3466.6666666666665
0.325831361,72,0,0.620641562,3584.0,23,0,1,0,0.0,0,3584.0
0,39,0,0,6000.0,2,0,0,0,0.0,0,6000.0
0.110179077,79,0,0.306094982,5200.0,13,0,1,0,0.0,0,5200.0
0.285947842,45,0,0.15109586,9033.0,8,0,2,0,3.0,0,2258.25
0.004444332,34,0,1161,1.0,10,0,2,0,0.0,0,1.0
0,39,0,0.362727597,2800.0,6,0,1,0,0.0,0,2800.0
0.022180474,58,0,0.142871732,19583.0,10,0,0,0,0.0,0,19583.0
0.703330637,54,0,0.314964487,4082.0,6,0,1,0,1.0,0,2041.0
0.03689631,74,0,0.016098966,5900.0,2,0,0,0,0.0,0,5900.0
0.018265099,55,0,0.012643379,7671.0,6,0,1,0,0.0,0,7671.0
0.642178911,43,1,0.11009539,5031.0,4,1,0,2,3.0,4,1257.75
0.038017487,40,0,0.340980846,4750.0,7,0,1,0,2.0,0,1583.3333333333333
0.587050233,46,0,0.129205922,5200.0,9,0,1,0,4.0,0,1040.0
0.096226353,39,0,0.327779461,3300.0,7,0,1,0,2.0,0,1100.0
0.409008842,74,0,0.427517132,1896.0,5,0,0,0,0.0,0,1896.0
0.376321029,60,0,0.508070344,4150.0,10,0,1,0,0.0,0,4150.0
0.738102106,36,0,0.495719844,2569.0,15,0,0,0,0.0,0,2569.0
0.693070168,37,0,0.270384359,4500.0,11,0,0,0,0.0,0,4500.0
0.9999999,32,0,0.051716645,2300.0,6,0,0,1,0.0,1,2300.0
0.750416662,41,0,0.388433474,11100.0,8,0,2,0,2.0,0,3700.0
0.336291482,39,0,0.651485698,3600.0,8,0,2,0,2.0,0,1200.0
0.044121015,35,0,0.191635601,8583.0,6,0,1,0,2.0,0,2861.0
0.735648739,35,0,0.993622449,4703.0,14,0,1,0,4.0,0,940.6
0.046892724,36,0,0.223856502,5574.0,12,0,0,0,1.0,0,2787.0
0.754010532,41,0,0.332891749,5283.0,10,0,0,0,1.0,0,2641.5
0.062476135,61,0,0.555658627,8623.0,17,0,2,0,0.0,0,8623.0
0.322834196,42,0,0.245435354,27000.0,9,0,1,0,2.0,0,9000.0
0.733381329,28,0,0.133584196,2125.0,6,0,0,0,0.0,0,2125.0
0.366445161,80,1,0.234226448,4627.0,11,0,1,0,0.0,1,4627.0
0.312891043,56,0,0.282491944,6516.0,8,0,1,0,0.0,0,6516.0
0.148294445,67,0,0.243046641,2336.0,7,0,0,0,1.0,0,1168.0
0.228348139,77,0,0.514637658,6250.0,21,0,1,0,0.0,0,6250.0
0.920265781,36,0,0.063548733,2800.0,3,1,0,0,0.0,1,2800.0
0.244249754,57,2,0.620934638,6333.0,23,0,1,0,0.0,2,6333.0
0,32,0,0.387551113,2200.0,6,0,1,0,0.0,0,2200.0
0.200630982,28,0,0.503374156,4000.0,3,0,1,0,2.0,0,1333.3333333333333
0.108178364,36,0,0.662162162,9397.0,10,0,2,0,1.0,0,4698.5
0.013545279,43,0,1.889.858.233,1833.0,16,0,2,0,0.0,0,1833.0
0.026771305,51,0,0.345159565,5608.0,8,0,3,0,2.0,0,1869.3333333333333
0.219694435,28,0,0.517584098,2615.0,14,0,0,0,2.0,0,871.6666666666666
0.266771475,60,0,0.358292831,6583.0,7,0,1,0,0.0,0,6583.0
0.410095228,32,0,0.616676665,5000.0,15,0,1,0,0.0,0,5000.0
0.280187573,34,0,0.540374263,3900.0,6,0,1,0,1.0,0,1950.0
0.010215404,62,0,0.16616018,10200.0,16,0,1,0,0.0,0,10200.0
0.212264597,32,0,0.087685915,25750.0,10,0,1,0,3.0,0,6437.5
0.9999999,60,1,0.318011491,4002.0,5,0,0,0,2.0,1,1334.0
0.657927591,54,1,0.104836092,3080.0,5,0,0,0,1.0,1,1540.0
0.020095961,59,0,0.219407374,8841.0,10,0,1,0,2.0,0,2947.0
0.380457492,41,0,0.605129249,9825.0,13,0,1,0,3.0,0,2456.25
0.01740913,79,0,0.151842665,5643.0,15,0,1,0,0.0,0,5643.0
0.093943061,55,0,0.337946943,1733.0,7,0,0,0,0.0,0,1733.0
0,37,0,0.449179424,7250.0,6,0,2,0,0.0,0,7250.0
0.012113361,61,0,0.085272529,6402.0,9,0,0,0,0.0,0,6402.0
0,29,0,0.515296941,1666.0,2,0,1,0,0.0,0,1666.0
0.011459907,64,0,0.001809351,10500.0,10,0,0,0,0.0,0,10500.0
0.130314251,43,0,0.484404049,4840.0,15,0,1,0,0.0,0,4840.0
0.20231365,57,0,0.121492313,9300.0,6,0,1,0,0.0,0,9300.0
0.154978525,38,0,0.039988575,3500.0,4,0,0,0,0.0,0,3500.0
0.619591259,76,0,0.39610065,6000.0,12,0,1,1,2.0,1,2000.0
0.9999999,85,0,0.382130763,3838.0,3,0,1,0,0.0,0,3838.0
0.014065841,45,0,0.27320818,15500.0,8,0,1,0,3.0,0,3875.0
0,42,0,0.227238638,6666.0,7,0,1,0,0.0,0,6666.0
0.031631362,70,0,0.014990631,1600.0,8,0,0,0,0.0,0,1600.0
0.168677611,76,0,0.137035949,10208.0,7,0,2,0,0.0,0,10208.0
0.869252639,71,0,6.202.185.792,365.0,9,0,1,0,0.0,0,365.0
0.105924972,34,0,0.120209474,4200.0,10,0,0,0,1.0,0,2100.0
0.019752365,63,0,0.050376155,10500.0,9,0,0,0,0.0,0,10500.0
0.087891921,59,1,0.223786902,5893.0,9,1,1,1,1.0,3,2946.5
0.671554741,27,0,0.055956158,3466.0,4,0,0,0,0.0,0,3466.0
0.001124965,56,0,0.235252107,7000.0,7,0,1,0,0.0,0,7000.0
0.000808265,54,1,0.255594705,10500.0,19,0,1,0,0.0,1,10500.0
0.047798088,48,0,0.085745926,6320.0,4,0,0,0,1.0,0,3160.0
0.96289138,61,4,0.509008389,7270.0,12,0,2,0,0.0,4,7270.0
0.013254642,65,0,0.221313338,4400.0,7,0,1,0,0.0,0,4400.0
0.197571525,37,0,0.377027327,4500.0,8,0,1,0,0.0,0,4500.0
0.010871331,61,0,0.028492877,4000.0,13,0,0,0,0.0,0,4000.0
0.9999999,35,0,0,3559.0,0,1,0,0,2.0,1,1186.3333333333333
0.082383696,47,1,0.268902392,13000.0,11,0,1,0,3.0,1,3250.0
0.557177122,42,0,0.48321131,7921.0,11,0,6,0,2.0,0,2640.3333333333335
0.336666592,61,1,0.284350721,13514.0,20,0,2,0,0.0,1,13514.0
0.315021141,43,1,0.119114169,4650.0,8,0,0,0,1.0,1,2325.0
0.523462094,47,2,0.569574734,6395.0,11,0,1,0,2.0,2,2131.6666666666665
0.007523277,63,0,0.361732147,9213.0,15,0,1,0,2.0,0,3071.0
0.689748288,51,0,0.604125249,4023.0,6,0,1,0,0.0,0,4023.0
0.307543651,50,0,0.386075949,7583.0,16,0,1,0,0.0,0,7583.0
0.104317914,44,0,0.553618298,5333.0,4,0,2,0,0.0,0,5333.0
0.340558919,63,0,2.817.145.524,15000.0,14,0,4,0,1.0,0,7500.0
0.033623665,56,0,0.247998528,10866.0,9,0,1,0,1.0,0,5433.0
0.487720982,48,0,0.174092589,4600.0,9,0,0,0,1.0,0,2300.0
0.9999999,65,2,0.510247855,4195.0,3,0,1,0,0.0,2,4195.0
0.065665358,42,0,337.660.485,700.0,11,0,1,0,0.0,0,700.0
0.0367944,40,0,0.275274657,8100.0,12,0,3,0,2.0,0,2700.0
0.176212674,46,0,0.347685857,6200.0,14,0,2,0,1.0,0,3100.0
0,29,0,0.01386297,3750.0,5,0,0,0,0.0,0,3750.0
0.873418158,42,0,0.314513685,9900.0,7,0,1,0,1.0,0,4950.0
0.9999999,41,0,0,2200.0,0,1,0,0,5.0,1,366.6666666666667
1.640.718.563,42,2,0.382641841,6820.0,3,6,2,0,0.0,8,6820.0
1.044.711.014,33,1,0.773572965,7900.0,7,0,1,0,3.0,1,1975.0
0.008116496,64,0,0.117417389,10500.0,9,0,1,0,0.0,0,10500.0
0.953653682,44,2,1.846.153.846,3158.0,12,0,3,0,2.0,2,1052.6666666666667
0.265241986,31,0,0.109378124,5000.0,4,0,0,0,3.0,0,1250.0
0.019258546,55,0,0.408448183,11173.0,6,0,2,0,1.0,0,5586.5
0.004484794,47,1,0.341655278,30000.0,8,0,4,0,4.0,1,6000.0
0.333044464,66,0,0.996775234,3100.0,14,0,1,0,0.0,0,3100.0
0.017566618,33,0,0.399509136,7333.0,9,0,2,0,1.0,0,3666.5
0.053744044,42,0,915.05.00,1.0,4,0,1,0,3.0,0,0.25
0.722543353,30,0,0.86087198,3600.0,12,0,2,0,0.0,0,3600.0
0.470606617,63,0,0.182806236,11224.0,7,0,1,0,1.0,0,5612.0
0.967960874,35,7,0.195991091,8081.0,13,0,0,1,1.0,8,4040.5
0.436209635,34,0,0.217353199,2281.0,6,0,0,0,0.0,0,2281.0
0.609033621,42,0,0.311413969,5869.0,8,0,0,0,3.0,0,1467.25
0,50,0,0.270363951,7500.0,7,0,1,0,3.0,0,1875.0
0.005316864,63,0,0.172366504,11666.0,10,0,1,0,0.0,0,11666.0
0.08191257,63,0,0.397891534,9200.0,18,0,2,0,2.0,0,3066.6666666666665
0.024365339,53,0,0.378909493,10838.0,14,0,2,0,2.0,0,3612.6666666666665
0,51,0,0.043246187,9179.0,9,0,0,0,4.0,0,1835.8
0.74690124,56,0,0.790546047,2453.0,10,0,2,0,0.0,0,2453.0
0.891881083,45,1,0.755136036,1800.0,7,0,1,1,2.0,2,600.0
0,61,0,0,9916.0,2,0,0,0,0.0,0,9916.0
0,41,1,0.276644863,7796.0,8,0,1,0,0.0,1,7796.0
0.428244257,45,0,1.128.297.695,3600.0,10,0,1,0,3.0,0,900.0
0.136406818,57,0,0.146261391,53000.0,17,0,1,0,3.0,0,13250.0
0.997834969,52,1,0.48854558,18900.0,13,0,2,0,2.0,1,6300.0
0.195848771,47,1,0.455308938,5000.0,13,0,2,0,1.0,1,2500.0
0.07911294,45,0,0.174030903,11066.0,5,0,2,0,0.0,0,11066.0
0.08293358,47,1,0.232316697,34000.0,7,0,2,0,4.0,1,6800.0
0.187684339,60,0,0.349673203,11933.0,9,0,2,0,0.0,0,11933.0
0.930856201,57,0,0.384912461,3883.0,3,0,1,0,0.0,0,3883.0
0.100380811,40,0,0.120496466,5800.0,6,0,0,0,2.0,0,1933.3333333333333
0.003774367,52,0,0.466523835,5600.0,9,0,1,0,2.0,0,1866.6666666666667
0.466235402,36,0,0.169728784,8000.0,11,0,1,0,2.0,0,2666.6666666666665
0.490450955,38,0,0.32122905,8233.0,9,0,2,0,1.0,0,4116.5
0.001119386,64,0,0.255654014,7560.0,14,0,2,0,0.0,0,7560.0
0.05168249,69,0,0.007358953,3668.0,5,0,0,0,0.0,0,3668.0
0.022716553,77,0,0.837676843,9400.0,26,0,7,0,0.0,0,9400.0
0.491892557,51,0,0.599175103,8000.0,12,0,2,0,0.0,0,8000.0
0.16182791,29,0,0.383652718,2556.0,8,0,2,0,0.0,0,2556.0
0.245941515,45,0,0.159877956,6554.0,12,0,0,0,4.0,0,1310.8
0.805431534,51,0,0.399456857,8100.0,11,0,2,0,1.0,0,4050.0
0.074269222,57,0,0.233517342,9600.0,14,0,1,0,1.0,0,4800.0
0.555147059,41,1,0.142411966,3208.0,3,1,0,0,2.0,2,1069.3333333333333
0.429246267,59,0,0.381254316,15928.0,17,0,1,0,1.0,0,7964.0
0.9999999,36,0,0.070403147,5084.0,2,0,0,0,0.0,0,5084.0
0.146863403,48,0,0.391087739,3612.0,9,0,1,0,0.0,0,3612.0
0.9999999,47,1,1251,0.0,3,0,1,2,0.0,3,0.0
0.038249363,56,0,0.311351351,3699.0,10,0,1,0,2.0,0,1233.0
0.038860841,46,0,0.631936806,10000.0,14,0,2,0,2.0,0,3333.3333333333335
0.316947175,40,1,0.211964673,6000.0,9,0,1,0,0.0,1,6000.0
0.002349883,66,0,0.39184953,5103.0,5,0,2,0,0.0,0,5103.0
0.124904105,39,0,0.172877659,5500.0,17,0,0,0,0.0,0,5500.0
0.9999999,50,1,0.16091954,2000.0,1,0,0,1,2.0,2,666.6666666666666
0.211381174,44,0,0.663668166,2000.0,10,0,1,0,0.0,0,2000.0
0.173090659,51,0,0.277461464,7200.0,9,0,2,0,0.0,0,7200.0
0.912004957,45,1,0.409164508,6175.0,6,0,2,0,1.0,1,3087.5
0.044690589,54,1,0.537856441,9152.0,12,0,3,0,0.0,1,9152.0
0.009551395,40,0,0.280412946,3583.0,7,0,1,0,3.0,0,895.75
0.070110279,80,0,0.173448238,9166.0,7,0,2,0,0.0,0,9166.0
0.00287977,68,0,0.000215796,4633.0,2,0,0,0,0.0,0,4633.0
0.455950788,63,1,0.701766078,6001.0,19,0,2,0,0.0,1,6001.0
0.715418972,51,1,0.596203043,7426.0,8,0,2,0,0.0,1,7426.0
0.070533314,61,1,0.166666667,4601.0,11,0,1,0,0.0,1,4601.0
0.409278387,53,0,0.682947522,8250.0,15,0,2,0,0.0,0,8250.0
0,45,0,0.211162622,11000.0,7,0,1,0,0.0,0,11000.0
0.039998671,60,0,0.12202326,10833.0,8,0,1,0,0.0,0,10833.0
0.063772851,48,0,0.87443754,4666.0,9,0,3,0,1.0,0,2333.0
0.9999999,51,0,0.520699891,6400.0,4,0,1,0,0.0,0,6400.0
0.023234379,52,0,0.305738852,5000.0,6,0,1,0,2.0,0,1666.6666666666667
0.9999999,34,0,0.225852955,2080.0,2,0,0,0,0.0,0,2080.0
1.963.226.308,66,1,0.310291329,5800.0,7,0,1,0,0.0,1,5800.0
0.100551375,63,0,0.203275652,23750.0,14,0,2,0,1.0,0,11875.0
0.309172707,46,0,0.019832189,2621.0,5,0,0,0,0.0,0,2621.0
0.793012525,34,0,0.400127632,4700.0,16,1,1,0,1.0,1,2350.0
0.040638847,50,0,0.443213649,7853.0,10,0,2,0,0.0,0,7853.0
0.962976675,72,0,0.589764094,2500.0,8,0,2,0,0.0,0,2500.0
0.527629502,49,2,0.455886158,3864.0,10,0,2,0,2.0,2,1288.0
0.038539905,63,0,0.267066552,3500.0,2,0,2,0,0.0,0,3500.0
0.00159192,80,0,0.157878118,3166.0,12,0,0,0,0.0,0,3166.0
0.042508441,69,0,0.448163443,4600.0,9,0,2,0,0.0,0,4600.0
0.047057093,37,0,0.580847384,4625.0,9,0,1,0,1.0,0,2312.5
0.333650756,45,1,0.328614009,4025.0,3,0,1,0,2.0,1,1341.6666666666667
0.507972665,69,2,0.193935355,3000.0,10,2,0,2,0.0,6,3000.0
0.437767424,32,0,0.74970344,5900.0,11,0,3,0,1.0,0,2950.0
0.166922758,66,0,0.482984042,5200.0,8,0,1,0,0.0,0,5200.0
0.004089215,76,0,0.002313354,4754.0,10,0,0,0,0.0,0,4754.0
0.064528566,66,0,0.204363436,3620.0,7,0,1,0,0.0,0,3620.0
7.96E-05,70,0,0.256339661,6900.0,21,1,1,0,0.0,1,6900.0
0.9999999,34,0,0.091903363,6125.0,3,0,0,0,0.0,0,6125.0
0.978873721,62,2,0.36139104,73728.0,11,0,7,0,2.0,2,24576.0
0.141346805,40,0,0.21945433,5900.0,8,0,0,0,2.0,0,1966.6666666666667
0.006502377,33,0,0.00149925,2000.0,4,0,0,0,0.0,0,2000.0
0.072853674,84,0,0.017301038,2600.0,4,0,0,0,1.0,0,1300.0
0.125623449,41,0,0.065363958,8750.0,8,0,1,0,3.0,0,2187.5
0,24,0,0,3100.0,1,0,0,0,0.0,0,3100.0
0.07477959,38,0,0.095322545,4510.0,6,0,0,0,0.0,0,4510.0
0.502497502,31,0,0.422315537,3333.0,10,0,1,0,0.0,0,3333.0
0.014861093,73,1,0.357924798,2100.0,8,0,1,0,0.0,1,2100.0
0.024639786,56,0,0.267716535,8000.0,9,0,1,0,2.0,0,2666.6666666666665
0.014866994,44,0,0.055972248,10665.0,7,0,0,0,2.0,0,3555.0
0.084792539,42,0,0.199426686,30000.0,13,0,2,0,1.0,0,15000.0
0.495385945,65,0,0.24634203,25833.0,7,0,1,0,0.0,0,25833.0
0.327420547,41,0,0.435112977,5000.0,4,0,1,0,0.0,0,5000.0
0.138201413,60,0,0.227549777,2460.0,6,0,1,0,1.0,0,1230.0
0.9999999,74,0,0.016327891,3000.0,4,0,0,0,0.0,0,3000.0
0.03957927,69,0,0.007498828,6400.0,5,0,0,0,0.0,0,6400.0
0.507390386,55,1,0.502845716,6500.0,5,0,2,1,2.0,2,2166.6666666666665
0.015461723,52,1,0.226977302,10000.0,20,0,1,0,2.0,1,3333.3333333333335
0.35936384,58,0,0.34237966,7000.0,10,0,2,0,0.0,0,7000.0
0.136859209,58,0,0.801878179,7666.0,16,0,2,0,0.0,0,7666.0
0.009880364,41,0,0.153947949,6800.0,2,0,1,0,2.0,0,2266.6666666666665
0.516730844,39,0,0.059305411,26000.0,10,0,1,0,0.0,0,26000.0
0.164384418,57,0,0.303438197,13000.0,10,1,2,0,0.0,1,13000.0
0.332156756,44,0,0.292724196,6500.0,8,0,2,0,0.0,0,6500.0
0.008755768,49,0,0.388282596,3481.0,17,0,1,0,1.0,0,1740.5
1.027.218.442,33,0,2.691.837.868,1800.0,5,0,3,0,0.0,0,1800.0
0.061507113,29,0,0.306138772,5000.0,7,0,2,0,1.0,0,2500.0
0.157661889,40,0,0.282071793,10000.0,16,0,1,0,2.0,0,3333.3333333333335
0.537372047,75,0,0.494950505,10000.0,18,0,2,0,0.0,0,10000.0
0.069029977,53,0,0.343821304,8326.0,8,0,2,0,2.0,0,2775.3333333333335
0.251883177,61,1,0.519248075,10000.0,12,0,2,0,0.0,1,10000.0
0.079299294,65,0,0.210105319,7500.0,6,0,1,0,0.0,0,7500.0
0.000339619,34,0,1.293.853.073,2000.0,5,0,1,0,0.0,0,2000.0
1.295.681.063,59,0,0.016661113,3000.0,1,0,0,0,0.0,0,3000.0
0.366794376,66,1,0.537846245,6750.0,17,0,2,1,0.0,2,6750.0
0.001398663,63,0,0.22746385,9750.0,11,0,2,0,1.0,0,4875.0
0.742987175,42,0,0.397651114,15666.0,15,0,2,0,2.0,0,5222.0
0.0048597,64,0,2.765.293.383,800.0,11,0,2,0,0.0,0,800.0
0.611033747,35,1,0.499613103,3876.0,12,0,0,1,0.0,2,3876.0
0.9999999,58,0,0.120584756,11833.0,4,0,1,0,1.0,0,5916.5
0.034024149,52,0,0.194585773,10416.0,4,0,1,0,0.0,0,10416.0
0.036507312,60,0,0.246927169,5450.0,11,0,2,0,0.0,0,5450.0
0.079355286,47,0,0.303698047,9166.0,12,1,1,0,1.0,1,4583.0
0.458843785,42,0,0.133223004,2416.0,4,0,0,0,0.0,0,2416.0
0.366558904,67,0,0.524835989,3200.0,6,0,2,0,0.0,0,3200.0
0.051011044,40,0,0.424135593,7374.0,5,0,2,0,0.0,0,7374.0
0.017571746,82,0,0.104579084,5000.0,8,0,0,0,0.0,0,5000.0
0.526641476,34,0,0.310344828,2000.0,4,0,0,0,2.0,0,666.6666666666666
0.073387449,71,0,0.178843227,7883.0,11,0,1,0,0.0,0,7883.0
0.878805239,73,0,1.541.677.191,7917.0,17,0,4,0,1.0,0,3958.5
0.957100422,49,1,1.427.800.998,7416.0,17,0,9,1,3.0,2,1854.0
0.236947471,44,0,0.292136521,6650.0,14,0,2,0,0.0,0,6650.0
0.843384062,52,0,0.515337423,4400.0,7,0,2,0,2.0,0,1466.6666666666667
0.043246865,43,0,0.39133808,58000.0,17,0,5,0,0.0,0,58000.0
0.07132533,60,2,0.157855268,8000.0,15,0,0,0,0.0,2,8000.0
0.223762047,77,0,0.829872327,6500.0,27,0,3,0,1.0,0,3250.0
0.9999999,34,0,0.544151949,3000.0,4,0,2,1,2.0,1,1000.0
0,30,0,0.05679418,4260.0,3,0,0,0,0.0,0,4260.0
0.268871096,48,0,0.861753785,3500.0,9,0,1,0,0.0,0,3500.0
0.317405046,65,0,0.415714572,14966.0,9,0,5,0,0.0,0,14966.0
0.011796148,78,0,0.046035806,4300.0,5,0,0,0,0.0,0,4300.0
0,30,0,0.02365878,3000.0,4,0,0,0,0.0,0,3000.0
0.9999999,38,0,0.027486257,2000.0,0,2,0,0,2.0,2,666.6666666666666
0.004189583,56,1,0.229809418,11700.0,16,0,1,0,2.0,1,3900.0
0,51,0,0.496846639,6500.0,10,1,1,0,1.0,1,3250.0
0.052998738,53,2,0.829034193,3333.0,15,0,2,0,0.0,2,3333.0
0.9999999,30,98,0,2200.0,0,98,0,98,0.0,294,2200.0
0.991916835,54,0,0.604577743,3800.0,4,0,0,0,0.0,0,3800.0
0.015161046,47,0,0.234221262,4166.0,4,0,1,0,0.0,0,4166.0
0.648947951,37,0,0.748032512,7750.0,11,0,3,0,2.0,0,2583.3333333333335
0.027298635,49,0,0.002221914,7200.0,2,0,0,0,0.0,0,7200.0
0.03050813,79,0,0.018878401,1800.0,13,0,0,0,0.0,0,1800.0
0.108937856,48,0,0.493908154,3200.0,9,0,1,0,2.0,0,1066.6666666666667
0.65017091,35,0,0.587010824,1200.0,4,0,0,0,2.0,0,400.0
0.108554449,54,3,0.481497606,6890.0,29,0,5,0,0.0,3,6890.0
0.540719036,63,3,0.525405787,2833.0,13,0,3,0,0.0,3,2833.0
0.04014273,69,0,0.537348547,8500.0,25,0,3,0,0.0,0,8500.0
0.010471654,29,0,0.064552985,3500.0,11,0,0,0,1.0,0,1750.0
0.659856553,40,0,643,0.0,9,0,0,2,0.0,2,0.0
0.9999999,56,2,0.737290464,3638.0,5,1,2,1,0.0,4,3638.0
0,46,0,0,0.0,1,0,0,0,0.0,0,0.0
0.984116338,29,0,0.342776204,6000.0,4,0,0,0,3.0,0,1500.0
0.040739815,37,0,0.11170056,3392.0,5,0,0,0,0.0,0,3392.0
0.008944019,80,0,0.003917728,2041.0,3,0,0,0,0.0,0,2041.0
0.035988004,42,0,0.090311987,7916.0,3,0,1,0,0.0,0,7916.0
4.23E-05,51,0,0.06587473,8333.0,7,0,0,0,1.0,0,4166.5
0.012602567,50,0,0.081209609,8200.0,5,0,0,0,1.0,0,4100.0
0.482473731,52,2,0.34347275,7100.0,8,2,1,2,1.0,6,3550.0
0.235650957,47,0,1.390.812.479,2916.0,7,0,3,0,1.0,0,1458.0
0.009815373,65,1,0.223946785,7666.0,9,0,2,0,1.0,1,3833.0
0.341836828,49,0,0.35089694,14214.0,10,0,1,0,4.0,0,2842.8
0.020385002,60,0,0.003999429,7000.0,5,0,0,0,0.0,0,7000.0
0.47800964,64,0,0.281345566,2942.0,7,0,1,0,0.0,0,2942.0
0.001215639,58,0,0.067955917,33300.0,4,0,1,0,1.0,0,16650.0
0,44,0,0.517091153,2983.0,3,0,1,0,0.0,0,2983.0
0.058089706,33,0,0.141524106,4500.0,11,0,0,0,0.0,0,4500.0
0.091147248,62,0,0.203218741,10500.0,8,0,1,0,0.0,0,10500.0
0.9999999,40,0,0.221955609,5000.0,3,2,0,1,2.0,3,1666.6666666666667
1.015.830.035,36,3,0.497920605,2644.0,6,0,0,1,0.0,4,2644.0
0.921325598,52,1,0.387417985,12954.0,21,0,1,0,4.0,1,2590.8
0.085927154,62,0,0.359303391,12000.0,12,0,2,1,0.0,1,12000.0
0.328263721,54,0,0.317280453,6000.0,12,0,0,0,1.0,0,3000.0
0.000225558,53,0,0.358501015,10833.0,10,0,3,0,0.0,0,10833.0
0.043631904,60,0,0.171692117,12900.0,14,0,1,0,3.0,0,3225.0
0.348969935,58,0,0.339102742,7221.0,15,0,2,0,2.0,0,2407.0
0.03907252,69,0,0.072256305,4400.0,14,0,0,0,0.0,0,4400.0
0.03870728,57,0,0.228408895,5800.0,10,0,2,0,0.0,0,5800.0
0,72,0,0.189591078,3227.0,7,0,1,0,0.0,0,3227.0
0.414706606,43,0,0.276551594,5300.0,9,0,1,0,4.0,0,1060.0
0.070040433,46,0,0.438324934,8333.0,7,0,1,0,2.0,0,2777.6666666666665
0.771300448,55,0,0.340794133,7907.0,17,0,1,0,1.0,0,3953.5
0.9999999,63,0,0.594646888,3100.0,4,0,1,0,1.0,0,1550.0
0.241423781,76,0,0.124627771,9066.0,6,0,1,0,1.0,0,4533.0
0.40019879,66,1,126.826.946,4200.0,18,0,2,0,1.0,1,2100.0
0.988023952,38,1,0.729276896,2267.0,4,2,1,2,0.0,5,2267.0
0,65,0,0.522873856,6666.0,13,0,1,0,0.0,0,6666.0
0,34,0,0.18952419,2500.0,13,0,0,0,0.0,0,2500.0
0.03839872,66,0,0.00679864,5000.0,4,0,0,0,0.0,0,5000.0
0.00239905,63,1,0.256857169,10900.0,19,0,2,0,3.0,1,2725.0
0.9999999,51,1,0.070742022,2600.0,1,1,0,1,1.0,3,1300.0
0.195523143,58,0,0.291185971,6500.0,16,0,1,0,4.0,0,1300.0
0.278714752,31,0,0.317121919,1500.0,9,0,0,0,0.0,0,1500.0
0.156159836,52,0,0.479815456,5201.0,7,0,2,0,2.0,0,1733.6666666666667
0.784234416,43,0,0.679856872,4750.0,10,0,1,0,4.0,0,950.0
0.012987013,60,0,0.26446791,14583.0,5,0,2,0,0.0,0,14583.0
0.171424431,40,0,0.219871205,3260.0,4,0,1,0,0.0,0,3260.0
0.317147219,47,0,0.365202245,5166.0,16,0,2,0,0.0,0,5166.0
0.503012434,50,3,0.071447614,3750.0,11,0,0,0,0.0,3,3750.0
0.018808964,61,0,0.00359928,5000.0,3,0,0,0,1.0,0,2500.0
0.091454516,62,0,0.42255368,6100.0,11,0,1,0,0.0,0,6100.0
0.337443644,69,0,1465.05.00,1.0,7,0,1,0,0.0,0,1.0
0.036302769,33,0,0.017074296,4333.0,3,0,0,0,0.0,0,4333.0
0.002140517,89,1,5,0.0,4,0,0,0,0.0,1,0.0
0.499537644,44,0,0.410027127,9952.0,7,0,1,0,2.0,0,3317.3333333333335
0.036723573,44,0,0.735874379,7450.0,7,0,5,0,0.0,0,7450.0
0.800249688,25,0,0.008478358,2240.0,2,0,0,0,0.0,0,2240.0
0,42,1,0.199657241,3500.0,8,0,0,0,1.0,1,1750.0
0.015214631,87,1,0.055324113,6000.0,21,1,0,0,1.0,2,3000.0
0.614538546,36,0,0.02879744,11250.0,2,0,0,0,0.0,0,11250.0
0.310237155,64,0,0.537530972,6860.0,10,0,1,0,0.0,0,6860.0
0.44020152,79,0,0.650444864,7417.0,16,0,1,0,1.0,0,3708.5
0.053210509,80,0,0.01270616,11883.0,7,1,0,0,0.0,1,11883.0
0.507200555,57,0,0.953157449,13000.0,14,0,3,0,2.0,0,4333.333333333333
0.677199197,55,0,0.358318426,11179.0,11,0,2,0,1.0,0,5589.5
0.354528214,59,0,0.303868646,8891.0,17,0,2,0,0.0,0,8891.0
0.49567227,60,0,0.849292057,4166.0,6,0,1,1,1.0,1,2083.0
0.445877795,46,0,0.190124596,10834.0,7,0,0,0,7.0,0,1354.25
0.016029075,65,0,0.348258706,2411.0,11,0,0,0,0.0,0,2411.0
0,58,0,0.243441267,4230.0,12,0,2,0,1.0,0,2115.0
0.068417014,65,0,0.14848144,8000.0,5,0,2,0,1.0,0,4000.0
0.137100696,42,0,0.264952687,5600.0,13,0,1,0,0.0,0,5600.0
0.747319385,56,3,0.398303241,4596.0,4,0,1,0,1.0,3,2298.0
0.125343733,69,0,0.018452646,4497.0,3,0,0,0,0.0,0,4497.0
0.045823787,23,0,0.001713796,3500.0,1,0,0,0,0.0,0,3500.0
0.079994667,47,0,0.001433286,30000.0,4,0,0,0,0.0,0,30000.0
0.742518392,45,1,0.553357314,8339.0,7,0,1,0,1.0,1,4169.5
0.504368947,43,0,0.24869948,4997.0,7,0,0,0,3.0,0,1249.25
0.045784265,42,0,0.199163712,11000.0,6,0,1,0,2.0,0,3666.6666666666665
0.149733669,67,0,0.734828646,8782.0,9,0,4,0,0.0,0,8782.0
0.017571324,61,1,0.412381891,17250.0,9,0,2,0,1.0,1,8625.0
0.300963746,46,0,0.309476286,10520.0,14,0,2,0,3.0,0,2630.0
0.245582425,32,0,0.175945863,3250.0,15,0,0,0,1.0,0,1625.0
0.732394595,54,2,0.443452827,13333.0,10,0,2,0,2.0,2,4444.333333333333
0.101563818,53,0,0.032093734,3925.0,2,0,0,0,1.0,0,1962.5
0.267331066,38,1,0.337777267,8700.0,8,0,2,0,0.0,1,8700.0
0.020436282,73,0,0.442427526,3690.0,14,0,1,0,0.0,0,3690.0
0.009985653,72,0,0.277165033,9791.0,8,0,2,0,0.0,0,9791.0
0.065055284,57,0,0.060429594,10474.0,5,0,1,0,1.0,0,5237.0
0.076350119,35,0,0.114171439,11000.0,9,0,1,0,1.0,0,5500.0
0.073185213,53,0,0.224088796,13333.0,7,0,2,0,2.0,0,4444.333333333333
0.9999999,34,0,0.100917431,2833.0,1,0,0,0,0.0,0,2833.0
0.011732812,73,0,0.016564952,4587.0,4,0,0,0,0.0,0,4587.0
0.160667119,64,0,0.023156676,19000.0,13,0,0,0,1.0,0,9500.0
0.013380164,63,0,0.221930345,11800.0,11,0,1,0,0.0,0,11800.0
0.858969887,69,0,0.011033389,41600.0,9,0,0,0,0.0,0,41600.0
0.000826378,37,0,0.270135276,4804.0,6,0,1,0,2.0,0,1601.3333333333333
0.775244951,49,1,0.446910618,5000.0,5,0,1,0,3.0,1,1250.0
0.527829779,53,0,0.492343193,4766.0,15,0,2,0,2.0,0,1588.6666666666667
0.006510349,77,0,0.75043993,6250.0,15,0,1,0,0.0,0,6250.0
0.001070027,34,2,0.432119554,4750.0,12,0,1,0,1.0,2,2375.0
0.034163175,64,0,0.243641017,6250.0,24,0,2,0,0.0,0,6250.0
0.007881367,61,0,0.177354325,20833.0,18,0,1,0,0.0,0,20833.0
0.15731727,58,0,0.664223851,1500.0,17,0,0,0,0.0,0,1500.0
0.044191162,40,0,0.499571551,2333.0,3,0,1,0,1.0,0,1166.5
0.773556611,30,1,0.172250423,2954.0,3,0,0,0,3.0,1,738.5
0.2092932,76,0,0.691047531,4333.0,22,0,2,0,0.0,0,4333.0
0.629778847,53,1,0.033745765,67000.0,5,0,1,0,6.0,1,9571.42857142857
0.057009134,61,1,0.131978004,6000.0,8,0,1,0,1.0,1,3000.0
0.808125306,41,3,0.430356737,4400.0,7,0,0,0,1.0,3,2200.0
0.000553562,59,0,3244,0.0,9,0,1,0,0.0,0,0.0
0.24135173,62,0,0.224943764,4000.0,7,0,1,0,0.0,0,4000.0
0.220996322,42,2,0.182610098,6198.0,9,0,1,1,2.0,3,2066.0
0.018766221,57,0,0.693868549,6800.0,26,0,3,0,0.0,0,6800.0
0.9999999,32,0,0,1200.0,1,0,0,0,0.0,0,1200.0
0.150094651,47,0,0.491563555,8000.0,23,0,4,0,0.0,0,8000.0
0.184994714,48,0,0.942383918,14127.0,14,0,9,0,0.0,0,14127.0
0.161181919,55,0,1.061.340.942,700.0,10,0,1,0,1.0,0,350.0
0.274126004,46,0,0.36751705,7917.0,10,0,2,0,1.0,0,3958.5
0.72546779,48,0,0.222222222,2852.0,7,0,0,0,0.0,0,2852.0
0.515894979,52,0,0.717052632,4749.0,8,0,1,0,2.0,0,1583.0
1.466.550.825,42,4,0.366161616,2375.0,6,5,0,0,3.0,9,593.75
0.197828078,49,0,0.237834955,7500.0,11,0,1,0,2.0,0,2500.0
0.484774665,55,0,0.746242703,8050.0,10,0,4,0,1.0,0,4025.0
0.006288342,52,0,0.208669237,8558.0,14,0,0,0,1.0,0,4279.0
0,48,0,0.885173372,9718.0,5,0,2,0,2.0,0,3239.3333333333335
0.9999999,62,0,476.05.00,1.0,4,0,2,0,0.0,0,1.0
0.894215191,42,0,0.761354582,7529.0,13,0,3,0,2.0,0,2509.6666666666665
0.011207441,78,0,0.003583129,9767.0,7,0,0,0,0.0,0,9767.0
0.9999999,83,0,0,9704.0,4,0,0,0,0.0,0,9704.0
0.054799004,40,2,0.174225046,17000.0,13,0,2,0,3.0,2,4250.0
0.319548604,42,0,0.265846617,7966.0,9,0,1,0,3.0,0,1991.5
0.021502106,76,0,0.247729356,12000.0,9,0,1,0,1.0,0,6000.0
0.003080193,49,0,0.071917545,13000.0,4,0,1,0,0.0,0,13000.0
0.753634336,25,0,0.103379324,5000.0,9,0,0,0,0.0,0,5000.0
1.025.346.872,37,2,0.490710239,7588.0,12,0,1,0,1.0,2,3794.0
0.873932774,34,0,0.288259479,6566.0,8,0,0,0,4.0,0,1313.2
0.002091558,79,0,0.000607903,6579.0,8,0,0,0,0.0,0,6579.0
0.010321089,52,0,0.241524762,6400.0,11,0,1,0,1.0,0,3200.0
0.174825632,62,0,0.320515286,5200.0,15,0,1,0,1.0,0,2600.0
0.42562592,53,2,0.54575394,4250.0,20,1,1,1,1.0,4,2125.0
0.080274247,46,1,0.381557281,4250.0,8,0,1,0,4.0,1,850.0
0.586289653,35,0,0.75758486,3328.0,7,0,2,0,0.0,0,3328.0
0.548934432,57,0,0.665439243,5702.0,16,0,3,0,0.0,0,5702.0
0.411849168,45,0,0.546545304,2416.0,11,0,0,0,2.0,0,805.3333333333334
0.765234765,22,0,0.014656895,1500.0,1,0,0,0,0.0,0,1500.0
0.26991003,24,0,0.662606577,820.0,3,0,0,0,0.0,0,820.0
0.047919391,27,0,0.052687039,2846.0,3,0,0,0,0.0,0,2846.0
0.021569145,47,0,0.201133447,9351.0,14,0,2,0,1.0,0,4675.5
0,62,0,0.001537988,3250.0,8,0,0,0,1.0,0,1625.0
0.957390146,57,4,0.276287285,6000.0,7,1,0,1,0.0,6,6000.0
0.075804129,61,0,0.212270543,8116.0,11,0,2,0,0.0,0,8116.0
0.034029343,55,0,0.172268401,8300.0,8,0,1,0,3.0,0,2075.0
1.320.453.031,43,0,0.197019449,3958.0,1,9,0,0,1.0,9,1979.0
0.391690208,60,0,0.476960253,12000.0,9,0,2,0,1.0,0,6000.0
0.646653603,54,0,0.291078769,9000.0,11,0,0,0,0.0,0,9000.0
0.351362233,50,0,0.344827586,2000.0,5,0,1,0,0.0,0,2000.0
0.088828398,35,0,0.335305391,12000.0,9,0,1,0,0.0,0,12000.0
0.46652992,63,0,0.238066255,11500.0,11,0,2,0,1.0,0,5750.0
0.044791042,92,0,0.00119976,5000.0,1,0,0,0,0.0,0,5000.0
0,23,0,0,864.0,2,0,0,0,0.0,0,864.0
0.9999999,28,0,0.603132289,3000.0,6,1,0,0,2.0,1,1000.0
0.027177601,85,0,0.003325272,6615.0,4,0,0,0,0.0,0,6615.0
0.777207282,37,0,0.085991494,7523.0,4,0,0,0,1.0,0,3761.5
0.029177297,63,0,0.194565307,12180.0,12,0,1,0,1.0,0,6090.0
0.414813698,60,0,0.438178091,20000.0,17,0,3,0,0.0,0,20000.0
0.071990711,66,0,0.558947368,2849.0,8,0,0,0,0.0,0,2849.0
0.20894437,48,0,0.379409647,4166.0,3,0,1,0,2.0,0,1388.6666666666667
0.240016256,53,0,0.441093151,6000.0,12,0,1,0,0.0,0,6000.0
0.152792413,63,0,0.734489856,3400.0,5,0,1,0,0.0,0,3400.0
0.042060834,65,0,0.3158025,8080.0,13,0,2,0,0.0,0,8080.0
0.072856988,54,0,0.150583245,6600.0,6,0,1,0,1.0,0,3300.0
0.604039048,39,0,0.447078989,7000.0,8,0,2,0,4.0,0,1400.0
0.193697868,63,0,0.152005106,9400.0,5,0,0,0,1.0,0,4700.0
0.001626963,72,0,0.000749813,4000.0,5,0,0,0,1.0,0,2000.0
0.646846891,57,0,1.162.418.791,2000.0,15,0,1,0,0.0,0,2000.0
0.100198987,51,1,0.180278225,21133.0,17,0,2,0,3.0,1,5283.25
0.103460058,41,0,0.245577409,9100.0,5,0,1,0,1.0,0,4550.0
0.080465855,57,0,0.318059299,5193.0,13,0,1,0,0.0,0,5193.0
0,66,0,0.410338226,4700.0,9,0,1,1,0.0,1,4700.0
0.966754156,71,0,0.402515723,2702.0,6,0,0,0,0.0,0,2702.0
0.269647407,52,0,0.372029544,18683.0,14,0,3,0,2.0,0,6227.666666666667
0.445877008,76,1,2.205.789.711,6666.0,16,0,1,0,1.0,1,3333.0
0.010839566,60,0,0.874612042,1610.0,7,0,1,0,0.0,0,1610.0
0.727456168,61,0,0.630438808,5400.0,12,0,1,0,1.0,0,2700.0
0.0239988,39,0,0.138111431,3822.0,7,0,0,0,0.0,0,3822.0
0.047995378,61,0,0.627774445,3333.0,13,0,2,0,0.0,0,3333.0
0.148802591,64,0,1.144.199.611,3085.0,10,0,1,0,0.0,0,3085.0
0.19277747,68,0,0.539525424,7374.0,10,0,2,0,0.0,0,7374.0
0.377322461,31,0,0.326268465,4670.0,11,0,1,0,1.0,0,2335.0
0.035905383,40,0,0.368490153,9139.0,7,0,1,0,2.0,0,3046.3333333333335
0.853517878,49,3,0.01398286,6650.0,4,0,0,1,0.0,4,6650.0
0.609223699,50,0,0.262529213,3850.0,7,0,0,0,1.0,0,1925.0
0.888548194,44,0,1.320.271.891,2500.0,10,0,2,0,0.0,0,2500.0
0.039346142,69,0,0.11386958,12083.0,7,0,2,0,0.0,0,12083.0
0.629393971,60,0,0.105464384,17000.0,9,0,2,0,1.0,0,8500.0
1.065.797.807,36,1,1.821.146.765,1900.0,8,0,1,0,2.0,1,633.3333333333334
0.262962598,62,0,0.502122946,5416.0,15,0,1,0,1.0,0,2708.0
0.118219474,58,0,0.624572149,5550.0,23,0,2,0,0.0,0,5550.0
0.026437088,72,0,0.096074128,4100.0,12,0,0,0,1.0,0,2050.0
0.153962701,43,0,0.442111578,5000.0,10,0,1,0,2.0,0,1666.6666666666667
0.046303627,39,0,0.231765378,5250.0,6,0,1,0,0.0,0,5250.0
0.067986403,33,0,0.701049825,6000.0,3,0,1,0,1.0,0,3000.0
0.476117463,48,0,0.586744855,9037.0,8,0,4,0,2.0,0,3012.3333333333335
0.02490596,38,0,0.341734706,8450.0,11,0,1,0,0.0,0,8450.0
0.9999999,33,0,1.030.692.363,1400.0,4,2,2,1,0.0,3,1400.0
0.039831994,33,0,0.641123275,2100.0,10,0,1,0,0.0,0,2100.0
0.19377409,46,1,0.496402878,2640.0,13,0,1,0,2.0,1,880.0
0.040447329,40,0,0.083775186,6600.0,8,1,0,0,0.0,1,6600.0
0.811689842,56,2,00.05,8127.0,17,0,1,0,1.0,2,4063.5
0.995510815,30,3,0.322225925,3000.0,5,0,0,0,0.0,3,3000.0
0.127395753,80,0,0.029992107,3800.0,1,0,0,0,1.0,0,1900.0
0.062149815,46,1,0.135316699,2083.0,4,0,0,0,3.0,1,520.75
0.48125937,37,0,1.437.932.414,5000.0,3,0,0,0,3.0,0,1250.0
0.621979205,57,0,0.665597801,2182.0,13,0,0,0,0.0,0,2182.0
0.097941948,64,0,0.57019937,4764.0,10,0,1,0,0.0,0,4764.0
0.07627655,56,0,0.313113037,10500.0,12,0,3,0,1.0,0,5250.0
0.035547078,69,0,0.15928024,3000.0,4,0,2,0,0.0,0,3000.0
0,26,1,0.504890895,1328.0,7,0,0,0,0.0,1,1328.0
0.996333578,34,0,0.54176663,4584.0,8,0,1,0,0.0,0,4584.0
0.9999999,43,1,0.094381124,5000.0,2,0,1,0,2.0,1,1666.6666666666667
0.449421706,44,1,0.349107712,6275.0,13,0,1,0,4.0,1,1255.0
0.947421638,56,0,0.318946842,6000.0,10,0,0,0,0.0,0,6000.0
0.512592814,41,0,0.299770023,10000.0,5,0,1,0,1.0,0,5000.0
0.22736891,44,0,0.220522052,4443.0,7,0,0,0,2.0,0,1481.0
0.140590627,45,0,0.017740028,9300.0,6,0,0,0,0.0,0,9300.0
0.030895048,25,0,0.00234852,2128.0,1,0,0,0,0.0,0,2128.0
0.358973307,47,0,0.631007242,6075.0,24,0,3,0,2.0,0,2025.0
0.9999999,43,0,0.549664314,5808.0,2,0,2,0,2.0,0,1936.0
0.965783089,73,0,0.363144028,6831.0,14,0,0,0,0.0,0,6831.0
0,52,0,0.217217408,10500.0,9,0,1,0,0.0,0,10500.0
0.076360165,67,0,0.146994473,17367.0,10,0,2,0,1.0,0,8683.5
0.9999999,55,1,0.105694153,5250.0,0,1,0,1,0.0,3,5250.0
0.022644266,50,0,0.370631195,3833.0,12,0,1,0,2.0,0,1277.6666666666667
0.9999999,43,0,0.57808418,6889.0,5,0,3,0,1.0,0,3444.5
1.100.789.921,42,0,0.119356351,6400.0,2,0,0,0,2.0,0,2133.3333333333335
0.368712175,34,2,0.515596881,6667.0,11,0,2,0,2.0,2,2222.3333333333335
0.119353874,30,0,0.031910804,2600.0,8,0,0,0,0.0,0,2600.0
0.022086248,86,0,0.017137961,3500.0,14,0,0,0,0.0,0,3500.0
0.945537659,58,0,0.592349214,4260.0,6,0,2,0,0.0,0,4260.0
0.115896386,42,0,0.037185126,2500.0,4,0,0,0,2.0,0,833.3333333333334
0.044059303,80,0,0.01599543,3500.0,8,0,0,0,0.0,0,3500.0
0.039835521,35,0,0.099063771,20400.0,13,0,1,0,2.0,0,6800.0
0,40,0,0.903654485,300.0,6,0,0,0,3.0,0,75.0
0.466961087,30,0,0.061195104,4166.0,3,0,0,0,0.0,0,4166.0
0.024989619,43,0,1161.05.00,1.0,9,0,2,0,3.0,0,0.25
0.309115147,50,0,1.423.827.687,4456.0,13,0,2,0,0.0,0,4456.0
0.015146925,52,3,0.000383436,2607.0,4,0,0,0,0.0,3,2607.0
0,44,1,0,6540.0,1,0,0,2,3.0,3,1635.0
0.661088306,41,0,0.221029248,2700.0,3,0,0,0,0.0,0,2700.0
0.066079563,45,0,0.280410399,11500.0,12,0,1,0,4.0,0,2300.0
0.208754104,69,1,0.337115714,7578.0,20,1,1,0,1.0,2,3789.0
0.043116821,66,0,0.621664361,5058.0,9,0,2,0,1.0,0,2529.0
0.047906218,49,0,0.38683699,3600.0,6,0,2,0,2.0,0,1200.0
0.024328527,51,0,0.280458384,9947.0,7,0,1,0,1.0,0,4973.5
0.258161927,66,0,0.481724307,6100.0,11,0,1,1,2.0,1,2033.3333333333333
0.9999999,26,0,0.087038344,4250.0,4,0,0,0,0.0,0,4250.0
0.010301229,60,0,0.264713622,11400.0,9,0,2,0,0.0,0,11400.0
0.49606995,30,0,0.446729506,3500.0,8,0,0,0,0.0,0,3500.0
0.431725481,71,0,0.379892368,4087.0,5,0,0,0,0.0,0,4087.0
0,48,0,0.150374951,7600.0,4,0,1,0,2.0,0,2533.3333333333335
0.403930696,70,0,0.428136419,1641.0,10,0,0,0,0.0,0,1641.0
0,78,1,0.297489447,4500.0,8,0,0,0,0.0,1,4500.0
0.19361792,44,0,0.271902953,8160.0,6,0,2,0,1.0,0,4080.0
0.493502166,24,0,0.04894327,898.0,3,0,0,0,0.0,0,898.0
0.9999999,59,0,0.301039222,2982.0,4,0,0,0,0.0,0,2982.0
0.448527983,45,0,0.281731475,12266.0,17,0,2,0,0.0,0,12266.0
0.05331327,52,0,0.191121776,8334.0,6,0,1,0,0.0,0,8334.0
0.463463272,53,0,0.407847082,9939.0,12,0,1,0,0.0,0,9939.0
0.749133564,50,2,0.432119554,4750.0,17,0,1,0,0.0,2,4750.0
0.593733776,52,0,0.740372923,4933.0,14,0,2,0,0.0,0,4933.0
0.018959621,70,0,0.109270104,7000.0,13,0,0,0,0.0,0,7000.0
0.156478603,49,0,0.110491358,27250.0,9,0,1,0,1.0,0,13625.0
0.056687008,64,0,0.00459908,5000.0,1,0,0,0,0.0,0,5000.0
0.957304684,56,2,0.65521997,7250.0,7,0,3,0,3.0,2,1812.5
1.025.987.006,29,1,0.164917541,2000.0,5,0,0,1,0.0,2,2000.0
0.718943158,46,0,0.292065518,4700.0,8,0,1,0,2.0,0,1566.6666666666667
0.279554504,57,0,0.658669226,3125.0,12,0,1,0,0.0,0,3125.0
0,61,0,0.094006037,2318.0,2,0,0,0,0.0,0,2318.0
0.474762019,51,0,3006,0.0,10,0,2,0,2.0,0,0.0
0.153905325,67,0,0.273116744,2800.0,8,0,1,0,0.0,0,2800.0
0.011342695,59,0,0.097276527,14833.0,7,0,1,0,1.0,0,7416.5
0.89602197,59,0,0.338426924,10666.0,11,0,1,0,1.0,0,5333.0
0,48,0,0.087719298,2450.0,2,0,0,0,0.0,0,2450.0
0.131841132,57,0,0.366721854,6039.0,8,0,1,0,1.0,0,3019.5
0,77,0,0.000240096,8329.0,5,0,0,0,0.0,0,8329.0
0,28,0,0.556668754,1596.0,7,0,1,0,0.0,0,1596.0
0.108322838,59,0,0.252432797,10378.0,22,0,2,0,1.0,0,5189.0
0.011929406,40,0,0.00089991,10000.0,5,0,0,0,2.0,0,3333.3333333333335
0.328400742,58,0,0.875743871,4200.0,14,0,2,0,0.0,0,4200.0
0.826293427,27,0,0.670428894,3100.0,6,0,1,0,0.0,0,3100.0
0.008205641,66,0,0.392187098,7781.0,9,0,2,0,0.0,0,7781.0
0.015856363,83,0,0.042866863,4408.0,11,0,0,0,0.0,0,4408.0
0.269076926,49,0,0.372679304,5116.0,19,0,1,0,0.0,0,5116.0
0.148035499,34,0,0.408197268,3000.0,8,0,1,0,0.0,0,3000.0
0,49,0,0.864570078,5500.0,7,0,2,0,0.0,0,5500.0
0.846163759,47,0,0.571108043,5793.0,12,0,1,0,0.0,0,5793.0
0,57,0,0.180481702,3196.0,4,0,0,0,0.0,0,3196.0
0.443739333,38,1,0.482627682,15800.0,11,0,3,0,3.0,1,3950.0
0.012874949,54,0,0.663734506,2500.0,13,0,2,0,0.0,0,2500.0
0.29254121,71,0,0.075440829,5500.0,8,0,0,0,1.0,0,2750.0
0.025949077,62,0,0.18960099,10500.0,32,0,2,0,0.0,0,10500.0
0.00378197,45,0,0.031844929,8666.0,7,0,0,0,1.0,0,4333.0
0.013266224,69,0,0.216806723,4164.0,5,0,2,0,0.0,0,4164.0
0.785606325,28,0,0.236503856,3500.0,8,0,0,0,0.0,0,3500.0
0.003158414,70,0,0.00123705,6466.0,3,0,0,0,0.0,0,6466.0
0.286095187,42,0,0.264635888,2100.0,2,0,0,0,2.0,0,700.0
0.187116258,47,0,0.408397901,4000.0,8,0,1,0,2.0,0,1333.3333333333333
0.356468629,32,0,0.005427021,3500.0,2,0,0,0,1.0,0,1750.0
0.09044407,51,0,0.34239838,6912.0,16,0,1,0,2.0,0,2304.0
0.584210329,50,0,0.190307049,12668.0,10,0,2,1,0.0,1,12668.0
0.122707297,32,0,0.390742872,7820.0,16,0,2,0,1.0,0,3910.0
0.026382818,57,0,0.574478528,4074.0,7,0,1,0,4.0,0,814.8
0.110673849,45,0,0.750166556,3001.0,7,0,1,0,0.0,0,3001.0
0.462307492,52,0,0.564959646,14000.0,14,0,3,0,1.0,0,7000.0
0.371301304,34,0,0.365579303,8000.0,9,0,2,0,0.0,0,8000.0
0.028732042,27,0,0.190391459,2247.0,4,0,0,0,1.0,0,1123.5
0.069115388,73,0,0.178067885,3829.0,9,0,1,0,0.0,0,3829.0
0.061749498,51,0,0.219747297,7676.0,3,0,1,0,3.0,0,1919.0
0.9999999,52,0,0.365572894,43000.0,8,0,4,0,2.0,0,14333.333333333334
0.077666577,74,0,0.37307592,7665.0,15,0,1,0,0.0,0,7665.0
0.29534592,59,0,0.23668333,5800.0,12,0,2,0,0.0,0,5800.0
0.040844917,47,0,0.270659761,4440.0,19,0,1,0,1.0,0,2220.0
0,46,0,0.651575748,6250.0,7,0,3,0,3.0,0,1562.5
0.012210343,76,0,0.358526216,4233.0,11,0,2,0,0.0,0,4233.0
0.455295736,42,0,0.625428082,4671.0,8,0,1,0,0.0,0,4671.0
0.83292428,52,0,0.279050396,2400.0,3,0,0,0,1.0,0,1200.0
0,39,0,2,1.0,8,0,0,1,0.0,1,1.0
0.032283908,39,0,0.440255974,10000.0,10,0,2,0,3.0,0,2500.0
0.022055585,53,0,0.246775322,10000.0,16,0,2,0,4.0,0,2000.0
0.342623027,51,1,0.952191235,501.0,17,0,0,0,1.0,1,250.5
0.509772234,49,0,0.269070891,8900.0,6,0,1,0,1.0,0,4450.0
0,40,0,0.228606524,7326.0,11,0,2,0,1.0,0,3663.0
0.243414655,36,0,0.307228217,8618.0,10,0,2,0,3.0,0,2154.5
0.085810857,68,0,0.304793643,3900.0,12,0,1,0,0.0,0,3900.0
0.355425281,49,0,0.08623922,5333.0,11,0,0,0,0.0,0,5333.0
0.976958525,44,0,0.090151641,6000.0,4,0,0,2,1.0,2,3000.0
0.242703637,42,1,0.036493918,6000.0,11,0,0,0,0.0,1,6000.0
0.084575576,40,0,0.176483468,9133.0,7,0,2,0,1.0,0,4566.5
0,34,0,0.317323306,11700.0,9,0,2,0,2.0,0,3900.0
0.265371382,67,1,0.038434293,60700.0,21,0,1,0,0.0,1,60700.0
0.833895763,54,2,0.355233626,4900.0,6,0,1,1,0.0,3,4900.0
0.403667475,52,4,0.345344796,16400.0,9,2,2,1,1.0,7,8200.0
0.687402643,33,0,0.257774223,10000.0,9,0,2,0,0.0,0,10000.0
0.471148598,46,0,0.10915142,127400.0,15,0,4,0,2.0,0,42466.666666666664
0.132607665,63,1,0.425324675,7083.0,14,0,1,0,0.0,1,7083.0
0.655959139,59,0,0.426971535,15000.0,15,0,3,0,0.0,0,15000.0
0.351527079,62,1,0.190404642,19300.0,14,0,2,0,4.0,1,3860.0
0.865133298,43,0,0.542323928,4500.0,8,0,1,0,1.0,0,2250.0
0.070216218,51,0,0.22894385,2991.0,8,0,1,0,0.0,0,2991.0
0.987771611,43,1,0.112875217,4030.0,9,0,0,0,0.0,1,4030.0
0.019632679,59,0,0.00339932,5000.0,7,0,0,0,0.0,0,5000.0
0.186302627,60,0,0.47471416,4547.0,6,0,2,0,1.0,0,2273.5
1.113.318.224,29,1,0.331391963,5150.0,5,1,0,0,1.0,2,2575.0
0.019160896,70,0,0.004684486,3628.0,6,0,0,0,0.0,0,3628.0
0.970285928,56,0,0.285714286,4500.0,7,0,0,0,0.0,0,4500.0
0.013557599,55,0,0.232389032,6600.0,14,0,2,0,0.0,0,6600.0
0.341100145,58,1,1.780.310.984,20000.0,12,0,5,1,0.0,2,20000.0
101.110.497,47,0,0.420899855,6200.0,11,0,1,0,2.0,0,2066.6666666666665
0.819287576,39,0,0.61437618,9000.0,13,0,2,0,0.0,0,9000.0
0.038344679,63,0,2.828.963.795,800.0,19,0,1,1,1.0,1,400.0
0.348718845,48,1,0.345767888,4583.0,7,0,0,0,4.0,1,916.6
0.472558546,35,0,0.715783954,3813.0,14,0,3,0,1.0,0,1906.5
0.033303593,51,0,182.818.749,6250.0,26,0,7,0,3.0,0,1562.5
0.010633699,76,0,0.002295014,4792.0,3,0,0,0,0.0,0,4792.0
0.84611898,43,5,0.744844824,4800.0,10,0,2,0,0.0,5,4800.0
0.02539873,55,0,0.2432027,5332.0,3,0,1,0,0.0,0,5332.0
0.091792768,78,0,0.656379194,10400.0,10,0,2,0,2.0,0,3466.6666666666665
0.261315912,40,0,0.219045938,17000.0,9,0,2,0,3.0,0,4250.0
0.065792396,52,0,0.38227983,5631.0,22,0,1,0,2.0,0,1877.0
0.065084337,65,0,0.040793473,6250.0,5,0,0,0,1.0,0,3125.0
0.31299773,61,0,0.174970108,10035.0,13,0,1,0,2.0,0,3345.0
0.050391957,62,0,0.310737852,5000.0,6,0,2,0,0.0,0,5000.0
0,30,0,0.467745775,4200.0,5,0,2,0,0.0,0,4200.0
0.441679749,46,3,0.56135966,4000.0,14,0,1,0,3.0,3,1000.0
0.595400767,57,0,0.088259784,1200.0,2,0,0,0,0.0,0,1200.0
0.312232343,60,0,0.510414931,6000.0,18,0,2,0,1.0,0,3000.0
0.239284945,72,0,0.42183539,5916.0,7,0,1,0,0.0,0,5916.0
0.359614193,52,2,0.750296209,3375.0,12,0,2,1,2.0,3,1125.0
0.455211469,40,0,0.535391668,7416.0,9,0,3,0,2.0,0,2472.0
0.54699881,50,0,0.748071979,3500.0,9,0,2,0,3.0,0,875.0
0,48,0,0.386761324,10000.0,13,0,2,0,3.0,0,2500.0
0.812489756,39,0,0.130099417,5833.0,6,0,0,0,0.0,0,5833.0
0.411592668,58,0,0.461515424,13355.0,28,0,3,0,2.0,0,4451.666666666667
0.030314754,63,0,0.172588832,6500.0,15,0,1,0,1.0,0,3250.0
0.764522174,23,0,0.283143371,1666.0,5,0,1,0,0.0,0,1666.0
0.221050718,26,0,0.011996001,3000.0,2,0,0,0,0.0,0,3000.0
0.458882512,32,0,0.680703778,3466.0,8,0,1,0,0.0,0,3466.0
0.700664238,28,0,0.108978204,5000.0,7,0,0,0,0.0,0,5000.0
1.112.273.147,49,1,0.331390508,1200.0,4,0,0,0,2.0,1,400.0
0.000419149,39,0,0.201017812,3929.0,5,0,2,0,0.0,0,3929.0
0.046015639,63,0,0.424015009,4263.0,5,0,1,0,0.0,0,4263.0
0.109737678,61,0,0.572644118,4700.0,14,0,2,0,0.0,0,4700.0
0.038917573,65,0,0.610895736,4900.0,7,0,2,0,0.0,0,4900.0
0.4931043,49,0,0.391658335,7000.0,11,0,3,0,1.0,0,3500.0
1.004.312.034,28,1,0.366816592,2000.0,6,0,0,0,0.0,1,2000.0
0.228500277,78,0,0.536099042,16800.0,15,0,3,0,0.0,0,16800.0
0.513301005,67,0,115.632.012,2673.0,18,0,2,0,1.0,0,1336.5
0.025449081,58,0,0.25385459,15500.0,7,0,2,0,2.0,0,5166.666666666667
0.297532601,53,0,0.381670666,8750.0,12,0,2,0,0.0,0,8750.0
0.016627621,33,0,1,4000.0,7,0,3,0,0.0,0,4000.0
0.170497148,33,0,0.055352353,4100.0,3,0,0,0,0.0,0,4100.0
0.056805507,81,0,0.276778063,3500.0,6,0,2,0,0.0,0,3500.0
0.342762063,27,0,0.156368726,5000.0,7,1,0,0,1.0,1,2500.0
0.165242996,39,0,0.209930023,3000.0,12,0,0,0,0.0,0,3000.0
0.084363974,42,0,136,0.0,7,0,0,0,2.0,0,0.0
0.002229654,65,0,0.006973644,9750.0,4,0,0,0,0.0,0,9750.0
0.9999999,49,0,0.518591968,6050.0,6,0,2,0,2.0,0,2016.6666666666667
0.280331744,68,0,0.141259885,11000.0,8,0,2,0,1.0,0,5500.0
0.402457356,36,1,0.531562411,3500.0,7,0,2,0,2.0,1,1166.6666666666667
0.357595584,52,2,0.532058248,4600.0,14,0,1,0,4.0,2,920.0
0.45508982,22,0,6,0.0,1,0,0,0,0.0,0,0.0
0.05986454,44,0,3.468.288.445,1150.0,9,0,2,0,0.0,0,1150.0
0.990904688,54,0,0.451269576,6576.0,12,0,1,0,2.0,0,2192.0
0.352664734,39,0,0.164527027,5919.0,5,0,1,0,4.0,0,1183.8
0.014132391,53,0,0.000922935,6500.0,3,0,0,0,2.0,0,2166.6666666666665
0.866742217,43,1,0.470496491,3846.0,3,0,1,0,2.0,1,1282.0
0.418254248,44,1,0.794462194,8450.0,24,0,2,1,6.0,2,1207.142857142857
0.192085096,61,0,0.362802768,5779.0,12,0,1,0,0.0,0,5779.0
0.003591326,83,0,0.000869313,10352.0,14,0,0,0,0.0,0,10352.0
0.975118379,50,0,0.794688657,15400.0,13,0,6,0,0.0,0,15400.0
0.903601483,52,0,0.311493512,21733.0,11,0,2,0,2.0,0,7244.333333333333
0.9999999,29,0,0,3200.0,0,0,0,0,0.0,0,3200.0
0.9999999,68,0,0.196745562,1351.0,3,0,0,0,0.0,0,1351.0
0.162213639,38,0,0.030312599,3166.0,3,0,0,0,3.0,0,791.5
0.492305066,39,0,0.371546356,11400.0,15,0,1,1,0.0,1,11400.0
0.008066888,43,0,0.001249688,4000.0,3,0,0,0,2.0,0,1333.3333333333333
0.89592098,33,0,0.35703848,4105.0,11,0,0,0,1.0,0,2052.5
0.445703733,51,0,0.667607843,6374.0,15,0,2,0,0.0,0,6374.0
0.597369002,42,0,0.322807808,35500.0,13,0,3,0,2.0,0,11833.333333333334
0.05087341,49,0,0.242801047,4583.0,12,0,2,0,0.0,0,4583.0
0.272727273,47,0,0.289259259,10799.0,5,0,1,0,1.0,0,5399.5
0.9999999,49,0,0,4600.0,1,0,0,0,0.0,0,4600.0
0.006129579,52,0,0.019739958,65450.0,12,0,1,0,0.0,0,65450.0
0.01718597,48,0,0.348886815,7500.0,8,0,3,0,2.0,0,2500.0
0.103777152,67,0,1.206.092.337,2100.0,8,0,2,0,0.0,0,2100.0
0.0349002,69,0,0.088151975,6000.0,9,0,0,0,0.0,0,6000.0
0.063051369,49,0,0.539529717,5400.0,11,0,1,0,1.0,0,2700.0
0,62,3,0.149346475,14000.0,15,0,1,1,0.0,4,14000.0
0.014226321,75,0,0.019175455,1042.0,5,0,0,0,0.0,0,1042.0
0.168745274,69,1,0.248408367,8795.0,16,0,2,0,0.0,1,8795.0
0.167783222,72,1,0.379365503,3750.0,6,0,1,0,0.0,1,3750.0
0.044115097,54,1,0.149990507,15800.0,14,0,2,0,2.0,1,5266.666666666667
0.15439228,37,0,0.181554337,3100.0,5,0,0,0,0.0,0,3100.0
0.005494355,53,0,0.113024966,10333.0,8,0,2,0,2.0,0,3444.3333333333335
0.9999999,56,0,0.035528942,2504.0,1,0,0,0,0.0,0,2504.0
0.116641399,67,0,0.292227703,7500.0,7,0,2,0,0.0,0,7500.0
0.00319968,66,1,0.165566887,5000.0,4,2,1,0,0.0,3,5000.0
0.999870113,37,2,1.389.645.777,1100.0,5,0,1,1,1.0,3,550.0
0,39,0,0.232965009,8687.0,4,0,1,0,4.0,0,1737.4
0.004703195,51,0,0.387378944,3200.0,16,0,1,0,1.0,0,1600.0
0.883623275,33,0,0.309995953,2470.0,3,0,0,0,1.0,0,1235.0
0.9999999,41,0,0.406351073,3400.0,5,1,1,0,3.0,1,850.0
0.937091568,44,2,0.45098358,6150.0,11,0,1,1,3.0,3,1537.5
0.611865678,72,0,0.04578345,7600.0,3,0,1,0,0.0,0,7600.0
0.569250318,54,0,0.513017018,17745.0,17,0,4,0,0.0,0,17745.0
0.206251778,73,0,0.425217621,3790.0,7,0,1,0,1.0,0,1895.0
0.017744083,67,0,0.054249065,3741.0,4,0,1,0,0.0,0,3741.0
0.008623922,43,0,0.223612104,8393.0,9,0,2,0,1.0,0,4196.5
1.286.068.717,45,2,0.297283786,6000.0,12,0,0,0,1.0,2,3000.0
0.015355025,76,0,0.213223347,8000.0,13,0,1,0,0.0,0,8000.0
0.039285313,62,0,0.17820882,6598.0,8,0,1,0,1.0,0,3299.0
0.458999783,84,0,0.569277817,4250.0,15,0,2,0,0.0,0,4250.0
0.017749756,80,0,0.184346878,11000.0,19,0,1,0,0.0,0,11000.0
0.04995005,43,0,0.336319894,6026.0,5,0,1,0,0.0,0,6026.0
0.029360967,35,0,0.328815819,4500.0,8,0,1,0,2.0,0,1500.0
0.755310524,49,0,0.313223233,8900.0,11,1,1,0,0.0,1,8900.0
0.018650638,56,0,1.115.730.025,10800.0,8,0,5,0,0.0,0,10800.0
0.073248295,68,0,0.138205079,5158.0,5,0,1,0,1.0,0,2579.0
0.69179499,50,0,0.804166667,3119.0,6,0,1,0,0.0,0,3119.0
0.081838363,66,0,0.471315846,4688.0,6,0,2,0,0.0,0,4688.0
0.525800004,66,0,0.213406578,14380.0,7,0,2,0,1.0,0,7190.0
1.121.985.649,39,1,0.204243078,2780.0,11,0,0,0,1.0,1,1390.0
0.101431411,68,0,0.317276273,9486.0,12,0,2,0,0.0,0,9486.0
0.124123966,39,0,0.482361819,5300.0,20,1,2,0,3.0,1,1325.0
0.090381924,45,0,0.351471181,2480.0,4,0,1,0,0.0,0,2480.0
0.450920901,33,0,0.394960504,10000.0,15,0,2,0,0.0,0,10000.0
0.532499027,50,3,0.369983451,9667.0,13,0,1,0,0.0,3,9667.0
0.931449869,61,3,0.373568427,12136.0,12,0,2,0,0.0,3,12136.0
0,37,3,0.347937544,4290.0,6,0,1,0,0.0,3,4290.0
0.431893007,56,1,0.483551645,10000.0,11,0,2,0,1.0,1,5000.0
0.129886852,67,0,0.231332357,4097.0,6,0,1,0,0.0,0,4097.0
0.808674254,24,1,0.126092385,800.0,3,0,0,0,0.0,1,800.0
0.199434558,79,0,0.32895888,8000.0,15,0,2,0,0.0,0,8000.0
0.011853466,80,0,0.064123957,4194.0,8,0,1,0,0.0,0,4194.0
0.1972545,39,0,0.347330729,6143.0,9,0,1,0,1.0,0,3071.5
0.9999999,53,1,0.586219207,2800.0,4,0,1,0,1.0,1,1400.0
0.715093728,47,0,0.671636393,24883.0,40,0,20,0,2.0,0,8294.333333333334
0.17979042,66,0,0.278944425,19666.0,26,0,2,0,0.0,0,19666.0
0.299680591,42,0,0.432439939,7200.0,11,0,2,0,4.0,0,1440.0
0.081020804,56,2,0.317548747,14000.0,15,0,1,1,1.0,3,7000.0
0.793543472,29,0,0.304821151,4500.0,7,0,0,0,1.0,0,2250.0
0.127828514,38,0,0.39593665,6250.0,8,0,2,0,0.0,0,6250.0
0.011137923,56,0,0.342001131,24765.0,14,0,4,0,1.0,0,12382.5
0.079892011,55,0,0.205201897,13917.0,9,0,2,0,2.0,0,4639.0
0.035503936,64,0,0.098535286,750.0,5,0,0,0,0.0,0,750.0
0.002133191,54,0,0.139347974,8833.0,3,0,1,0,0.0,0,8833.0
0.232919177,67,0,0.279771469,5600.0,5,0,1,0,0.0,0,5600.0
0.663867227,54,0,0.438155136,5246.0,16,0,1,0,0.0,0,5246.0
0.40137668,59,0,0.950209958,3333.0,7,0,2,0,1.0,0,1666.5
0,73,0,0.09520476,5713.0,10,0,1,0,0.0,0,5713.0
0.416363015,56,0,0.422382671,12741.0,13,0,1,0,0.0,0,12741.0
0,45,1,0.28277923,2676.0,4,0,1,0,1.0,1,1338.0
0,52,0,0.257757365,8926.0,11,0,1,0,2.0,0,2975.3333333333335
0.034931781,41,1,0.14435868,6088.0,4,0,1,0,2.0,1,2029.3333333333333
0.395136403,49,0,0.137389317,3500.0,5,0,0,0,0.0,0,3500.0
0.016983017,29,0,0,2431.0,2,0,0,0,0.0,0,2431.0
0.032608969,74,0,0.106966925,5683.0,8,0,1,0,0.0,0,5683.0
0.413113029,72,0,5202,0.0,16,0,1,0,0.0,0,0.0
0.007526679,58,0,0.124092201,9500.0,11,0,1,0,0.0,0,9500.0
0.296261214,72,0,0.235310923,10500.0,26,0,2,0,0.0,0,10500.0
0.953261685,41,0,0.137064297,7200.0,3,0,0,0,3.0,0,1800.0
0.377958965,54,0,0.50329704,6520.0,21,0,1,0,1.0,0,3260.0
0.658822859,47,0,0.052278246,7000.0,5,1,0,0,0.0,1,7000.0
0.586118986,45,0,0.637463099,10500.0,9,0,3,0,1.0,0,5250.0
0.515391553,64,0,0.130322473,12000.0,11,0,2,0,3.0,0,3000.0
100.239.984,35,0,0.73519401,4406.0,6,0,2,0,0.0,0,4406.0
0.009049548,31,0,0.0019992,2500.0,2,0,0,0,0.0,0,2500.0
0.726888626,57,0,0.806950726,4200.0,10,0,2,0,0.0,0,4200.0
0.781943143,27,0,0.215512754,1920.0,3,0,0,0,0.0,0,1920.0
0.710415812,45,0,0.380098397,6300.0,8,0,1,0,3.0,0,1575.0
0.45625729,35,0,0.589138782,3645.0,4,0,1,0,2.0,0,1215.0
0.503930131,30,0,0.174610556,4300.0,4,0,0,0,2.0,0,1433.3333333333333
0.206986201,39,0,0.143285671,10000.0,8,0,0,0,1.0,0,5000.0
0.005919336,60,0,0.482703459,5000.0,8,0,2,0,0.0,0,5000.0
0.377570738,66,0,0.368361215,6156.0,11,0,1,0,2.0,0,2052.0
0.005729158,56,0,0.368898978,6166.0,20,0,2,0,3.0,0,1541.5
0.9999999,35,1,0.343437006,3793.0,3,0,2,0,2.0,1,1264.3333333333333
0,29,0,393,1.0,5,0,0,0,1.0,0,0.5
0.037281612,64,0,0.017386091,1667.0,4,0,0,0,0.0,0,1667.0
0.18989899,45,0,0.18977103,8035.0,13,0,1,0,1.0,0,4017.5
0.229616088,49,1,0.43115721,4916.0,26,0,1,0,1.0,1,2458.0
0.358009406,51,0,0.429658341,6965.0,10,0,1,0,3.0,0,1741.25
0.9999999,29,0,0.108140948,3291.0,1,0,0,1,1.0,1,1645.5
0.089953019,29,0,0.185827698,3400.0,9,0,0,0,0.0,0,3400.0
108.922.505,53,1,0.518576661,1910.0,3,0,0,0,1.0,1,955.0
0.19303668,56,0,0.169423216,26300.0,9,0,3,0,0.0,0,26300.0
0.200771191,41,0,0.3984275,10937.0,5,0,1,0,2.0,0,3645.6666666666665
0.696114326,45,1,0.402376562,9761.0,9,0,1,0,2.0,1,3253.6666666666665
0,35,0,0,3362.0,1,0,0,0,0.0,0,3362.0
0.420783646,33,0,0.151276637,10417.0,8,0,2,0,0.0,0,10417.0
0.914510686,32,0,0.281121349,5100.0,6,0,1,0,3.0,0,1275.0
0.00656571,52,0,0.276551653,9650.0,8,0,2,0,2.0,0,3216.6666666666665
0.536263389,43,1,1.589.337.776,2400.0,8,0,2,0,3.0,1,600.0
0.03082827,54,0,0.390681004,6416.0,32,0,1,0,1.0,0,3208.0
0.005630649,50,1,0.057294271,10000.0,6,0,0,0,3.0,1,2500.0
0,31,1,0.148462884,4000.0,9,0,0,1,1.0,2,2000.0
0.638606676,26,2,0.900166389,600.0,6,1,0,0,0.0,3,600.0
0.613910643,59,0,0.53605155,9000.0,6,0,1,0,1.0,0,4500.0
0.059228537,42,0,0.259248679,7000.0,10,0,1,0,0.0,0,7000.0
0.874833555,42,0,0.513744655,3273.0,6,2,0,0,2.0,2,1091.0
0.599948941,57,4,0.378141361,7639.0,17,0,1,0,2.0,4,2546.3333333333335
0.401179983,56,0,0.432715983,9340.0,11,0,3,0,2.0,0,3113.3333333333335
0.01355749,57,0,0.352801894,3800.0,20,0,1,0,2.0,0,1266.6666666666667
0.329877908,48,0,0.402533374,13183.0,7,0,2,0,2.0,0,4394.333333333333
0.709673321,39,0,0.475536595,7500.0,11,0,1,0,2.0,0,2500.0
0.210343329,26,2,0.009608785,1456.0,2,0,0,0,0.0,2,1456.0
0.551889862,42,1,0.790613718,3600.0,18,0,2,0,1.0,1,1800.0
0.371814093,42,0,0.06703022,4400.0,5,0,0,0,1.0,0,2200.0
1.544.845.515,47,1,0.961153956,3500.0,8,0,1,0,2.0,1,1166.6666666666667
0.2059883,62,0,0.136279225,21000.0,13,0,1,0,0.0,0,21000.0
0.365963404,35,0,0.318935428,4583.0,2,0,1,0,2.0,0,1527.6666666666667
0.084739643,60,1,0.226163552,8400.0,12,0,1,0,0.0,1,8400.0
0.006418306,33,0,0.663469355,6150.0,5,0,1,0,1.0,0,3075.0
0.938025558,34,3,0.557912704,4100.0,8,1,0,0,1.0,4,2050.0
0.075097251,58,0,0.49706811,4433.0,10,0,1,0,0.0,0,4433.0
0.793346774,46,2,0.509987934,7458.0,11,2,1,0,2.0,4,2486.0
0.055865251,71,0,0.053038866,11500.0,8,0,0,0,0.0,0,11500.0
0.180975079,46,3,0.599599313,6987.0,15,0,3,0,0.0,3,6987.0
0.009858672,66,0,0.220877912,10000.0,10,0,1,0,0.0,0,10000.0
0.247109152,48,0,1.418.367.347,3135.0,13,0,3,0,2.0,0,1045.0
0.111208009,49,0,0.164783522,10000.0,10,0,1,0,2.0,0,3333.3333333333335
0,50,0,0.596486216,7000.0,8,0,2,0,1.0,0,3500.0
0.012191002,48,0,0.540090498,11049.0,19,0,3,0,3.0,0,2762.25
0.005730549,33,0,0.097235836,5100.0,4,0,0,0,0.0,0,5100.0
0.009614768,34,0,0.122032167,3916.0,6,0,0,0,0.0,0,3916.0
0.976900534,32,0,0.214566226,2800.0,5,0,0,0,0.0,0,2800.0
0.036764137,57,0,0.002799888,25000.0,5,0,0,0,0.0,0,25000.0
0.211091053,63,0,0.094846813,8518.0,10,0,0,0,0.0,0,8518.0
0.112228692,27,0,0.095984003,6000.0,3,0,0,0,1.0,0,3000.0
0.9999999,46,0,0.001142694,7000.0,0,0,0,0,3.0,0,1750.0
0.06876704,24,0,0.003426613,1750.0,2,0,0,0,0.0,0,1750.0
0.649857279,40,1,0.121309963,4335.0,4,0,0,0,0.0,1,4335.0
0.069883271,61,0,0.135807284,33333.0,13,0,2,0,0.0,0,33333.0
0.675674559,36,0,0.737854738,8315.0,11,0,1,0,2.0,0,2771.6666666666665
0.362489352,47,0,0.394753816,4650.0,8,0,1,0,0.0,0,4650.0
0.123536519,51,0,0.058684055,6747.0,5,0,0,0,2.0,0,2249.0
0.362213987,67,0,0.493090268,3400.0,7,0,1,0,1.0,0,1700.0
0.016259771,51,0,0.005455229,5315.0,5,0,0,0,0.0,0,5315.0
0,59,1,0.531464095,7881.0,8,2,1,0,0.0,3,7881.0
0.553717314,63,0,0.45985586,7908.0,9,0,1,0,1.0,0,3954.0
0.18621451,38,0,0.528392959,7043.0,11,0,1,0,1.0,0,3521.5
0.038124255,66,0,0.336951864,7000.0,9,0,2,0,0.0,0,7000.0
0.366131693,62,0,0.537709194,4600.0,13,0,1,0,0.0,0,4600.0
0,71,0,0.280071993,10000.0,8,0,3,0,0.0,0,10000.0
0.332445037,29,0,0.215490319,1600.0,8,0,0,0,0.0,0,1600.0
0.9999999,51,0,0.039368544,5130.0,4,1,0,0,0.0,1,5130.0
0.016141704,31,0,0.002855783,2100.0,4,0,0,0,0.0,0,2100.0
0.682317682,41,0,0.238568588,3520.0,4,1,0,0,1.0,1,1760.0
0.9999999,46,0,0,0.0,0,2,0,0,3.0,2,0.0
0.102252837,67,0,0.327769715,4133.0,10,0,1,0,0.0,0,4133.0
0.041625708,60,0,103.018.018,2219.0,9,0,1,0,0.0,0,2219.0
0.715284715,22,0,0.008329863,2400.0,2,0,0,0,0.0,0,2400.0
0.517985278,43,0,0.38278448,9200.0,8,0,2,0,2.0,0,3066.6666666666665
0.05088722,73,0,0.021138211,10454.0,10,0,0,0,0.0,0,10454.0
0.138488317,78,0,0.392847164,7157.0,16,0,2,0,1.0,0,3578.5
0.393978534,80,0,0.986946257,7200.0,17,0,2,0,1.0,0,3600.0
0.010510878,81,0,0.003968254,3527.0,6,0,0,0,0.0,0,3527.0
0.9999999,29,1,0.098094967,3516.0,1,0,0,1,0.0,2,3516.0
0.010447916,48,0,0.351952961,4761.0,7,0,2,0,2.0,0,1587.0
0.191208188,61,0,0.152735351,3600.0,11,0,0,0,0.0,0,3600.0
0.567216392,71,0,0.015841584,3029.0,3,0,0,0,0.0,0,3029.0
0.023409065,49,0,0.004930156,3650.0,3,0,0,0,0.0,0,3650.0
0.773845231,58,0,0.095431536,16000.0,11,0,1,0,1.0,0,8000.0
0.09236923,46,0,0.858535366,4000.0,10,0,2,0,1.0,0,2000.0
0.076677799,63,0,0.195391414,6335.0,5,0,1,0,2.0,0,2111.6666666666665
1.376.873.662,61,3,0.334577446,3750.0,10,1,0,2,2.0,6,1250.0
0.251882492,50,0,4481,0.0,10,0,1,0,0.0,0,0.0
0.06988738,75,0,0.122149328,3200.0,8,0,0,0,0.0,0,3200.0
0.98676974,44,0,0.559188847,3944.0,12,0,1,0,1.0,0,1972.0
0.634046053,56,1,1.372.788.494,8760.0,10,0,4,4,2.0,5,2920.0
0.364989591,67,0,0.301548592,8200.0,19,0,2,0,0.0,0,8200.0
0.024987156,53,0,0.187390925,4583.0,20,0,1,0,0.0,0,4583.0
0.09352454,46,0,0.277152504,3553.0,8,0,0,0,2.0,0,1184.3333333333333
0.377750381,59,0,0.307956216,6120.0,14,0,2,0,2.0,0,2040.0
0.04482685,66,0,0.93762495,2500.0,10,0,2,0,0.0,0,2500.0
0.132340111,40,0,0.547866205,2600.0,3,0,1,0,2.0,0,866.6666666666666
0.04819518,73,0,0.003647733,3837.0,1,0,0,0,0.0,0,3837.0
0.002225725,41,0,0.00139972,5000.0,15,0,0,0,0.0,0,5000.0
0.02785837,60,0,0.006691278,4333.0,2,0,0,0,0.0,0,4333.0
0,37,0,0.120573603,6833.0,5,0,0,0,3.0,0,1708.25
0.008175152,50,0,0.08974359,7955.0,7,0,1,0,2.0,0,2651.6666666666665
0.9999999,21,0,0,0.0,1,0,0,0,0.0,0,0.0
0.010959833,62,0,0.047158807,6000.0,5,0,0,0,0.0,0,6000.0
0.074175922,35,0,0.31415189,2988.0,8,0,1,0,3.0,0,747.0
0.456981721,53,0,0.406909789,2083.0,11,0,0,0,0.0,0,2083.0
0.007510337,40,0,0.225539856,3750.0,8,0,1,0,3.0,0,937.5
0.898426633,65,1,0.258862741,9900.0,10,0,2,0,0.0,1,9900.0
0.250974903,33,0,0.061297685,3066.0,4,0,0,0,0.0,0,3066.0
0.634099353,54,2,0.273415405,12021.0,13,0,2,0,1.0,2,6010.5
0.693640848,59,0,0.537645811,6600.0,4,1,2,0,0.0,1,6600.0
0.965137736,40,0,1.060.404.082,4800.0,17,0,2,0,0.0,0,4800.0
0.775746322,33,0,0.372190664,4048.0,9,0,1,0,2.0,0,1349.3333333333333
0.136309811,45,0,0.439235725,4500.0,3,0,1,0,0.0,0,4500.0
0.000468445,41,0,0.207583393,8333.0,11,0,2,1,0.0,1,8333.0
0.07272312,56,0,0.02039898,6666.0,5,0,0,0,0.0,0,6666.0
0.026026968,33,0,0.184294872,3119.0,11,0,0,0,0.0,0,3119.0
0.067186299,66,0,0.277367547,10833.0,16,0,2,0,0.0,0,10833.0
0.330574786,29,0,0.400399734,1500.0,4,0,0,0,0.0,0,1500.0
0.0643725,31,0,0.343754401,7100.0,7,0,1,1,0.0,1,7100.0
0.113565189,44,0,0.423049729,4242.0,6,0,2,0,0.0,0,4242.0
0.301017198,56,0,0.042989253,4000.0,3,0,0,0,0.0,0,4000.0
0.570147662,64,1,0.462971377,2200.0,5,0,0,0,0.0,1,2200.0
0,69,0,0,0.0,3,0,0,0,0.0,0,0.0
0.9999999,51,0,0.03205411,6800.0,2,0,1,0,3.0,0,1700.0
0.024303578,73,0,0.097728727,6251.0,11,0,1,0,0.0,0,6251.0
0.107586019,67,0,3233,0.0,7,0,1,0,0.0,0,0.0
1.002.637.264,32,0,0.242275281,7119.0,6,0,0,0,2.0,0,2373.0
0.55036042,47,0,0.221191152,25000.0,11,0,4,0,0.0,0,25000.0
0.246810703,50,0,2.955.044.955,1000.0,5,0,2,0,1.0,0,500.0
0.020855985,85,0,0.005847953,3077.0,4,0,0,0,0.0,0,3077.0
0.380769509,55,2,0.74845031,5000.0,9,0,2,0,0.0,2,5000.0
0.184213119,67,0,0.192970365,1450.0,9,0,0,0,1.0,0,725.0
0.000221556,44,0,0.228620411,19831.0,10,0,1,0,2.0,0,6610.333333333333
0.9999999,56,0,0.511353147,5416.0,5,1,3,0,0.0,1,5416.0
0.034321893,45,0,0.01498751,1200.0,3,0,0,0,1.0,0,600.0
0.109988543,61,0,0.236018471,1948.0,6,0,1,0,0.0,0,1948.0
0.0343001,47,0,0.201942302,3500.0,10,0,1,0,0.0,0,3500.0
0.029922854,59,0,0.225258247,3000.0,7,0,1,0,0.0,0,3000.0
0.796441789,36,0,0.381946486,3400.0,12,0,1,0,0.0,0,3400.0
0.9999999,61,1,0.000792635,16400.0,1,0,0,0,0.0,1,16400.0
0.013545957,50,1,0.142880181,6200.0,8,0,1,0,1.0,1,3100.0
0.062744671,54,0,0.760597657,17668.0,13,0,3,0,3.0,0,4417.0
0.010758099,67,0,0.18293902,3000.0,23,0,0,0,0.0,0,3000.0
0.023812351,69,1,0.353939825,22500.0,18,0,4,0,0.0,1,22500.0
0.032847247,63,0,0.881271543,2610.0,10,0,2,0,1.0,0,1305.0
0.074183976,46,0,0.534476959,2972.0,5,0,2,0,4.0,0,594.4
0.002555272,59,0,0.048403591,8800.0,5,0,0,0,0.0,0,8800.0
0.020514329,68,0,0.462842243,2300.0,11,0,1,0,0.0,0,2300.0
0.107280963,59,2,0.006617647,4079.0,6,1,0,0,0.0,3,4079.0
0.324085129,51,0,3.029.485.257,2000.0,17,0,1,0,0.0,0,2000.0
0.130902106,48,1,0.427882174,3937.0,17,0,1,0,0.0,1,3937.0
0.176857685,36,0,0.189189189,17500.0,10,0,2,0,1.0,0,8750.0
0.873801807,32,0,0.375942163,6500.0,9,0,0,0,0.0,0,6500.0
0.207189641,50,0,0.630252101,3212.0,6,0,1,0,1.0,0,1606.0
0.99749096,30,0,0.13638494,6400.0,8,0,0,0,0.0,0,6400.0
0.060807806,54,0,0.301064807,18500.0,11,0,4,0,1.0,0,9250.0
0.014969,68,0,0.343937466,5500.0,9,0,2,0,0.0,0,5500.0
0.495752124,24,0,29,0.0,2,0,0,0,0.0,0,0.0
0.078823029,50,0,0.391900579,14000.0,11,0,4,0,3.0,0,3500.0
0.030855967,65,0,0.004476777,5360.0,6,0,0,0,0.0,0,5360.0
0.229635376,31,0,1176,0.0,14,0,0,0,0.0,0,0.0
0.103799354,40,0,0.350326421,10415.0,16,0,1,0,1.0,0,5207.5
0.001417069,36,0,0.113083951,5800.0,5,0,0,0,0.0,0,5800.0
0.989802422,39,0,1.122.047.923,5800.0,11,0,2,0,3.0,0,1450.0
0.022106353,44,0,0.318362149,20416.0,4,0,1,0,3.0,0,5104.0
0.23156694,50,0,0.22859047,3000.0,5,0,0,0,3.0,0,750.0
0,24,0,0.162449235,3200.0,2,0,0,0,0.0,0,3200.0
0.002620862,48,0,0.275520699,23333.0,8,0,2,0,3.0,0,5833.25
0.402597403,55,0,0.225462703,1782.0,3,0,0,0,0.0,0,1782.0
0.999940723,43,0,0.378882816,7500.0,8,0,2,0,0.0,0,7500.0
0.428322288,73,1,0.103452128,8950.0,6,0,1,0,2.0,1,2983.3333333333335
0.017895558,50,0,0.002562908,8583.0,3,0,0,0,0.0,0,8583.0
0.04276506,63,0,0.255799072,6250.0,12,0,1,0,0.0,0,6250.0
0.941014746,32,0,0.879482657,1700.0,3,0,1,0,0.0,0,1700.0
0.46200371,66,0,0.078643643,11176.0,14,0,0,1,0.0,1,11176.0
0.152000408,53,0,0.339776704,6000.0,10,0,1,0,2.0,0,2000.0
0.329596005,38,0,0.162767447,5000.0,7,0,0,0,0.0,0,5000.0
0.103504189,30,0,0.377924217,3034.0,4,0,1,0,0.0,0,3034.0
0.059273316,73,0,0.248937553,20000.0,12,0,1,0,2.0,0,6666.666666666667
0,39,0,0.551703163,6575.0,6,0,1,0,0.0,0,6575.0
0.160238743,50,0,1.722.615.436,8900.0,25,0,6,0,4.0,0,1780.0
0.23368565,53,0,0.132955681,3000.0,4,0,0,0,1.0,0,1500.0
0.836744217,37,0,0.220617641,4500.0,3,0,0,0,1.0,0,2250.0
0.122675093,65,0,0.423292273,6250.0,5,0,2,0,0.0,0,6250.0
0.485303882,48,0,0.747914318,4434.0,16,0,2,0,0.0,0,4434.0
1.511.145.273,49,1,0.024780589,3873.0,1,0,0,0,0.0,1,3873.0
0.459583217,42,0,1.315.560.392,2756.0,11,0,7,0,2.0,0,918.6666666666666
0.494789005,43,0,1.902.575.588,7143.0,12,0,7,0,2.0,0,2381.0
0.079786126,41,0,0.209689516,6666.0,3,0,1,0,2.0,0,2222.0
0.561404362,46,0,1.268.461.744,3750.0,12,0,2,0,2.0,0,1250.0
0.14458853,50,0,0.3374613,10012.0,4,0,2,0,3.0,0,2503.0
0.016397315,60,0,0.340032998,6666.0,13,0,1,0,1.0,0,3333.0
0.155987596,78,0,0.466545455,8249.0,6,0,1,0,2.0,0,2749.6666666666665
0.632252066,37,0,0.603008281,5916.0,15,0,1,0,0.0,0,5916.0
0,61,0,0,7085.0,6,0,0,0,1.0,0,3542.5
0.040420213,69,0,0.169102296,4310.0,13,0,0,0,1.0,0,2155.0
0.001354751,68,0,0.215574313,12083.0,6,0,2,0,0.0,0,12083.0
0,57,0,0.568124432,9900.0,11,0,2,0,3.0,0,2475.0
0.791699576,51,0,0.359323378,7566.0,12,0,1,0,2.0,0,2522.0
0.804543164,35,0,0.560981281,8600.0,12,0,2,0,1.0,0,4300.0
0.045276948,68,1,0.262373763,10000.0,13,0,2,0,1.0,1,5000.0
0.82689974,54,0,0.357114441,7540.0,14,0,1,0,3.0,0,1885.0
0.123928856,34,0,0.863668808,1400.0,17,0,2,0,0.0,0,1400.0
0.181148361,36,2,0.37139228,14170.0,7,0,2,0,2.0,2,4723.333333333333
0.019262752,65,0,0.010795682,2500.0,8,0,0,0,0.0,0,2500.0
0.738615425,50,0,0.259020192,6041.0,14,0,1,2,2.0,2,2013.6666666666667
0.018759882,30,0,0.105725365,8767.0,4,0,0,0,2.0,0,2922.3333333333335
0.602199706,46,0,0.252699784,4166.0,12,0,0,0,0.0,0,4166.0
0.84759986,67,0,113.862.046,3000.0,11,0,2,0,0.0,0,3000.0
0.035430666,59,0,0.624548736,1384.0,7,0,1,0,0.0,0,1384.0
0.13036156,66,0,0.008479322,12500.0,4,0,0,0,1.0,0,6250.0
0.302953466,59,0,0.553588071,2145.0,7,0,1,0,1.0,0,1072.5
0,63,0,1.678.321.678,1000.0,9,0,1,0,0.0,0,1000.0
0.265898391,36,0,0.262611807,8384.0,6,0,2,0,1.0,0,4192.0
0.113423582,56,0,0.266878045,12930.0,11,0,2,0,1.0,0,6465.0
0.989608522,60,1,0.595625872,2148.0,6,0,1,0,0.0,1,2148.0
0.290115092,57,1,0.307206431,3482.0,8,0,0,0,1.0,1,1741.0
0.225877071,66,0,0.465351543,5930.0,8,0,1,0,0.0,0,5930.0
0.025979062,49,0,0.178901758,12000.0,11,0,2,0,3.0,0,3000.0
0.477398189,59,0,0.16247438,16100.0,9,0,3,0,1.0,0,8050.0
0.086913087,30,0,0.930143946,2361.0,8,0,1,0,1.0,0,1180.5
0.011340772,36,0,1.785.153.462,1400.0,5,0,1,0,0.0,0,1400.0
0.58322237,52,1,0.006331223,3000.0,3,0,0,0,1.0,1,1500.0
0.034707053,55,0,0.190254174,6648.0,6,0,1,0,1.0,0,3324.0
0.001586862,58,0,0.209158168,5000.0,8,0,2,0,1.0,0,2500.0
0.000199996,58,0,0.285400055,7273.0,14,0,1,0,4.0,0,1454.6
0.007074825,80,0,3617,0.0,11,0,5,0,0.0,0,0.0
0.509868707,30,1,0.373605279,8334.0,9,0,2,0,0.0,1,8334.0
0,63,0,0.205586294,15000.0,5,0,1,0,0.0,0,15000.0
0.035830825,71,0,1466,0.0,10,0,2,0,0.0,0,0.0
0.438341488,37,1,0.330395573,4878.0,6,1,1,1,2.0,3,1626.0
0.201592277,77,0,0.056792428,7500.0,6,0,0,0,1.0,0,3750.0
0.01889425,40,0,0.884955752,2824.0,8,0,2,0,3.0,0,706.0
0.344955168,53,0,0.167479163,6358.0,9,0,1,0,0.0,0,6358.0
0.117133186,31,0,0.263956007,6000.0,6,0,1,0,1.0,0,3000.0
0.00723298,85,0,0.001999334,3000.0,7,0,0,0,0.0,0,3000.0
0.558291442,41,0,0.373175497,8700.0,9,0,1,0,1.0,0,4350.0
0.512016037,43,1,0.590824551,6451.0,9,0,2,0,2.0,1,2150.3333333333335
0,46,0,0.523387237,5750.0,8,0,1,0,1.0,0,2875.0
1.001.636.238,45,1,0.852778956,7070.0,12,0,2,0,0.0,1,7070.0
0.013023054,92,1,0.049497525,6666.0,7,0,0,0,0.0,1,6666.0
0.697501909,65,0,0.38608913,2400.0,4,0,0,0,0.0,0,2400.0
0,48,0,0.081337894,2630.0,3,0,0,0,1.0,0,1315.0
0.118388161,33,0,0.525694861,5000.0,5,0,1,0,0.0,0,5000.0
0.40932307,48,0,0.263312987,4750.0,12,0,1,1,1.0,1,2375.0
0.169106414,51,0,0.473033412,3800.0,8,0,1,0,0.0,0,3800.0
0,55,0,0,750.0,1,0,0,0,1.0,0,375.0
0.964826952,42,1,0.319862425,8140.0,8,0,2,0,2.0,1,2713.3333333333335
0.011054497,55,0,0.274817883,7000.0,9,0,1,0,0.0,0,7000.0
10.119.988,35,0,0.242736645,5334.0,5,0,1,0,1.0,0,2667.0
0.191010643,69,0,0.156434792,9300.0,9,0,1,0,1.0,0,4650.0
0.9999999,61,2,0.00259948,5000.0,2,1,0,0,1.0,3,2500.0
0.948745116,41,1,0.927334796,4100.0,13,1,1,2,2.0,4,1366.6666666666667
0.088432489,74,0,0.402470033,2752.0,15,0,0,0,0.0,0,2752.0
0,44,0,0.590437377,23800.0,16,0,8,0,2.0,0,7933.333333333333
0.419057555,42,0,0.275513841,8416.0,9,0,2,0,0.0,0,8416.0
0.116681015,26,0,0.371659919,2469.0,7,0,0,0,0.0,0,2469.0
0.094680442,66,0,0.189809926,7575.0,15,0,1,0,0.0,0,7575.0
0.009564329,72,0,0.088646967,4500.0,13,0,0,0,1.0,0,2250.0
0.065833641,53,0,0.010828212,10250.0,8,0,0,0,4.0,0,2050.0
0.979673442,34,0,0.075114834,3700.0,2,0,0,0,0.0,0,3700.0
0.896965008,38,1,1.456.160.591,4333.0,8,0,2,0,2.0,1,1444.3333333333333
0.008249484,72,0,0.446088795,1891.0,6,0,1,0,0.0,0,1891.0
0,62,0,0.362613819,1866.0,11,0,0,0,0.0,0,1866.0
0.935299715,25,0,33,0.0,5,0,0,0,0.0,0,0.0
0.419187482,60,0,0.453648915,3548.0,8,0,1,0,0.0,0,3548.0
0.177980224,40,1,0.439712058,5000.0,8,0,2,0,2.0,1,1666.6666666666667
0.089659195,26,1,0.11481175,4833.0,6,0,0,0,0.0,1,4833.0
0.003388701,40,0,1.290.521.054,5200.0,4,0,3,0,1.0,0,2600.0
0.275321628,49,0,0.158302821,32500.0,5,0,2,0,2.0,0,10833.333333333334
0.366508899,53,0,0.172479467,8400.0,6,0,0,0,0.0,0,8400.0
0.127824294,59,0,0.323098307,7913.0,24,0,2,0,0.0,0,7913.0
0.989844494,53,1,0.261261261,3773.0,6,2,0,0,1.0,3,1886.5
0.641094524,57,0,0.642930014,4900.0,9,0,1,0,1.0,0,2450.0
0.343937466,26,0,0.701583435,820.0,5,0,0,0,0.0,0,820.0
0.725552903,66,3,0.222566056,4200.0,13,1,0,1,1.0,5,2100.0
0.124817472,34,0,0.452670246,3538.0,6,0,1,0,0.0,0,3538.0
0.873897189,25,0,0.160058737,4766.0,5,0,0,0,2.0,0,1588.6666666666667
0.176202,57,0,0.718774548,2545.0,7,0,1,0,0.0,0,2545.0
0.106212768,62,0,0.210157968,5000.0,15,0,1,0,1.0,0,2500.0
0.173428408,51,1,0.086269282,5250.0,11,0,0,0,0.0,1,5250.0
0.215783806,67,0,0.833098095,2833.0,11,0,1,0,0.0,0,2833.0
0.097610119,26,0,0.227939216,3750.0,7,0,0,0,0.0,0,3750.0
0.46614905,38,0,0.543575921,2225.0,6,0,1,0,2.0,0,741.6666666666666
0,26,1,0.23726628,1550.0,4,0,0,0,0.0,1,1550.0
0.025779974,64,0,0.201215154,8393.0,5,0,1,0,0.0,0,8393.0
0.051981472,71,0,0.003230272,6500.0,1,0,0,0,0.0,0,6500.0
0.311268873,47,0,0.351045595,5833.0,6,0,2,0,1.0,0,2916.5
0.9999999,79,0,0.177607464,3000.0,1,0,0,0,0.0,0,3000.0
0,39,0,0.778447122,8963.0,7,0,5,0,0.0,0,8963.0
0.013818401,66,1,0.148594378,5477.0,6,0,1,0,1.0,1,2738.5
0.856678342,54,1,0.382323232,17819.0,23,0,2,0,2.0,1,5939.666666666667
0.941640379,41,1,0.410281147,7255.0,11,0,0,0,4.0,1,1451.0
0.110875012,41,0,0.792525934,8000.0,16,0,3,0,0.0,0,8000.0
0.029159417,63,0,0.221365639,13619.0,6,0,2,0,0.0,0,13619.0
0.966552877,40,0,0.327830737,4300.0,3,3,0,0,0.0,3,4300.0
0.163683791,67,0,0.317595628,4574.0,5,0,2,0,0.0,0,4574.0
0.079520437,54,0,0.378801767,12000.0,5,0,2,0,1.0,0,6000.0
0.005914117,61,0,0.102744546,5683.0,10,0,1,0,0.0,0,5683.0
0.470032645,43,2,0.152584742,10000.0,9,0,0,0,2.0,2,3333.3333333333335
0.018316616,52,0,0.209447145,6583.0,14,0,1,0,0.0,0,6583.0
0.042235145,40,0,0.266906044,6683.0,9,0,1,0,4.0,0,1336.6
0.9999999,24,0,0.292938931,1047.0,2,1,0,0,2.0,1,349.0
0.291423619,44,0,0.573458283,6615.0,17,0,1,0,1.0,0,3307.5
0.746702373,54,1,0.733512384,3350.0,15,2,2,1,0.0,4,3350.0
0.032348383,74,0,0.006331223,3000.0,4,0,0,0,0.0,0,3000.0
0.010024749,42,0,0.1298027,6740.0,3,0,0,0,3.0,0,1685.0
0.075152215,42,0,0.076713325,5500.0,4,0,1,0,5.0,0,916.6666666666666
0.970140845,44,0,0.643106457,3437.0,5,0,1,0,3.0,0,859.25
0.841961631,43,2,0.811581423,3401.0,12,0,1,1,5.0,3,566.8333333333334
0.43649664,58,0,0.418256258,10746.0,11,0,3,0,0.0,0,10746.0
0.018452076,47,0,0.005237596,10500.0,14,0,0,0,3.0,0,2625.0
0.858601115,60,3,0.342981593,7116.0,14,0,1,1,0.0,4,7116.0
0.9999999,29,0,0.001841621,3800.0,1,2,0,0,3.0,2,950.0
1.109.634.551,27,0,0.066266781,3500.0,2,1,0,0,0.0,1,3500.0
0.00719928,45,0,1.107.694.615,6666.0,8,0,4,0,2.0,0,2222.0
0.076828281,63,0,0.286880466,5144.0,11,0,1,0,0.0,0,5144.0
0.262301327,73,0,0.752035424,7000.0,11,0,2,0,0.0,0,7000.0
0.018632423,44,0,0.462209945,9049.0,17,0,2,0,2.0,0,3016.3333333333335
0.998461775,51,1,0.458009255,10156.0,6,1,2,2,1.0,4,5078.0
0.065260809,38,0,0.69466008,4250.0,15,0,3,0,1.0,0,2125.0
0.5100422,56,0,0.450759916,8092.0,15,0,4,0,0.0,0,8092.0
0.337388426,39,0,0.333611065,6000.0,6,0,2,0,0.0,0,6000.0
0.000193961,49,0,0.213019471,10322.0,7,0,2,0,1.0,0,5161.0
0.15009769,44,0,0.81555295,2558.0,2,0,1,0,0.0,0,2558.0
0.47773722,63,1,0.637504091,9166.0,21,0,1,1,1.0,2,4583.0
0.333133343,51,0,0.460103826,5200.0,12,0,2,0,0.0,0,5200.0
0.007874803,31,0,0.001858736,4841.0,3,0,0,0,0.0,0,4841.0
0.008965839,66,0,0.037214886,5830.0,10,0,0,0,1.0,0,2915.0
0.548401186,37,0,0.340690979,4167.0,8,0,0,0,0.0,0,4167.0
0.349561234,45,0,0.420750697,6100.0,12,0,1,0,1.0,0,3050.0
0.065548267,82,0,0.024195161,5000.0,10,0,0,0,0.0,0,5000.0
0.019928876,67,0,0.304941305,3662.0,8,0,2,0,0.0,0,3662.0
0.49230154,42,0,0.092171016,1800.0,2,0,0,0,0.0,0,1800.0
0.045230783,66,0,0.261726869,17800.0,12,0,3,0,0.0,0,17800.0
0.478410323,52,0,0.413765313,6203.0,19,0,1,0,0.0,0,6203.0
0.039456016,80,0,0.54620462,605.0,6,0,0,0,0.0,0,605.0
0.244790854,59,0,0.54118896,4709.0,10,0,1,0,0.0,0,4709.0
0.141971606,64,0,0.085728568,4000.0,2,0,0,0,0.0,0,4000.0
0.67669443,62,1,0.664526485,6852.0,18,0,3,0,0.0,1,6852.0
0.568993495,47,0,0.548281057,7300.0,17,0,3,0,0.0,0,7300.0
0.032953048,28,0,0.050173632,8350.0,3,0,0,0,2.0,0,2783.3333333333335
0.424532728,43,0,0.222548608,7148.0,6,0,2,0,3.0,0,1787.0
0.54442558,49,0,1.071.359.066,3082.0,12,0,3,0,3.0,0,770.5
0.360467107,53,0,0.092140921,10700.0,7,0,0,0,0.0,0,10700.0
0.06062079,38,0,0.505054747,33334.0,29,0,21,0,0.0,0,33334.0
0.9999999,44,0,0.1272562,7700.0,3,0,0,0,0.0,0,7700.0
0.250008365,60,0,2.086.478.612,7550.0,26,0,0,0,0.0,0,7550.0
0.56934082,43,0,0.417320412,6500.0,5,0,2,0,0.0,0,6500.0
0.015226129,74,0,0.208793134,5708.0,17,0,1,0,1.0,0,2854.0
0.580652933,25,0,193,0.0,4,0,0,0,1.0,0,0.0
0.9999999,46,1,0.090578697,3576.0,2,1,0,1,2.0,3,1192.0
0.439585073,62,0,0.404169326,4700.0,5,0,2,0,0.0,0,4700.0
0.39513902,44,1,0.361081946,20000.0,11,0,2,0,3.0,1,5000.0
0.021679884,65,0,0.072992701,10000.0,8,0,1,0,0.0,0,10000.0
0.156256662,50,0,0.354691625,12500.0,12,0,2,0,1.0,0,6250.0
0.523225161,32,1,0.172942353,3000.0,4,0,0,0,0.0,1,3000.0
0.9999999,23,0,0.208657048,900.0,2,0,0,0,0.0,0,900.0
1855,39,2,0.409281228,2865.0,6,0,1,1,1.0,3,1432.5
0.9999999,62,0,0.436575713,4800.0,4,1,1,0,0.0,1,4800.0
0.704388985,53,0,0.00979902,10000.0,2,0,0,0,2.0,0,3333.3333333333335
0.22923514,47,0,0.126803341,3950.0,8,0,0,0,0.0,0,3950.0
0.006522653,81,0,0.012753502,4782.0,11,0,0,0,0.0,0,4782.0
0.013060343,59,0,0.582555859,20900.0,10,0,3,0,2.0,0,6966.666666666667
0.044151214,59,0,0.412507947,12583.0,15,0,2,0,1.0,0,6291.5
0.134420142,47,0,0.228359204,10500.0,14,0,1,0,0.0,0,10500.0
0.666198863,43,1,0.469648357,15583.0,12,0,3,0,4.0,1,3116.6
0.135232512,78,1,0.010447997,12633.0,9,0,0,0,0.0,1,12633.0
0.099132456,69,0,163.05.00,1.0,8,0,0,0,0.0,0,1.0
0.261389064,65,0,0.57788671,5507.0,10,0,1,0,0.0,0,5507.0
0.027194561,55,0,0.306432281,7508.0,5,0,2,0,1.0,0,3754.0
0.220201834,34,0,0.462354974,4050.0,10,0,2,0,1.0,0,2025.0
0.014811588,68,0,0.283589368,4100.0,13,0,0,0,0.0,0,4100.0
0.333511109,49,0,0.25420241,40333.0,12,0,2,0,3.0,0,10083.25
0.362437505,29,0,0.172275908,3000.0,10,0,0,0,2.0,0,1000.0
0,39,0,0.006856359,5833.0,4,0,0,0,2.0,0,1944.3333333333333
0.149314411,36,0,0.558320373,4500.0,9,0,3,0,0.0,0,4500.0
0.002908826,31,1,0.530308711,8000.0,10,0,2,0,0.0,1,8000.0
0.010094597,72,1,0.237173993,8166.0,9,0,2,0,0.0,1,8166.0
0.02554499,38,0,0.331185315,5120.0,8,0,1,0,1.0,0,2560.0
0.383679975,57,0,0.224430791,8300.0,7,0,1,1,2.0,1,2766.6666666666665
0.024449523,69,0,0.120751185,17092.0,10,0,2,0,0.0,0,17092.0
0.116670543,59,0,0.522241012,13600.0,20,0,12,0,0.0,0,13600.0
0.023680607,43,0,0.508434307,4208.0,10,0,1,0,0.0,0,4208.0
0.362322494,25,0,0.574972233,2700.0,8,0,2,0,0.0,0,2700.0
0.183883672,22,0,0.018813906,2444.0,5,0,0,0,0.0,0,2444.0
0.460153319,45,0,0.239376062,10000.0,8,0,1,0,2.0,0,3333.3333333333335
0.562427342,35,0,0.138476921,6000.0,5,0,0,0,2.0,0,2000.0
0.9999999,32,0,0.120969758,4000.0,8,0,0,0,0.0,0,4000.0
0.179472563,68,0,0.304555896,5223.0,7,0,2,0,1.0,0,2611.5
0,50,0,0.210175517,4500.0,9,0,1,0,1.0,0,2250.0
0.9999999,59,0,0.02576138,9160.0,3,1,0,0,1.0,1,4580.0
0,52,0,0.162482727,8683.0,11,0,1,0,1.0,0,4341.5
0.244881122,32,0,0.340319361,3005.0,10,0,0,0,1.0,0,1502.5
0.9999999,40,1,0.440977951,6666.0,6,0,2,0,3.0,1,1666.5
0.0534766,53,0,0.51107473,10383.0,19,0,5,0,3.0,0,2595.75
0.069458941,54,0,0.864497529,7283.0,12,0,4,0,1.0,0,3641.5
0.001718024,43,0,0.017991004,2000.0,4,0,0,0,0.0,0,2000.0
0.06192162,78,2,0.552754073,2577.0,8,1,2,0,1.0,3,1288.5
0.9999999,34,1,0.137904067,3835.0,2,1,0,0,0.0,2,3835.0
0,48,0,0.611374027,12466.0,13,0,6,0,0.0,0,12466.0
0.140495804,58,1,0.240335793,14770.0,12,0,2,0,4.0,1,2954.0
0.673213507,31,0,0.387810037,5200.0,5,0,1,0,2.0,0,1733.3333333333333
0.292856504,60,0,0.16421366,6046.0,12,0,0,0,0.0,0,6046.0
0.175347784,79,1,0.330221704,1713.0,9,0,2,0,0.0,1,1713.0
0.042980477,71,0,0.287346472,3500.0,9,0,0,0,0.0,0,3500.0
0.014306857,31,0,0.521194348,3750.0,6,0,2,0,1.0,0,1875.0
0.036942489,66,0,0.312869822,6759.0,13,0,1,0,0.0,0,6759.0
0.978695073,27,2,"2,697916667",1999.0,5,3,0,1,0.0,6,1999.0
0.50009998,34,0,0.211071821,8200.0,3,0,1,0,0.0,0,8200.0
0.194408443,27,1,0.174011813,2200.0,4,0,0,0,0.0,1,2200.0
0.296754742,49,0,0.449507213,7000.0,14,0,2,0,3.0,0,1750.0
0.106842089,49,0,0.785062367,6573.0,14,0,5,0,0.0,0,6573.0
0.928592687,54,0,2.367.444.074,2100.0,18,0,2,1,2.0,1,700.0
0.278413887,53,1,126.871.842,2176.0,11,0,1,0,1.0,1,1088.0
0.452043003,49,0,0.239576042,10000.0,17,0,2,0,3.0,0,2500.0
0,75,0,0,2224.0,4,0,0,0,1.0,0,1112.0
0.497831042,35,0,0.306010929,1829.0,7,0,0,0,0.0,0,1829.0
0.209376488,47,0,0.579904934,6100.0,9,0,1,0,2.0,0,2033.3333333333333
1.028.413.028,49,1,0.662168916,2000.0,8,0,0,0,0.0,1,2000.0
0.113119887,33,0,0.057805821,4912.0,5,0,0,0,2.0,0,1637.3333333333333
0.251421614,54,0,0.370108659,15000.0,8,0,3,0,3.0,0,3750.0
0.462146038,26,0,1.241.169.306,820.0,6,0,0,0,0.0,0,820.0
0.161846655,49,0,0.512947368,9499.0,11,0,2,0,3.0,0,2374.75
0.134562292,49,0,0.43454039,4666.0,8,0,1,0,0.0,0,4666.0
0.229793538,54,1,0.056214866,1600.0,5,0,0,1,1.0,2,800.0
0.005310162,67,0,0.107964012,3000.0,16,0,0,0,0.0,0,3000.0
0.02756749,33,1,0.838053982,3000.0,4,0,1,0,1.0,1,1500.0
0.045690078,76,0,0.259907176,2800.0,5,0,1,0,0.0,0,2800.0
0,60,0,0,13800.0,5,0,0,0,0.0,0,13800.0
0.56512465,37,0,0.016636102,7633.0,2,0,0,0,0.0,0,7633.0
0.475416223,53,0,2.365.192.582,700.0,8,0,1,0,0.0,0,700.0
0.792733134,49,0,0.650074664,6026.0,12,0,1,0,0.0,0,6026.0
0.027358744,49,0,0.348046677,7883.0,8,0,2,0,1.0,0,3941.5
0.434261473,45,2,0.787437514,4600.0,12,0,4,1,1.0,3,2300.0
0.013483436,63,0,0.117356189,12133.0,6,0,2,1,1.0,1,6066.5
0,35,0,0.102690413,23750.0,10,0,2,0,2.0,0,7916.666666666667
0,56,0,0.206141395,4200.0,4,0,0,0,2.0,0,1400.0
0.051168885,45,0,0.004887803,4500.0,1,0,0,0,0.0,0,4500.0
0.427364394,30,0,0.041799164,50000.0,9,0,1,0,0.0,0,50000.0
0.020585813,52,1,0.438722386,7106.0,11,0,1,0,3.0,1,1776.5
0.483495616,44,0,0.648381646,7692.0,10,0,3,0,0.0,0,7692.0
0.04153522,52,0,0.173193072,25000.0,7,0,2,0,2.0,0,8333.333333333334
0.141403416,38,0,0.676476517,4960.0,3,0,1,0,1.0,0,2480.0
0.280765698,64,0,0.299911269,2253.0,9,0,0,0,2.0,0,751.0
0.558255264,46,0,0.443373932,5500.0,9,0,1,0,2.0,0,1833.3333333333333
0.91646214,27,2,0.217109748,2933.0,4,0,0,0,0.0,2,2933.0
0.418397882,58,0,0.414148447,7180.0,14,0,2,0,0.0,0,7180.0
0.9999999,64,0,0.081847476,9309.0,7,0,1,0,0.0,0,9309.0
0.9999999,53,0,0.584598089,5336.0,3,0,2,0,0.0,0,5336.0
0.019469166,32,0,0.005999,6000.0,5,0,0,0,0.0,0,6000.0
0.031156376,56,0,2.863.052.782,700.0,13,0,2,0,0.0,0,700.0
0.9999999,50,0,0.411917616,5000.0,4,0,0,0,3.0,0,1250.0
0.248989112,64,0,4053,0.0,16,0,2,0,0.0,0,0.0
0.108975055,31,0,0.322782481,8150.0,15,0,2,0,1.0,0,4075.0
0.9999999,30,0,0.031484258,2000.0,1,0,0,0,0.0,0,2000.0
0.1227509,34,0,0.66874028,4500.0,7,0,2,0,0.0,0,4500.0
0.050348252,66,1,0.376330216,3100.0,5,0,1,0,1.0,1,1550.0
0.9999999,34,0,1.464.701.319,1288.0,3,0,1,0,1.0,0,644.0
0.006576328,38,0,0.161860823,2600.0,14,0,0,0,0.0,0,2600.0
0.036215374,65,1,0.072579697,8500.0,11,0,0,0,0.0,1,8500.0
0.088297057,48,0,0.594488189,3809.0,6,0,2,0,0.0,0,3809.0
0.007372932,50,0,0.024022074,6160.0,7,0,1,0,0.0,0,6160.0
0.019257937,55,0,0.23768184,4261.0,8,0,1,0,3.0,0,1065.25
0.087515152,50,1,0.623595506,6585.0,22,0,2,0,1.0,1,3292.5
0.490883332,64,0,1.819.556.806,2842.0,13,0,2,0,0.0,0,2842.0
0.115242797,69,0,0.195816028,6500.0,6,0,1,0,0.0,0,6500.0
0.180213038,72,1,0.441809291,4089.0,10,1,0,2,0.0,4,4089.0
0.429767204,47,0,0.344272904,10816.0,13,0,2,0,0.0,0,10816.0
0.066603625,61,0,1.283.395.755,800.0,12,1,1,0,0.0,1,800.0
0.46040142,46,0,0.368820589,5400.0,7,0,1,0,0.0,0,5400.0
0.078223044,45,0,0.137313137,10100.0,6,0,1,0,1.0,0,5050.0
0.103243384,39,0,0.377693846,4500.0,10,0,1,0,0.0,0,4500.0
0.107609118,80,1,0.335865654,5001.0,10,0,1,0,0.0,1,5001.0
0,48,2,0.384413638,10675.0,11,0,3,0,0.0,2,10675.0
0.050999981,66,0,0.567095588,9791.0,11,0,3,0,2.0,0,3263.6666666666665
0.144638551,48,0,0.40200563,5683.0,5,0,1,0,1.0,0,2841.5
0.067590988,46,1,0.36191385,7335.0,6,0,2,0,4.0,1,1467.0
0.003799905,59,0,0.398802203,18700.0,9,0,3,0,2.0,0,6233.333333333333
0.273451636,38,0,0.385415278,7500.0,7,0,1,0,0.0,0,7500.0
0.055850114,70,0,1386,0.0,7,0,1,0,0.0,0,0.0
0.010315428,63,0,0.014602671,8833.0,8,0,1,0,1.0,0,4416.5
0.499459459,59,1,0.684433837,3770.0,7,0,2,1,0.0,2,3770.0
0.369421575,47,0,0.770891643,2500.0,8,0,1,0,0.0,0,2500.0
0.009998,57,1,0.791618608,2600.0,7,0,3,0,0.0,1,2600.0
0.052493469,46,1,0.170777354,14960.0,11,0,2,0,3.0,1,3740.0
0.333794437,34,0,0.303635817,6655.0,5,0,1,0,2.0,0,2218.3333333333335
0.196336073,70,0,0.306154111,5800.0,11,0,2,0,0.0,0,5800.0
0.001885215,59,0,0.045620248,9600.0,8,0,0,0,1.0,0,4800.0
0.391709468,32,0,0.734932349,1625.0,7,0,1,0,2.0,0,541.6666666666666
0.00094592,64,0,0.375635364,12000.0,9,0,3,0,1.0,0,6000.0
0.085276482,30,1,0.03956044,8189.0,4,0,0,0,0.0,1,8189.0
0.103185358,61,0,0.493918413,10687.0,22,1,2,0,1.0,1,5343.5
0,27,0,0,3116.0,4,0,0,0,0.0,0,3116.0
0.346513953,29,1,0.146093585,4722.0,7,0,0,0,1.0,1,2361.0
0.093563548,41,0,0.016522423,5083.0,3,0,0,0,2.0,0,1694.3333333333333
0.332841679,48,0,0.346057932,10425.0,11,0,2,0,5.0,0,1737.5
0.033564245,83,2,0.064893511,10000.0,6,0,0,0,0.0,2,10000.0
0.884322479,35,1,0.281430826,1900.0,6,0,0,0,1.0,1,950.0
0.115377719,49,0,0.043162983,5791.0,14,0,0,0,0.0,0,5791.0
0.101814623,37,0,1.369.144.285,1600.0,10,0,1,0,2.0,0,533.3333333333334
0.456865044,60,0,0.052091555,3800.0,4,0,0,0,0.0,0,3800.0
0.942812247,58,0,0.886792453,6200.0,7,0,2,0,1.0,0,3100.0
0.027091483,72,0,0.090207842,4666.0,5,0,0,0,0.0,0,4666.0
0.055954467,59,0,1.333.777.482,1500.0,17,0,2,0,0.0,0,1500.0
0.826347305,29,0,0.00856531,1400.0,1,0,0,0,0.0,0,1400.0
0.088445619,59,0,0.730112453,2400.0,38,0,0,0,1.0,0,1200.0
0.064098516,54,2,0.347708466,6283.0,9,1,2,1,3.0,4,1570.75
0.9999999,35,0,0,3000.0,0,0,0,0,0.0,0,3000.0
0.297190483,53,0,0.358234785,10400.0,9,0,1,0,1.0,0,5200.0
0.184798497,48,1,0.098452335,7688.0,5,0,0,0,2.0,1,2562.6666666666665
0.365533691,51,0,0.453910402,6584.0,10,0,1,0,0.0,0,6584.0
0.034048298,48,0,0.490499854,3420.0,4,0,1,0,4.0,0,684.0
0.01475941,68,0,0.373339338,4440.0,6,0,2,0,0.0,0,4440.0
0.180163967,33,0,0.701570681,3628.0,7,0,1,0,1.0,0,1814.0
0.9999999,43,3,0.699003067,2607.0,3,1,1,0,2.0,4,869.0
0.209164279,51,0,0.466166756,5600.0,18,0,1,0,0.0,0,5600.0
0.593604264,30,0,0.291525424,2359.0,6,0,0,0,0.0,0,2359.0
0.176323538,43,0,0.410397401,4000.0,2,0,1,0,0.0,0,4000.0
0.065507074,46,0,0.017704645,4800.0,6,0,0,0,3.0,0,1200.0
0.007999529,72,0,0.00078416,5100.0,1,0,0,0,0.0,0,5100.0
0.503127224,38,0,0.356594043,9500.0,11,0,2,0,1.0,0,4750.0
0,37,0,0.328947368,2583.0,8,0,1,0,1.0,0,1291.5
0.059802933,30,0,0.232041914,7252.0,6,0,2,0,0.0,0,7252.0
0.218855346,62,0,0.262969879,12316.0,9,0,2,0,0.0,0,12316.0
0.047848308,32,0,0.209731171,4500.0,4,0,0,0,0.0,0,4500.0
0.032617977,75,0,0.006799093,7500.0,4,0,0,0,0.0,0,7500.0
0.81708836,74,0,0.655015729,2860.0,9,0,1,0,1.0,0,1430.0
0.394379259,47,0,0.842421011,7500.0,11,0,3,0,0.0,0,7500.0
0,30,0,0.774480712,336.0,9,2,0,0,0.0,2,336.0
0.155132582,62,0,0.389287913,4872.0,7,0,1,0,0.0,0,4872.0
0.772465515,36,2,0.579003181,6600.0,12,0,2,1,2.0,3,2200.0
0.026383505,46,0,0.554853653,4748.0,12,0,1,0,3.0,0,1187.0
0.9999999,41,1,0.321362458,2700.0,2,1,0,0,1.0,2,1350.0
0.444543649,47,0,0.366995667,8307.0,7,0,1,0,2.0,0,2769.0
0.282071793,31,0,0.223472066,2666.0,3,0,0,0,0.0,0,2666.0
0.007771207,58,0,0.185394876,10420.0,5,0,2,0,0.0,0,10420.0
0.045769917,58,1,0.288626951,9416.0,13,0,1,0,2.0,1,3138.6666666666665
0.029506003,92,0,0.043982407,5001.0,9,0,1,0,0.0,0,5001.0
0.02308986,73,0,2.296.569.143,4750.0,17,0,3,0,0.0,0,4750.0
0.080292218,56,0,0.119040119,34920.0,11,0,1,0,2.0,0,11640.0
0.370465395,42,0,0.46264602,3680.0,16,0,1,0,3.0,0,920.0
0,45,0,0.209219154,5032.0,3,0,1,0,2.0,0,1677.3333333333333
0,62,0,0.677093845,1981.0,10,0,1,0,0.0,0,1981.0
0.063308543,76,0,0.555429864,2651.0,8,0,1,0,0.0,0,2651.0
0.002069529,63,0,0.013301663,4209.0,5,0,1,0,0.0,0,4209.0
0.820720364,59,0,2.094.594.595,2515.0,15,0,3,0,0.0,0,2515.0
0.783248417,54,0,0.502018843,5200.0,7,0,1,0,1.0,0,2600.0
0.513976739,31,0,0.221700128,2340.0,3,0,0,0,0.0,0,2340.0
0.859140859,28,0,1068,0.0,4,0,0,0,0.0,0,0.0
0.109313213,42,0,0.06161318,10500.0,5,0,0,0,3.0,0,2625.0
0.481878038,43,0,0.634376178,5305.0,6,0,1,0,2.0,0,1768.3333333333333
0.005028428,84,0,0.125416204,1801.0,7,0,0,0,0.0,0,1801.0
0.039502197,65,0,0.646221854,7238.0,8,0,2,0,1.0,0,3619.0
0.015777077,38,1,0.485502899,5000.0,8,0,1,0,0.0,1,5000.0
0.920594116,67,1,0.114392002,4300.0,3,0,0,1,2.0,2,1433.3333333333333
0.216126129,39,1,0.398514498,7000.0,8,0,2,0,3.0,1,1750.0
0.09205507,48,0,0.167470015,8920.0,13,0,1,0,1.0,0,4460.0
0.026481343,49,0,0.601962923,2750.0,11,0,1,0,0.0,0,2750.0
0.006992412,67,1,0.000967638,9300.0,5,0,0,0,0.0,1,9300.0
0.074671126,42,0,0.327104556,16000.0,5,0,3,0,1.0,0,8000.0
0.330338064,32,0,0.264183954,4000.0,8,0,0,0,2.0,0,1333.3333333333333
0.093910665,72,0,0.019320453,3001.0,4,0,0,0,0.0,0,3001.0
0.26367926,42,0,0.117147142,6000.0,8,0,0,0,1.0,0,3000.0
0,63,0,0.24150905,9833.0,5,0,1,0,1.0,0,4916.5
0.240429615,47,1,0.196019975,13416.0,10,0,1,0,0.0,1,13416.0
0.380846573,30,0,0.330505907,3300.0,7,0,0,0,0.0,0,3300.0
0.9999999,42,0,914,0.0,3,0,1,0,1.0,0,0.0
0.384395332,48,0,0.503239741,4166.0,9,0,2,0,1.0,0,2083.0
0.937088576,39,3,0.467978757,3200.0,3,0,1,0,1.0,3,1600.0
0.000122949,42,0,0.638690803,5468.0,14,0,2,0,0.0,0,5468.0
0.385584887,48,0,0.599820949,3350.0,6,0,1,0,0.0,0,3350.0
0.000299985,63,0,0.047976012,2000.0,2,0,0,0,0.0,0,2000.0
0.613710903,40,0,0.299712536,8000.0,7,0,2,0,2.0,0,2666.6666666666665
0.042463153,66,0,0.059993183,8800.0,6,0,0,0,0.0,0,8800.0
0.073448164,65,0,0.009776691,9000.0,4,0,0,0,1.0,0,4500.0
1.014.189.694,37,1,0.1740638,4325.0,5,0,0,2,3.0,3,1081.25
0.026437918,46,0,0.577070488,6000.0,31,0,1,0,2.0,0,2000.0
0.428368108,39,0,0.602427097,5520.0,14,0,2,0,1.0,0,2760.0
0.321644302,69,0,0.380888291,5200.0,15,0,1,0,0.0,0,5200.0
0.514021252,41,1,0.453323734,8333.0,5,0,2,0,4.0,1,1666.6
0.128254674,62,0,0.000894333,88333.0,2,0,0,0,0.0,0,88333.0
0.425686063,54,0,462.063.228,600.0,9,0,1,0,0.0,0,600.0
0.048171257,37,0,0.357495881,1820.0,6,0,0,0,2.0,0,606.6666666666666
0,41,1,0.526684164,8000.0,4,1,2,1,1.0,3,4000.0
0.240334081,40,0,0.241639818,9000.0,12,0,1,0,0.0,0,9000.0
0.515498591,68,4,0.056314562,3000.0,5,0,0,0,0.0,4,3000.0
0.048255995,49,0,1.106.757.297,2500.0,7,0,1,0,0.0,0,2500.0
1.093.812.375,36,0,0.370745836,1380.0,6,1,0,0,2.0,1,460.0
0.009868938,67,0,0.583803178,1950.0,13,0,1,0,0.0,0,1950.0
0.6641019,47,0,0.594124182,8100.0,18,0,1,0,0.0,0,8100.0
0.439675459,79,0,0.200873223,31377.0,15,0,2,0,0.0,0,31377.0
0.081741448,33,1,0.126872516,6541.0,7,0,0,0,0.0,1,6541.0
0.580561296,83,0,0.446307643,3100.0,3,0,2,0,0.0,0,3100.0
0.048208648,54,0,0.188037249,8375.0,6,0,1,0,0.0,0,8375.0
0.274576858,39,0,0.161973127,5432.0,6,0,0,0,2.0,0,1810.6666666666667
0.812712826,48,0,1.120.606.107,13000.0,9,0,4,0,1.0,0,6500.0
0.137096149,52,0,0.637760471,4750.0,14,0,2,0,3.0,0,1187.5
0.090474601,47,0,0.434578905,8750.0,17,0,2,0,1.0,0,4375.0
1.549.153.178,29,0,0.188968505,6000.0,5,0,0,0,0.0,0,6000.0
0.020147402,59,3,1.636.170.857,3300.0,17,1,6,1,0.0,5,3300.0
0.153624725,36,1,0.47518633,5500.0,8,0,1,0,3.0,1,1375.0
0.117426773,39,0,0.122474484,4800.0,11,0,0,1,2.0,1,1600.0
0.765815612,49,1,0.109975006,4400.0,5,1,0,0,3.0,2,1100.0
0.366711326,46,0,0.502625164,10665.0,8,0,2,0,4.0,0,2133.0
0.023056389,51,0,0.276415708,9217.0,11,0,1,0,2.0,0,3072.3333333333335
0.08403592,54,0,0.327467253,10000.0,7,0,2,0,3.0,0,2500.0
0.095956925,43,0,0.052987123,4736.0,4,0,0,0,3.0,0,1184.0
0.011031902,53,0,0.215906105,11416.0,11,0,1,0,0.0,0,11416.0
0.450643557,47,1,0.450509898,5000.0,16,0,2,1,0.0,2,5000.0
0.067631079,66,0,0.172655488,11270.0,3,0,2,0,0.0,0,11270.0
0.416638891,61,0,0.051589682,5000.0,16,0,0,0,0.0,0,5000.0
0.047105185,62,0,0.420760697,3785.0,12,0,1,0,1.0,0,1892.5
0.561110917,43,1,0.822672578,4736.0,20,0,2,0,1.0,1,2368.0
0.843491726,64,0,0.577303561,7075.0,15,0,1,0,1.0,0,3537.5
0.455431794,30,0,0.569281811,5123.0,8,0,1,0,0.0,0,5123.0
0.17764445,58,0,0.217472816,8000.0,8,0,2,0,0.0,0,8000.0
0,46,0,0.003998857,3500.0,4,0,0,1,1.0,1,1750.0
0.955629622,43,2,0.442215438,2292.0,4,0,1,0,0.0,2,2292.0
0.003749531,37,0,0.134966258,4000.0,4,0,1,0,0.0,0,4000.0
0.238464378,55,0,0.286327903,12338.0,12,0,1,0,2.0,0,4112.666666666667
0.008555732,49,0,0.001942125,15446.0,13,0,0,0,3.0,0,3861.5
0.395368116,38,0,0.257771142,7366.0,8,0,1,0,1.0,0,3683.0
0.13899358,30,0,0.29864178,12000.0,7,0,2,0,4.0,0,2400.0
0.233196669,47,0,0.571706799,5647.0,17,0,2,1,3.0,1,1411.75
0.000241284,70,0,0.311242148,7800.0,15,0,2,0,0.0,0,7800.0
0.86702052,63,0,0.265759511,3600.0,6,0,0,0,1.0,0,1800.0
0,39,1,0.078992101,10000.0,4,0,0,0,0.0,1,10000.0
0.103549412,42,0,0.474276962,11098.0,20,0,3,0,1.0,0,5549.0
0.102331327,59,0,0.131292931,11500.0,7,0,1,0,3.0,0,2875.0
0.245410081,71,0,0.285011802,5083.0,11,0,0,0,0.0,0,5083.0
0.092963701,54,0,0.213875387,20366.0,11,0,1,0,0.0,0,20366.0
0.561443856,41,0,0.422593034,7550.0,12,0,3,0,3.0,0,1887.5
0.053320614,47,0,0.003310117,14500.0,4,0,0,0,2.0,0,4833.333333333333
0.554837043,40,0,0.902399631,4333.0,12,0,1,0,2.0,0,1444.3333333333333
0.075381244,48,0,0.438559322,5191.0,10,0,1,0,2.0,0,1730.3333333333333
0.004332972,32,0,0.000168039,5950.0,5,0,0,0,0.0,0,5950.0
0,32,0,0.067934281,5416.0,3,0,0,0,0.0,0,5416.0
0.079848423,59,0,0.270257215,8280.0,9,0,1,0,0.0,0,8280.0
0.9999999,49,0,0.204984232,13000.0,2,3,1,2,1.0,5,6500.0
0.247048297,55,0,1.255.310.287,2400.0,15,0,1,0,1.0,0,1200.0
0.394789471,35,1,0.393214227,6100.0,9,1,2,0,1.0,2,3050.0
0.908270161,53,1,0.659661294,4900.0,8,0,1,0,2.0,1,1633.3333333333333
0.138451659,41,0,926,0.0,7,0,0,0,3.0,0,0.0
0.967206559,48,0,0.383248167,4500.0,5,0,2,0,1.0,0,2250.0
0.888286917,50,0,0.784814346,15000.0,14,0,4,0,3.0,0,3750.0
0.345819445,46,0,0.07154538,9783.0,3,0,0,0,2.0,0,3261.0
0.000501216,40,0,0.157095457,7835.0,7,0,1,0,0.0,0,7835.0
0.314393427,58,0,0.172209753,4900.0,7,0,0,0,1.0,0,2450.0
0.00517235,56,0,0.25974805,5000.0,8,0,1,0,2.0,0,1666.6666666666667
0,49,0,0.495615573,2850.0,6,0,1,0,2.0,0,950.0
0,62,1,0.175516224,2033.0,7,0,0,0,0.0,1,2033.0
0.28923967,52,0,0.235621839,11666.0,6,0,1,0,0.0,0,11666.0
0.44826026,49,1,0.230265426,2900.0,10,0,0,1,0.0,2,2900.0
0.740518962,40,1,0.153105255,12977.0,5,0,1,0,0.0,1,12977.0
0.9999999,52,0,0.385218932,3950.0,1,0,1,0,3.0,0,987.5
0.520662844,37,0,0.154536098,6800.0,9,0,0,0,0.0,0,6800.0
0.035116273,39,0,0.212212212,8990.0,8,0,1,0,3.0,0,2247.5
0.47926037,43,0,0.365878041,3000.0,8,0,1,1,0.0,1,3000.0
0.183743438,43,0,0.333070245,3800.0,7,0,1,0,2.0,0,1266.6666666666667
0.036952381,59,1,0.301949675,6000.0,13,0,1,0,0.0,1,6000.0
0.964454318,33,0,0.06737425,6500.0,4,0,0,0,2.0,0,2166.6666666666665
0.100228057,72,0,0.23726628,1550.0,8,0,0,0,1.0,0,775.0
0.603377403,33,0,0.141533711,5828.0,3,0,0,0,4.0,0,1165.6
0.444079155,61,0,0.761633615,5092.0,18,0,1,0,0.0,0,5092.0
0.088329119,45,0,1.120.879.121,181.0,5,0,0,0,2.0,0,60.333333333333336
0.240561208,77,0,0.340331934,5000.0,12,0,1,0,0.0,0,5000.0
0.390069096,76,0,0.26919783,3502.0,8,0,1,0,0.0,0,3502.0
0.759869201,33,1,0.907043147,3151.0,9,0,2,0,1.0,1,1575.5
0.067282365,37,0,0.328150308,3086.0,8,0,1,0,0.0,0,3086.0
0.070184404,64,0,3102,0.0,14,0,1,0,0.0,0,0.0
0.076182503,50,0,0.155606888,9523.0,6,0,2,0,3.0,0,2380.75
0.082831858,51,0,0.306819471,8812.0,13,0,1,0,1.0,0,4406.0
0.029365688,62,0,0.206023057,12750.0,7,0,2,0,0.0,0,12750.0
0.19381766,37,2,0.195315252,5677.0,8,0,1,0,0.0,2,5677.0
0.03848259,31,0,0.448809026,2392.0,4,0,1,0,2.0,0,797.3333333333334
0.205984155,28,1,0.330755899,7500.0,10,0,2,0,0.0,1,7500.0
0,80,0,0.117294235,3000.0,2,0,0,0,0.0,0,3000.0
0.045060086,89,0,0.019932695,3862.0,6,0,0,0,0.0,0,3862.0
0.9999999,31,1,0,5416.0,1,0,0,0,0.0,1,5416.0
0.135909097,56,0,0.249811194,11916.0,8,0,2,0,2.0,0,3972.0
0.9999999,47,0,0.193557345,3600.0,4,0,0,0,1.0,0,1800.0
0.35621127,46,0,0.492053468,9500.0,6,0,2,0,2.0,0,3166.6666666666665
0.270280405,37,0,0.119547915,6281.0,4,0,0,0,3.0,0,1570.25
0.9999999,40,0,0.237587471,3000.0,1,1,1,0,0.0,1,3000.0
1.078.146.297,61,0,0.063537087,28203.0,6,0,1,0,1.0,0,14101.5
0.511884146,58,0,0.663239317,10600.0,19,0,2,0,0.0,0,10600.0
0.357285429,25,0,0.001723544,2900.0,1,0,0,0,0.0,0,2900.0
0.739426057,62,1,0.271247529,8600.0,9,0,1,0,0.0,1,8600.0
0.020972092,68,0,0.06299475,12000.0,9,0,0,0,0.0,0,12000.0
0.603527929,50,0,0.163277778,17999.0,8,0,0,0,2.0,0,5999.666666666667
0.007499794,60,1,0.27520436,1100.0,7,0,1,0,0.0,1,1100.0
0.195795105,69,0,0.135715608,5400.0,5,0,0,0,0.0,0,5400.0
0.136426023,44,0,0.768201439,6949.0,15,0,3,0,3.0,0,1737.25
0.838012523,31,0,0.277400333,7800.0,6,0,1,0,2.0,0,2600.0
0.020098995,46,0,0.948532539,2350.0,5,0,2,0,2.0,0,783.3333333333334
0.03049695,68,0,0.001094757,8220.0,5,0,0,0,0.0,0,8220.0
0.9999999,52,0,0.070643119,3000.0,2,1,0,0,1.0,1,1500.0
0.78844475,44,0,0.326360992,7218.0,6,0,1,0,2.0,0,2406.0
0.167976738,62,0,0.22578802,10500.0,14,0,1,0,0.0,0,10500.0
0.002259507,44,0,0.225248373,11675.0,10,0,1,0,2.0,0,3891.6666666666665
0.96067191,37,5,0.624583664,6304.0,7,1,2,0,2.0,6,2101.3333333333335
0.06083778,64,0,1.412.782.956,750.0,10,0,1,0,0.0,0,750.0
0.475672809,55,0,0.258890263,13750.0,12,0,2,0,0.0,0,13750.0
0.01509686,80,0,0.002908562,5500.0,8,0,0,0,0.0,0,5500.0
0.990786429,52,0,0.243195786,6833.0,5,0,0,0,0.0,0,6833.0
0.775953452,51,0,0.501081159,6936.0,12,0,2,0,1.0,0,3468.0
0.018157098,28,2,0.142780963,7500.0,18,0,0,0,0.0,2,7500.0
0.000180585,27,0,0.277585893,5500.0,19,0,2,0,0.0,0,5500.0
0.007681469,63,0,0.452568429,8000.0,11,0,2,0,1.0,0,4000.0
0.9999999,22,0,0,1600.0,1,0,0,0,0.0,0,1600.0
0.412067297,44,0,0.384226167,12450.0,13,0,2,0,3.0,0,3112.5
0.793611956,44,0,0.21929111,8604.0,6,0,0,0,3.0,0,2151.0
0.9999999,89,0,0.112971757,4000.0,9,0,1,0,0.0,0,4000.0
0,23,0,0,820.0,2,0,0,0,0.0,0,820.0
0,31,0,0.856982614,5348.0,7,0,2,0,2.0,0,1782.6666666666667
0.864733609,58,0,0.416865899,4600.0,9,0,2,0,0.0,0,4600.0
0.066207509,41,0,0.077813309,6566.0,10,0,0,0,3.0,0,1641.5
0.129778148,40,0,0.466177941,3000.0,8,0,1,0,0.0,0,3000.0
1.050.585.401,49,3,0.7482892,3360.0,13,0,1,0,0.0,3,3360.0
0.061113895,61,0,0.225534673,13886.0,9,0,2,0,0.0,0,13886.0
0.9999999,22,0,0,800.0,1,0,0,0,0.0,0,800.0
0,38,0,0.33261912,9800.0,3,0,2,0,1.0,0,4900.0
0.156469466,65,0,0.150894669,10841.0,5,0,1,0,2.0,0,3613.6666666666665
0.760174661,46,1,0.773445311,5000.0,9,0,1,0,1.0,1,2500.0
0.9999999,24,98,0,750.0,0,98,0,98,0.0,294,750.0
0.005207972,46,0,0.332902012,8500.0,5,0,2,0,4.0,0,1700.0
0.029696242,44,1,0.296936245,12500.0,14,0,2,0,2.0,1,4166.666666666667
0.056975419,57,0,0.004914286,17499.0,5,0,0,0,2.0,0,5833.0
0.32966686,43,3,0.022438205,8333.0,4,0,0,0,1.0,3,4166.5
0.002658789,58,0,0.399102317,10916.0,11,0,2,0,0.0,0,10916.0
0.032913482,64,1,0.25247896,12000.0,12,0,1,0,0.0,1,12000.0
0.014734187,47,0,0.057838843,16666.0,11,0,0,0,3.0,0,4166.5
0.11006239,61,0,0.337207849,8000.0,7,0,2,0,0.0,0,8000.0
0.0408106,53,0,0.330929437,16084.0,14,0,2,0,2.0,0,5361.333333333333
0.810237203,32,0,0.093981204,5000.0,1,2,0,0,0.0,2,5000.0
0.260962051,64,0,0.688278505,3130.0,10,0,1,0,2.0,0,1043.3333333333333
0.016149731,75,0,0.004319654,8333.0,8,0,0,0,0.0,0,8333.0
0.950105123,46,0,0.52499494,4940.0,5,0,1,0,3.0,0,1235.0
0.023048848,81,0,0.004331889,3000.0,6,0,0,0,0.0,0,3000.0
0.14019373,60,0,0.151539384,2500.0,4,0,0,0,0.0,0,2500.0
0.512038648,46,1,0.321495069,14500.0,9,0,2,1,2.0,2,4833.333333333333
0.154917751,28,0,0.238704518,2500.0,5,0,0,0,2.0,0,833.3333333333334
0.098817717,38,0,0.421308198,3500.0,4,0,1,0,0.0,0,3500.0
0.126652156,40,0,0.185440448,32500.0,15,0,1,0,1.0,0,16250.0
0,81,0,0.04739763,6666.0,6,0,1,0,0.0,0,6666.0
0.009549761,81,1,0.005275779,2084.0,6,0,0,0,0.0,1,2084.0
0.112246929,43,0,0.229037037,6749.0,14,0,0,0,6.0,0,964.1428571428571
0.9999999,28,0,32,0.0,2,1,0,0,0.0,1,0.0
0.172725186,57,0,0.343603346,4900.0,24,0,1,0,0.0,0,4900.0
0.08084143,26,1,0.663824604,820.0,4,0,0,0,0.0,1,820.0
0.040927853,55,0,0.323961938,6935.0,7,0,2,0,1.0,0,3467.5
0.262759458,59,0,0.132977837,6000.0,6,0,0,0,0.0,0,6000.0
0.007848247,75,0,0.498800959,1667.0,7,0,1,0,0.0,0,1667.0
0.42108178,51,0,0.194532338,7900.0,7,0,1,1,2.0,1,2633.3333333333335
0.075907238,40,0,0.952294412,2200.0,13,0,2,0,2.0,0,733.3333333333334
0.14551688,63,0,0.070992901,10000.0,10,0,1,0,0.0,0,10000.0
0.107509088,39,0,0.244783516,7667.0,14,0,2,0,0.0,0,7667.0
0.710565699,35,0,0.582826897,5100.0,8,0,3,0,3.0,0,1275.0
0.49742778,50,0,0.375951996,8665.0,8,0,1,0,2.0,0,2888.3333333333335
0,39,0,0.378928387,3881.0,9,1,1,0,0.0,1,3881.0
0.201798202,35,1,0.040425994,4600.0,2,0,0,0,1.0,1,2300.0
0,33,0,0.235031924,8300.0,9,0,1,1,2.0,1,2766.6666666666665
0.9999999,22,0,0,820.0,1,0,0,0,0.0,0,820.0
0.02286988,43,0,0.170846028,8533.0,6,0,1,0,1.0,0,4266.5
0.010939889,50,1,0.001124859,2666.0,6,0,0,0,0.0,1,2666.0
0,73,0,0.470695139,2200.0,6,0,1,0,0.0,0,2200.0
0.782658581,36,1,0.290495737,3166.0,12,0,0,0,1.0,1,1583.0
0.006086219,44,0,0.079392061,10000.0,8,0,1,0,3.0,0,2500.0
0.840257721,33,1,0.561643836,2700.0,8,0,0,0,0.0,1,2700.0
0.935098868,47,1,0.854058377,2500.0,5,0,1,0,1.0,1,1250.0
0.018826967,50,0,1.175.876.982,2080.0,13,0,1,0,0.0,0,2080.0
0.099189718,74,0,1.336.171.788,2700.0,10,0,2,0,0.0,0,2700.0
0.736507479,37,0,0.462559745,3765.0,10,0,0,0,1.0,0,1882.5
0.629542448,45,0,0.239907839,20832.0,9,0,1,0,4.0,0,4166.4
0.246468424,61,5,0.357107149,6000.0,24,0,1,0,0.0,5,6000.0
0.9999999,35,0,0.203141584,4710.0,5,0,0,0,3.0,0,1177.5
0.042350918,60,0,1.060.560.933,4028.0,13,0,3,0,0.0,0,4028.0
0.312828594,38,0,0.286281429,6800.0,10,0,1,0,3.0,0,1700.0
0.57888986,49,3,0.4493002,3500.0,7,1,1,1,0.0,5,3500.0
0.638083682,44,0,0.251974803,10000.0,12,0,0,1,5.0,1,1666.6666666666667
0.122896299,44,0,0.144989931,14400.0,6,0,2,0,3.0,0,3600.0
0,31,0,0.707675849,3738.0,5,0,1,0,0.0,0,3738.0
0.430476949,50,0,0.586699306,2450.0,16,0,0,0,0.0,0,2450.0
0.08752086,44,1,0.043315777,45756.0,11,0,2,0,2.0,1,15252.0
0.971325434,50,1,0.640427388,4585.0,8,0,1,0,1.0,1,2292.5
0.766126609,45,2,0.802982129,9120.0,13,0,6,0,2.0,2,3040.0
0.9999999,45,1,0.303080766,3602.0,3,0,0,0,3.0,1,900.5
0.172995977,60,0,0.375832354,5105.0,12,0,1,0,2.0,0,1701.6666666666667
0.62871442,46,0,0.96383936,6000.0,15,0,2,0,0.0,0,6000.0
0.850017645,40,0,0.279088365,2500.0,7,0,0,0,1.0,0,1250.0
0.405780006,44,0,0.398070815,8500.0,12,0,2,0,2.0,0,2833.3333333333335
0.040242649,41,0,0.472264953,11050.0,16,0,3,0,3.0,0,2762.5
0.705394345,55,0,0.379723371,7012.0,5,0,2,0,4.0,0,1402.4
0.27241939,61,1,0.165541807,5333.0,7,0,0,0,0.0,1,5333.0
0.482979732,52,1,0.602550845,2900.0,18,0,1,0,2.0,1,966.6666666666666
0.828627697,44,0,1.198.987.662,3160.0,11,0,2,0,0.0,0,3160.0
0.9999999,48,1,0.342346579,4252.0,2,1,1,0,2.0,2,1417.3333333333333
0.293523693,44,0,0.455222293,4700.0,14,0,1,0,1.0,0,2350.0
0.971772304,32,1,0.481253605,5200.0,10,0,1,0,1.0,1,2600.0
0.760269978,36,0,0.170795306,2300.0,5,0,0,0,0.0,0,2300.0
0.065043675,54,0,0.243146404,12000.0,8,0,2,0,2.0,0,4000.0
0.01802654,65,0,0.132380216,12939.0,7,0,1,0,2.0,0,4313.0
0.217470414,66,0,0.298459043,3698.0,12,0,0,0,0.0,0,3698.0
0.006927627,62,0,0.002666222,6000.0,7,0,0,0,0.0,0,6000.0
0.216438566,33,0,0.091956075,11200.0,8,0,0,0,1.0,0,5600.0
0,46,0,0.099800399,500.0,5,0,0,0,0.0,0,500.0
0.055662589,54,0,0.207368764,9200.0,8,0,2,0,1.0,0,4600.0
0.049637622,53,0,2.504.266.972,7850.0,7,0,2,0,3.0,0,1962.5
0.17633313,42,0,0.256862389,5500.0,9,0,0,0,2.0,0,1833.3333333333333
0.659524538,60,0,0.639652944,5416.0,11,0,3,0,0.0,0,5416.0
0.9999999,45,0,2.264.779.351,1200.0,3,0,2,0,2.0,0,400.0
0.049032546,72,0,0.316193323,10034.0,15,0,1,0,1.0,0,5017.0
0.106664982,60,0,0.02512186,8000.0,5,0,0,0,1.0,0,4000.0
0.452920735,48,0,0.516775646,9328.0,12,0,3,0,0.0,0,9328.0
0.253030753,31,0,0.449164067,12500.0,12,0,2,0,0.0,0,12500.0
0.985092264,48,0,0.376905611,3082.0,4,0,1,0,0.0,0,3082.0
0.014577454,58,0,0.106942196,10500.0,7,0,2,0,0.0,0,10500.0
0.00390564,43,0,0.204773869,2387.0,6,0,0,0,2.0,0,795.6666666666666
0.264050901,59,0,0.441730864,6100.0,15,0,1,0,1.0,0,3050.0
0.001442238,62,0,0.233996495,9700.0,11,0,1,0,0.0,0,9700.0
0.127449673,43,0,0.250165017,3029.0,6,0,0,0,0.0,0,3029.0
0.125974805,38,0,0.006426276,2800.0,1,0,0,0,0.0,0,2800.0
0.899780005,44,0,0.16840061,7208.0,4,0,0,0,0.0,0,7208.0
0.097159451,60,0,0.175956647,9041.0,7,0,1,0,1.0,0,4520.5
0.372556609,32,0,0.328736445,8483.0,15,0,3,0,2.0,0,2827.6666666666665
0.027932283,50,0,0.769376457,6863.0,8,0,3,0,0.0,0,6863.0
0.031350645,48,1,0.202159568,5000.0,10,0,2,0,1.0,1,2500.0
0.005714182,58,0,1.072.963.518,2000.0,10,0,2,0,1.0,0,1000.0
0.001406562,32,0,1.057.025.077,2910.0,7,0,2,0,0.0,0,2910.0
0,56,0,0.349235105,4967.0,14,0,1,0,0.0,0,4967.0
0,51,0,0,2904.0,1,0,0,0,0.0,0,2904.0
0.644622197,52,0,0.150764749,4118.0,8,0,0,0,2.0,0,1372.6666666666667
0.263336114,48,0,0.371611497,7340.0,16,0,2,0,3.0,0,1835.0
0.031106174,35,0,0.151166313,3300.0,6,0,0,0,2.0,0,1100.0
0.000835205,52,0,0.067366579,8000.0,6,0,1,0,0.0,0,8000.0
0.039816443,74,0,0.0324797,1600.0,10,0,0,0,0.0,0,1600.0
0,46,0,0,5033.0,2,0,0,0,0.0,0,5033.0
0.519743373,67,0,0.376905703,7083.0,7,0,0,0,0.0,0,7083.0
0.285756611,61,0,0.741310903,6300.0,10,0,3,0,0.0,0,6300.0
0.039992002,31,0,0.00239904,2500.0,1,0,0,0,0.0,0,2500.0
0.273414198,37,0,0.874446508,7000.0,10,0,2,0,0.0,0,7000.0
0.619832625,58,0,0.384515439,13083.0,10,0,2,0,1.0,0,6541.5
0.096173075,43,1,0.337443759,6000.0,5,0,1,0,0.0,1,6000.0
0.415873104,27,0,0.208936698,2416.0,7,0,0,0,0.0,0,2416.0
0.106450495,39,0,0.291816224,2785.0,4,0,1,0,0.0,0,2785.0
1.001.701.947,48,1,0.110326982,4250.0,3,0,0,1,4.0,2,850.0
0.596347384,58,0,0.401485788,6191.0,11,0,3,0,3.0,0,1547.75
0.222353631,52,0,0.38072042,7800.0,6,0,1,0,0.0,0,7800.0
0.124125058,43,0,0.03875969,1418.0,1,0,0,0,0.0,0,1418.0
0.001562419,52,0,0.336558932,5166.0,12,0,1,0,0.0,0,5166.0
0.115047841,62,0,0.134580877,3900.0,12,0,0,0,3.0,0,975.0
0.22576166,56,1,0.350464116,8833.0,27,0,2,1,1.0,2,4416.5
0.626674665,21,0,0.107507774,2250.0,1,0,0,0,2.0,0,750.0
0.023379178,55,0,0.072345848,10200.0,12,0,0,0,0.0,0,10200.0
0,61,0,0.470955353,2082.0,3,0,1,0,0.0,0,2082.0
0.0427054,62,0,0.389984401,25000.0,26,0,6,0,0.0,0,25000.0
0.949721468,33,3,0.157954331,5298.0,3,0,0,0,3.0,3,1324.5
0.764332654,45,1,2584,0.0,7,0,1,0,2.0,1,0.0
0.022126987,49,0,0.005248688,4000.0,3,0,0,0,0.0,0,4000.0
0.924721809,64,0,0.307928913,2925.0,9,0,0,0,0.0,0,2925.0
0.143394226,45,0,0.346976868,15000.0,12,0,2,0,0.0,0,15000.0
0.292680536,28,0,0.698756333,2170.0,10,0,0,0,1.0,0,1085.0
0.740931642,56,0,0.520512212,8433.0,10,0,1,0,2.0,0,2811.0
0.311377246,28,0,0.002822865,1416.0,1,0,0,0,0.0,0,1416.0
0.061933895,74,0,1.084.050.633,3949.0,14,0,2,0,0.0,0,3949.0
0.9999999,64,0,0.011355816,2905.0,0,2,0,0,0.0,2,2905.0
0.916431194,60,0,122.647.363,2900.0,15,0,1,0,0.0,0,2900.0
0.654072432,70,0,0.613515445,12592.0,10,0,2,0,0.0,0,12592.0
0.129543523,57,0,0.085031201,13300.0,3,0,1,0,1.0,0,6650.0
0.054892433,40,0,0.003960737,11613.0,4,0,0,0,0.0,0,11613.0
0.075802305,35,0,0.336665766,3700.0,5,0,1,0,1.0,0,1850.0
0.896475991,46,0,0.574907273,6200.0,13,0,2,0,0.0,0,6200.0
0.069862673,52,0,0.24256312,12000.0,10,0,1,0,1.0,0,6000.0
0.82683266,42,1,0.175815884,5300.0,4,0,0,0,1.0,1,2650.0
0.017199509,61,0,0.003042082,5916.0,5,0,0,0,0.0,0,5916.0
0.056945292,26,0,0.161723657,5731.0,7,0,0,0,0.0,0,5731.0
0.085765385,64,0,0.31147541,2500.0,6,0,0,0,0.0,0,2500.0
0.285342534,38,0,0.08951092,3250.0,4,0,0,0,3.0,0,812.5
0.037137671,73,0,0.057227248,10833.0,7,0,0,0,0.0,0,10833.0
0.225244385,29,0,0.340718725,3700.0,19,0,0,0,1.0,0,1850.0
0.120883447,79,0,0.159954299,3500.0,12,0,1,0,0.0,0,3500.0
0.780114515,47,1,0.500579822,7760.0,20,0,1,0,3.0,1,1940.0
0.481609286,48,0,0.754525706,4142.0,12,0,2,0,1.0,0,2071.0
0.401260894,52,0,0.151384862,10000.0,6,0,1,0,2.0,0,3333.3333333333335
0.000674664,74,0,0,2300.0,19,0,0,0,0.0,0,2300.0
0.9999999,43,3,1.024.390.244,5616.0,4,0,2,1,0.0,4,5616.0
0,47,0,0.01466527,10500.0,10,0,0,0,0.0,0,10500.0
1.107.956.817,60,2,0.54248366,2600.0,5,0,0,1,0.0,3,2600.0
0.363664334,43,0,0.302234888,6666.0,7,0,2,0,2.0,0,2222.0
0.619075378,32,3,0.157745065,5977.0,13,0,0,1,0.0,4,5977.0
0.029307863,63,0,88,0.0,11,0,0,0,0.0,0,0.0
0.45286532,24,0,0.195234435,1300.0,2,0,0,0,0.0,0,1300.0
0.920907794,70,0,0.645670573,6143.0,14,0,2,0,0.0,0,6143.0
0.976011994,24,0,0.027756059,2557.0,3,0,0,0,0.0,0,2557.0
0,31,0,0.263956007,6000.0,7,0,1,0,0.0,0,6000.0
0.377379777,56,0,0.412807676,4793.0,14,0,1,0,0.0,0,4793.0
0.14827097,54,0,0.038708756,7000.0,5,0,0,0,2.0,0,2333.3333333333335
0.044157328,64,0,0.865737593,2941.0,8,0,2,0,0.0,0,2941.0
0.591604068,36,0,0.413742956,5500.0,7,0,2,0,2.0,0,1833.3333333333333
0.012028637,52,0,0.079986669,6000.0,8,0,1,0,3.0,0,1500.0
0,66,0,0.000571265,3500.0,2,0,0,0,0.0,0,3500.0
0.053042312,28,0,0.007678677,1692.0,2,0,0,0,0.0,0,1692.0
0.006473168,44,0,0.244049383,10124.0,6,0,3,0,8.0,0,1124.888888888889
0.189259178,52,0,0.748625687,2000.0,15,0,0,0,3.0,0,500.0
0.030539259,72,0,0.075984803,5000.0,11,0,0,0,0.0,0,5000.0
0.028177565,33,0,0.538498441,4168.0,5,0,3,0,0.0,0,4168.0
0.498096699,41,0,0.358593363,4037.0,7,0,1,0,0.0,0,4037.0
0.446574474,68,1,0.566454952,4250.0,10,0,1,0,0.0,1,4250.0
0.071682862,52,0,0.518410144,4100.0,28,0,3,0,2.0,0,1366.6666666666667
0.173050955,67,0,0.483175605,3803.0,23,0,2,0,1.0,0,1901.5
0.181503403,73,0,0.664997496,3993.0,15,0,1,0,0.0,0,3993.0
0.53815304,77,0,0.267609966,3250.0,7,0,2,0,1.0,0,1625.0
0.023413003,74,0,0.20919729,4870.0,9,0,1,0,0.0,0,4870.0
0.102189781,33,0,0.051990547,5500.0,3,0,0,0,0.0,0,5500.0
0.055170351,65,0,0.434490482,6250.0,11,0,2,0,3.0,0,1562.5
0.055147243,51,1,0.433569346,2400.0,5,0,1,0,1.0,1,1200.0
0.005134722,60,0,0.133953716,8166.0,8,0,1,0,2.0,0,2722.0
0.610191145,58,0,0.053095086,7834.0,6,0,0,0,0.0,0,7834.0
0.275536421,31,0,0.096980604,5000.0,4,0,0,0,0.0,0,5000.0
0.009999459,81,0,0.002148689,2326.0,3,0,0,0,0.0,0,2326.0
0.664401531,60,0,0.486171367,7375.0,9,1,3,1,0.0,2,7375.0
0.008063286,64,0,0.768246351,5000.0,13,0,3,0,1.0,0,2500.0
0.131457845,48,2,0.078490189,8000.0,8,0,0,0,1.0,2,4000.0
0.18231242,45,0,0.378678792,7916.0,18,0,1,0,0.0,0,7916.0
0.478490901,52,0,0.953350611,2700.0,15,0,2,0,0.0,0,2700.0
0.9999999,51,0,2.871.991.247,913.0,5,0,1,0,2.0,0,304.3333333333333
0.954941591,49,0,0.825672646,3567.0,18,0,1,0,0.0,0,3567.0
0.021686018,54,0,0.158932436,8317.0,4,0,1,0,0.0,0,8317.0
0.018830042,32,0,0.66555512,5097.0,19,0,2,0,2.0,0,1699.0
0.008940826,39,0,0.59081819,11500.0,12,0,4,0,0.0,0,11500.0
0.00574175,67,0,0.002332556,3000.0,5,0,0,0,0.0,0,3000.0
0.014710935,61,1,0.330181818,4124.0,30,0,0,0,1.0,1,2062.0
0.014181515,49,0,0.689815509,6666.0,12,0,2,0,1.0,0,3333.0
0.007264134,66,0,0.901465994,4160.0,18,0,3,0,1.0,0,2080.0
0.9999999,51,4,0.363837068,9058.0,5,2,1,1,2.0,7,3019.3333333333335
0.144323141,47,0,0.17630651,19000.0,19,0,2,0,2.0,0,6333.333333333333
0.020558188,79,0,0.3014862,3296.0,7,0,1,0,0.0,0,3296.0
0.019196807,63,0,0.13290263,2166.0,8,0,0,0,0.0,0,2166.0
0.9999999,51,1,0,8333.0,0,2,0,0,0.0,3,8333.0
0.001796192,28,0,0.061713902,5962.0,6,0,0,0,2.0,0,1987.3333333333333
0.853381097,45,0,0.499830278,17675.0,16,0,3,0,0.0,0,17675.0
0.041505599,51,0,0.409391808,4833.0,11,0,1,0,2.0,0,1611.0
0.038548557,54,0,0.894276431,4000.0,19,0,1,0,0.0,0,4000.0
0.00868824,54,0,0.001663103,4208.0,3,0,0,0,0.0,0,4208.0
0.409970506,29,0,0.290372193,3250.0,11,0,1,0,2.0,0,1083.3333333333333
0.482038151,42,0,0.08432882,11300.0,4,0,0,0,4.0,0,2260.0
1.388.704.319,35,1,0.114863364,4500.0,3,2,0,1,1.0,4,2250.0
0.347528196,43,0,0.318136373,5000.0,11,0,2,0,1.0,0,2500.0
0.008037008,70,0,0.272202999,2600.0,6,0,1,0,0.0,0,2600.0
0.103491376,38,0,0.888055972,2000.0,7,0,2,0,1.0,0,1000.0
0.058660149,23,0,0.059100265,3400.0,5,0,0,0,0.0,0,3400.0
0.004274893,34,0,0.155669443,1560.0,8,0,0,0,0.0,0,1560.0
0.012469855,84,0,0.001170047,5127.0,2,0,0,0,0.0,0,5127.0
0.569286143,26,0,0.322451402,6738.0,5,0,3,0,0.0,0,6738.0
0.652347652,26,0,0.158613795,3000.0,3,1,0,1,1.0,2,1500.0
0.9000999,81,0,0.100483253,6000.0,2,1,0,0,1.0,1,3000.0
0.436939077,57,0,0.565371457,8183.0,7,0,2,0,0.0,0,8183.0
0.008132791,88,0,0.001893939,1583.0,4,0,0,0,0.0,0,1583.0
0,57,1,0.207398943,7000.0,8,0,1,0,0.0,1,7000.0
0.12903533,75,0,0.666780939,5833.0,6,0,2,0,0.0,0,5833.0
0.147259112,40,0,0.525158281,3000.0,7,0,1,0,1.0,0,1500.0
0.166580937,34,0,0.453890984,8750.0,16,0,2,0,3.0,0,2187.5
0,42,0,0.336333157,5666.0,6,0,1,0,1.0,0,2833.0
0.263378429,51,0,0.587448085,6500.0,12,0,1,0,0.0,0,6500.0
0.003571197,47,0,0.333074132,3857.0,5,0,1,0,2.0,0,1285.6666666666667
0.704779854,30,0,0.84498094,2360.0,9,0,1,0,0.0,0,2360.0
0,55,0,0,8416.0,3,0,0,0,0.0,0,8416.0
0.00582668,58,0,0.463652551,12916.0,15,0,4,0,1.0,0,6458.0
0.100583568,36,0,0.391304348,4346.0,8,1,0,0,0.0,1,4346.0
0.083633085,77,0,0.14557425,5467.0,15,0,0,0,1.0,0,2733.5
0.24685021,61,0,0.256522066,13300.0,6,0,1,0,0.0,0,13300.0
0.478736236,60,1,0.367552195,14416.0,20,0,3,0,0.0,1,14416.0
0.002997643,53,2,0.41068744,7316.0,18,0,2,0,0.0,2,7316.0
0.126859318,47,1,1.166.212.534,1100.0,17,0,2,0,2.0,1,366.6666666666667
0.99342951,37,0,0.284816096,6361.0,3,0,1,0,3.0,0,1590.25
0.138538637,57,0,0.445796184,12000.0,8,0,3,0,0.0,0,12000.0
0.124971597,80,0,0.029136316,960.0,6,0,0,0,0.0,0,960.0
0.002216699,56,0,0.006890961,7400.0,9,0,0,0,0.0,0,7400.0
0.109219099,33,0,0.249900008,12500.0,22,0,2,0,0.0,0,12500.0
0.13937236,45,0,0.264731245,3478.0,11,0,0,0,0.0,0,3478.0
0,81,0,0,1800.0,6,0,0,0,0.0,0,1800.0
0.200109574,60,1,0.540776896,4916.0,8,0,2,2,1.0,3,2458.0
0.022149744,34,0,0.013239875,1283.0,6,0,0,0,0.0,0,1283.0
0.778209144,49,0,0.508499227,11000.0,15,0,2,0,3.0,0,2750.0
0,52,1,0.406886338,2700.0,10,4,2,1,0.0,6,2700.0
0.068758957,61,0,0.280916988,11166.0,8,0,2,0,1.0,0,5583.0
0.226658081,34,0,0.766411196,3000.0,10,0,3,0,3.0,0,750.0
0.9999999,36,0,0.228033473,2389.0,2,0,0,1,2.0,1,796.3333333333334
0,74,0,0.051688332,13000.0,5,0,0,0,1.0,0,6500.0
0.492287351,45,3,0.30830758,5500.0,8,2,1,2,1.0,7,2750.0
0.019631208,75,0,0.290709633,2916.0,6,0,1,0,0.0,0,2916.0
0.205170354,70,0,0.355457817,2500.0,13,0,0,0,0.0,0,2500.0
0.99992511,30,6,1.416.842.628,8050.0,17,1,7,0,2.0,7,2683.3333333333335
0.659486599,53,0,0.673248648,7950.0,23,0,2,0,0.0,0,7950.0
0.021918085,65,0,0.006238004,2083.0,1,0,0,0,0.0,0,2083.0
0.028001818,65,0,0.229242979,3275.0,19,0,1,0,0.0,0,3275.0
0.526473526,23,0,0.004998334,3000.0,2,0,0,0,0.0,0,3000.0
0.254221308,53,0,0.160392507,5604.0,6,0,0,0,1.0,0,2802.0
0.176194967,76,0,0.459166466,4150.0,11,0,1,0,0.0,0,4150.0
0.030862935,56,0,0.44325125,5400.0,12,0,1,0,0.0,0,5400.0
0.337588747,44,0,0.102606833,8400.0,5,0,0,0,2.0,0,2800.0
0.070492951,43,0,0.45664905,7000.0,3,0,1,0,0.0,0,7000.0
0.110658527,51,0,0.291395203,20720.0,13,0,2,0,1.0,0,10360.0
0.741197407,35,0,0.915176798,5033.0,13,1,4,0,0.0,1,5033.0
0.71870677,46,0,0.45896861,4459.0,17,0,1,0,0.0,0,4459.0
0.043908293,66,0,0.557161788,8300.0,10,0,3,0,1.0,0,4150.0
0.35097686,35,0,1.594.189.316,3200.0,7,0,1,0,0.0,0,3200.0
0.19314299,62,0,0.532718894,3254.0,6,0,1,0,3.0,0,813.5
0,62,0,1.017.585.931,1250.0,7,0,3,0,0.0,0,1250.0
0.015848473,61,0,0.20887698,8583.0,7,0,2,0,0.0,0,8583.0
0.081614871,52,0,0.381507705,2400.0,4,0,1,0,0.0,0,2400.0
0.196330818,51,0,128.896.388,8000.0,15,0,3,0,0.0,0,8000.0
0.683330953,26,1,0.097414655,7000.0,8,0,0,0,0.0,1,7000.0
0.019161476,51,0,0.587655074,9833.0,6,0,3,0,0.0,0,9833.0
0.003285636,49,0,0.44957932,8200.0,17,0,3,0,1.0,0,4100.0
0.490930125,63,0,0.427523344,4497.0,13,0,1,0,0.0,0,4497.0
0.926991821,38,0,0.437269373,1625.0,6,0,0,0,0.0,0,1625.0
0.298219022,47,0,0.406358836,8900.0,6,0,3,0,3.0,0,2225.0
0.008132791,57,1,0.111377724,5000.0,3,0,0,0,0.0,1,5000.0
0.002661183,34,0,0.224368499,4710.0,6,0,1,0,1.0,0,2355.0
0.023160543,85,0,0.349095395,2431.0,10,0,0,0,0.0,0,2431.0
0.180363927,33,0,0.310768352,3500.0,8,0,0,0,0.0,0,3500.0
0.719085394,43,0,0.369388628,4677.0,5,0,1,0,2.0,0,1559.0
0.764740322,54,0,0.36987428,8510.0,6,0,1,1,3.0,1,2127.5
0.170750655,59,0,0.295507015,5630.0,13,0,2,0,0.0,0,5630.0
0.863918535,49,3,0.640071986,5000.0,5,0,1,0,0.0,3,5000.0
0,27,0,0.137544982,2500.0,5,0,0,0,0.0,0,2500.0
0.26364909,47,0,0.3448399,8400.0,10,0,2,0,3.0,0,2100.0
0.556001358,73,0,0.300858704,6404.0,9,0,2,0,0.0,0,6404.0
0.558077942,40,0,0.779352553,6208.0,11,0,2,2,3.0,2,1552.0
0.548682969,62,0,0.574062165,4664.0,12,0,2,0,0.0,0,4664.0
0.004581652,89,0,0.000820793,3654.0,2,0,0,0,0.0,0,3654.0
0.903413822,59,1,0.031408308,986.0,3,1,0,0,0.0,2,986.0
0.9999999,29,1,0,5300.0,0,0,0,0,1.0,1,2650.0
0.071935396,53,0,0.290773067,4009.0,12,0,2,0,0.0,0,4009.0
0.162119082,64,0,0.416800921,4344.0,12,0,1,0,1.0,0,2172.0
0.107292371,44,0,0.103972858,9136.0,10,0,0,0,0.0,0,9136.0
0.283226051,63,0,0.940020683,2900.0,11,0,1,0,0.0,0,2900.0
0.647246827,38,1,0.351218848,7342.0,12,0,3,0,0.0,1,7342.0
0.034660724,50,0,0.258484745,5833.0,7,0,1,0,0.0,0,5833.0
0.069662417,58,0,0.193120393,10174.0,11,0,1,0,1.0,0,5087.0
0.825793552,40,2,0.955522239,2000.0,9,0,0,0,2.0,2,666.6666666666666
0.775790506,63,0,0.164208948,4000.0,4,0,0,0,1.0,0,2000.0
0.026774292,42,0,0.439006358,6762.0,6,0,1,0,0.0,0,6762.0
0.634159393,32,0,0.461582405,3500.0,5,0,2,0,0.0,0,3500.0
0.9999999,48,1,0.031042902,8600.0,1,2,0,0,2.0,3,2866.6666666666665
0.547230456,48,0,0.520895821,5000.0,7,0,2,0,2.0,0,1666.6666666666667
0,53,0,130.993.107,7833.0,9,0,4,0,2.0,0,2611.0
0.094965992,79,0,0.298528782,7000.0,7,0,2,0,1.0,0,3500.0
0.416569102,73,0,0.332712479,10200.0,12,0,2,0,0.0,0,10200.0
0.654754126,44,2,0.752538201,9750.0,8,0,4,0,2.0,2,3250.0
0.118515259,45,0,0.384794234,4300.0,4,0,1,0,2.0,0,1433.3333333333333
0.615712569,43,0,0.065057992,7500.0,10,1,0,0,0.0,1,7500.0
0,67,0,0.25934813,5000.0,6,0,1,0,0.0,0,5000.0
0.020552754,73,0,0.019196161,1666.0,11,0,0,0,0.0,0,1666.0
0.214315187,46,0,0.148914633,8890.0,7,0,1,0,3.0,0,2222.5
0.025947956,63,0,0.20850847,7850.0,8,0,1,0,2.0,0,2616.6666666666665
0.677902126,66,0,0.231654405,5300.0,11,0,1,0,3.0,0,1325.0
0.111341419,37,0,0.149742513,20000.0,9,0,2,0,2.0,0,6666.666666666667
0.667922341,33,0,0.015381135,4420.0,3,0,0,0,2.0,0,1473.3333333333333
0.007850897,62,0,0.052926276,7500.0,6,0,0,0,0.0,0,7500.0
0.028922088,51,0,0.0074985,3333.0,4,0,0,0,2.0,0,1111.0
0.031351998,65,0,0.145845668,15200.0,9,0,1,0,0.0,0,15200.0
0.044153902,55,0,0.309119313,5120.0,8,0,1,0,2.0,0,1706.6666666666667
0.9999999,47,0,0.022325709,7300.0,2,1,0,0,1.0,1,3650.0
0,28,0,0.515584037,3432.0,7,0,1,0,0.0,0,3432.0
1.278.884.462,32,2,0.09333899,7070.0,4,0,0,1,0.0,3,7070.0
0.563934312,70,0,0.342221482,12000.0,13,0,2,0,1.0,0,6000.0
0,59,0,0.177930747,4793.0,5,0,1,0,1.0,0,2396.5
0.013620239,57,1,0.004761451,10500.0,16,0,0,0,0.0,1,10500.0
0.106113033,43,0,0.412082958,4435.0,6,0,0,0,1.0,0,2217.5
0.001664893,53,0,0.000544144,7350.0,7,0,0,0,1.0,0,3675.0
0.798650169,34,0,0.295274271,8950.0,8,0,2,0,0.0,0,8950.0
0.360405493,51,0,0.434466461,5500.0,17,0,1,0,2.0,0,1833.3333333333333
0.042671951,58,0,0.588129496,1667.0,8,0,1,0,0.0,0,1667.0
0.001081365,55,0,0.336132773,5000.0,22,0,2,0,0.0,0,5000.0
0,46,0,0,6000.0,8,0,0,0,0.0,0,6000.0
0.059832238,55,0,0.343739584,9000.0,12,0,2,0,2.0,0,3000.0
0.613117558,41,2,0.535737283,3105.0,6,0,1,1,2.0,3,1035.0
0.400254534,51,0,0.336793835,15700.0,6,0,3,0,3.0,0,3925.0
0.013699026,41,0,0.633825143,8200.0,7,0,2,0,0.0,0,8200.0
0.342011162,43,0,0.50967433,10439.0,9,0,1,0,1.0,0,5219.5
0.028395333,53,0,0.647720175,1600.0,8,0,1,0,0.0,0,1600.0
0.357240998,66,1,0.630304377,4500.0,11,0,2,0,2.0,1,1500.0
0.844988763,31,0,0.403167747,4166.0,7,0,0,0,2.0,0,1388.6666666666667
0.319297856,33,4,0.647781712,4800.0,12,1,1,3,2.0,8,1600.0
0.085742855,31,0,0.007081858,4800.0,4,0,0,0,1.0,0,2400.0
0.587421472,53,0,0.293106193,6280.0,7,0,3,0,0.0,0,6280.0
0.01891639,30,0,0.302597154,15670.0,15,0,4,0,0.0,0,15670.0
0.598320084,49,0,0.4209211,2800.0,9,0,0,0,0.0,0,2800.0
0.513690407,66,0,0.232389381,22599.0,21,0,1,0,1.0,0,11299.5
0.175573517,68,0,0.484251969,5333.0,11,0,1,0,0.0,0,5333.0
0.9999999,39,0,0.454716784,9550.0,7,0,2,0,0.0,0,9550.0
0.145312438,43,0,0.316210474,8000.0,12,0,2,0,1.0,0,4000.0
0.123630225,42,0,0.494712555,5200.0,11,0,2,0,3.0,0,1300.0
0.615589607,26,1,549,0.0,7,0,0,0,0.0,1,0.0
0.046693416,55,0,0.176809283,11288.0,3,0,1,0,1.0,0,5644.0
0.9999999,29,0,0.140286571,3000.0,5,0,0,0,1.0,0,1500.0
0.287287677,51,0,0.303116147,6000.0,12,0,0,0,3.0,0,1500.0
0.011166201,74,0,0.005838198,1198.0,7,0,0,0,0.0,0,1198.0
0.02509749,53,0,0.002888981,2422.0,2,0,0,0,1.0,0,1211.0
1.073.292.671,63,1,0.331433713,3333.0,2,0,0,2,0.0,3,3333.0
0.763283712,55,2,0.303051198,5800.0,11,1,2,1,0.0,4,5800.0
0.343803306,27,0,0.178486435,2100.0,3,0,0,0,0.0,0,2100.0
0.014049649,27,0,0.352214765,3724.0,4,0,1,0,1.0,0,1862.0
0.659567363,40,0,0.642590775,5094.0,14,0,2,0,2.0,0,1698.0
0.802554936,81,0,0.152094212,9000.0,5,0,0,0,1.0,0,4500.0
0.036306304,36,0,164.383.904,4000.0,14,0,5,0,0.0,0,4000.0
0.9999999,42,1,0,2800.0,1,0,0,0,0.0,1,2800.0
0.453747468,45,0,3835,0.0,13,0,1,0,0.0,0,0.0
0.811458427,23,0,0.140760389,5654.0,8,0,0,0,3.0,0,1413.5
0.023850211,65,0,0.008748633,6400.0,9,0,0,0,0.0,0,6400.0
0,50,0,0.260716224,7371.0,8,0,1,0,0.0,0,7371.0
0.567767146,39,2,0.344203761,4200.0,7,0,0,1,3.0,3,1050.0
0.016217534,32,0,0.710540993,1792.0,7,0,1,0,0.0,0,1792.0
0.299339835,38,0,853,0.0,9,0,1,0,2.0,0,0.0
0.055111371,53,0,0.339053968,14100.0,9,0,2,0,2.0,0,4700.0
0.258405608,41,0,0.226681903,7000.0,16,0,1,0,1.0,0,3500.0
0.285316041,75,0,0.067853705,2077.0,6,0,0,0,0.0,0,2077.0
0.092939291,36,0,0.245466321,4631.0,13,0,0,0,0.0,0,4631.0
0.9999999,26,0,0.706521739,735.0,3,0,0,0,0.0,0,735.0
0.014430343,59,0,0.278632479,4094.0,5,0,1,0,0.0,0,4094.0
0.194739271,43,0,0.379217997,5600.0,5,0,1,0,3.0,0,1400.0
0.9999999,44,1,0.072428349,4500.0,1,0,0,0,4.0,1,900.0
1.054.908.486,41,2,0.340797086,9333.0,6,1,1,1,3.0,4,2333.25
0.89431591,37,1,0.341174613,6333.0,4,0,2,0,1.0,1,3166.5
0.000785092,82,0,0.286930766,2700.0,9,0,1,0,0.0,0,2700.0
0.084130516,69,0,0.014497584,6000.0,3,0,0,0,0.0,0,6000.0
0.09595235,49,0,0.04147926,2000.0,6,0,0,0,0.0,0,2000.0
0.149004711,55,0,0.235907026,11228.0,12,0,2,0,1.0,0,5614.0
0.364401483,29,0,0.063932273,6850.0,10,0,0,0,0.0,0,6850.0
0.433818702,58,1,2.093.912.487,12500.0,26,0,8,0,0.0,1,12500.0
0.9999999,48,0,0.006257333,5113.0,1,0,0,0,0.0,0,5113.0
5423,44,1,0.226618511,18550.0,9,0,3,0,0.0,1,18550.0
0.933594175,64,0,0.075390156,4164.0,4,0,0,0,0.0,0,4164.0
0.026856184,52,0,0.135224839,9339.0,5,0,1,0,3.0,0,2334.75
0.128348827,45,0,0.468832309,3416.0,11,0,2,0,1.0,0,1708.0
0.100759696,27,0,57,0.0,4,0,0,0,0.0,0,0.0
0.174482552,28,0,26,1.0,1,0,0,0,0.0,0,1.0
0.221517106,41,0,0.589184206,6508.0,14,0,1,0,1.0,0,3254.0
0.983936002,34,0,0.206625865,7515.0,8,0,0,1,0.0,1,7515.0
0.747872882,68,1,0.451637185,2656.0,4,0,1,0,0.0,1,2656.0
0.056407389,64,0,0.368246052,4811.0,10,0,2,1,0.0,1,4811.0
0.004166516,33,0,1.081.283.743,3333.0,8,0,2,0,0.0,0,3333.0
0.247135843,34,0,0.090524087,5666.0,3,0,0,0,1.0,0,2833.0
0.9999999,41,0,0.03511236,4983.0,1,1,0,0,1.0,1,2491.5
0.013155287,62,0,0.311135775,8108.0,7,0,1,0,0.0,0,8108.0
0.177512447,67,0,0.497113083,7100.0,25,0,3,0,1.0,0,3550.0
0.9999999,33,0,0.040856622,6583.0,9,1,0,0,2.0,1,2194.3333333333335
0.578117595,69,0,0.259913362,3000.0,7,0,0,0,0.0,0,3000.0
0.168558935,52,0,0.494785632,6040.0,18,0,1,0,0.0,0,6040.0
0.095954155,61,0,0.739390828,5843.0,14,0,3,0,0.0,0,5843.0
0.830927063,45,1,0.388528328,5700.0,10,0,1,1,0.0,2,5700.0
0.252654915,72,0,0.296378583,4500.0,13,0,0,0,0.0,0,4500.0
0.142270768,43,0,0.196408061,9576.0,10,0,2,0,1.0,0,4788.0
0.040865355,57,0,0.095144679,12233.0,14,0,1,0,0.0,0,12233.0
0.796384731,58,0,0.31993045,4600.0,8,0,1,0,0.0,0,4600.0
0.006466236,38,1,0.548069528,6500.0,11,1,2,0,2.0,2,2166.6666666666665
0,70,0,0,3848.0,4,0,0,0,0.0,0,3848.0
0.017236454,30,0,0.362660058,2420.0,8,0,2,0,0.0,0,2420.0
0.078538223,67,0,0.274317079,7833.0,9,0,2,0,3.0,0,1958.25
0,62,0,0.743953563,3100.0,7,0,2,0,1.0,0,1550.0
0.009184845,63,0,0.1364053,12000.0,7,0,1,0,1.0,0,6000.0
0.099508616,58,0,0.512738462,8124.0,14,0,4,0,0.0,0,8124.0
0.195717732,29,0,0.743221035,2433.0,7,0,1,0,0.0,0,2433.0
0.290727279,46,0,0.77956596,4100.0,11,0,2,0,2.0,0,1366.6666666666667
0.18637515,28,0,0.139902987,3916.0,5,0,0,0,0.0,0,3916.0
0.022317223,44,0,0.00779844,3333.0,4,0,0,0,0.0,0,3333.0
0.032145164,40,0,0.196360728,5000.0,4,0,1,0,1.0,0,2500.0
0.215036676,36,0,0.185504027,3600.0,5,0,0,0,1.0,0,1800.0
0.022683152,65,0,0.306789235,9028.0,11,0,1,0,0.0,0,9028.0
0.972186564,66,0,0.666410306,5200.0,9,0,0,0,0.0,0,5200.0
0.859490479,40,0,0.181705371,5640.0,5,0,0,0,0.0,0,5640.0
0.03259109,70,0,0.011927732,5700.0,9,0,0,0,0.0,0,5700.0
0.23068354,71,0,0.607886905,1343.0,10,0,0,0,0.0,0,1343.0
0.9999999,48,1,0,6000.0,0,3,0,0,3.0,4,1500.0
0.216603302,26,0,0.107220061,4625.0,6,0,0,0,0.0,0,4625.0
0.534616346,41,0,0.051985147,3500.0,3,0,0,0,0.0,0,3500.0
0.158539686,43,0,0.455997097,5510.0,11,0,1,0,1.0,0,2755.0
0.2177311,50,0,0.171221788,10500.0,5,0,1,0,1.0,0,5250.0
0.157906395,51,0,0.345539047,14200.0,7,0,2,0,1.0,0,7100.0
0.834529137,48,0,0.226200331,9663.0,4,0,1,0,2.0,0,3221.0
0.85737141,50,0,0.55734895,7000.0,9,0,2,0,0.0,0,7000.0
0.167004325,70,0,0.334580022,6416.0,23,0,1,0,0.0,0,6416.0
0.467191635,62,0,0.524622049,11310.0,11,0,3,0,0.0,0,11310.0
0.383745155,52,0,0.665233415,4883.0,15,0,2,0,1.0,0,2441.5
0.144366144,66,0,0.209576481,13741.0,11,0,2,0,1.0,0,6870.5
0.372340178,72,0,0.2569539,5140.0,8,0,1,0,0.0,0,5140.0
0.080597313,56,0,0.604017217,2787.0,4,0,1,0,0.0,0,2787.0
0.017356037,47,1,0.249590983,5500.0,12,0,1,0,3.0,1,1375.0
0.014070174,64,1,0.379034562,3500.0,11,0,0,0,0.0,1,3500.0
0.041943617,58,0,0.041702371,3500.0,21,0,0,0,0.0,0,3500.0
0.039646605,62,0,0.022329612,6000.0,20,0,0,0,0.0,0,6000.0
0.986168972,30,0,0.097508459,3250.0,6,0,0,0,0.0,0,3250.0
0.127077055,37,1,0.27496072,7000.0,6,0,0,0,3.0,1,1750.0
0.485889952,40,0,0.484263606,5750.0,9,0,1,0,5.0,0,958.3333333333334
0.419135373,33,0,0.294688548,5666.0,10,0,1,0,0.0,0,5666.0
0.568743126,71,0,0.453466583,1600.0,5,0,0,0,0.0,0,1600.0
0.142176648,49,0,0.019633508,9167.0,5,0,0,0,1.0,0,4583.5
0.438000442,47,4,0.629432151,3750.0,14,0,1,0,0.0,4,3750.0
0.024304327,67,0,0.007529379,14210.0,11,0,0,0,0.0,0,14210.0
0.517190929,52,0,0.583133356,5833.0,5,0,2,0,0.0,0,5833.0
0.418990912,62,0,1.612.903.226,2200.0,18,1,0,0,0.0,1,2200.0
107.153.922,49,2,0.396419437,3518.0,8,3,0,0,0.0,5,3518.0
0.821894146,36,0,0.604191194,4246.0,6,0,0,1,1.0,1,2123.0
0.088589586,48,1,0.195096505,7667.0,10,0,1,0,0.0,1,7667.0
0.960691923,42,0,1.241.580.483,3770.0,29,1,2,1,3.0,2,942.5
0.152820639,38,0,0.093181364,5000.0,6,0,0,0,0.0,0,5000.0
0.190364948,50,0,0.292588426,8000.0,14,0,2,0,1.0,0,4000.0
0.001790091,52,0,0.67659031,12528.0,15,0,5,0,1.0,0,6264.0
0.965517241,25,3,0.116259238,3517.0,3,0,0,0,0.0,3,3517.0
0.031304554,76,0,0.025899281,2084.0,5,0,0,0,0.0,0,2084.0
0.591172543,63,0,0.352201258,6200.0,13,0,2,0,1.0,0,3100.0
0.083230114,35,0,0.727207808,4200.0,8,0,1,0,1.0,0,2100.0
0.103095615,59,0,0.229673188,8842.0,16,0,1,0,0.0,0,8842.0
0.00359928,33,1,0.356499356,3884.0,4,0,1,0,2.0,1,1294.6666666666667
0.99692355,26,1,0.187521544,2900.0,2,0,0,0,0.0,1,2900.0
0.04111355,57,0,0.046993287,7000.0,3,0,0,0,0.0,0,7000.0
0.012872877,49,0,0.000734682,20416.0,4,0,0,0,0.0,0,20416.0
0.459244533,50,4,0.554963035,8250.0,16,1,1,0,3.0,5,2062.5
0.378878159,40,2,0.025380711,6500.0,3,0,0,0,3.0,2,1625.0
0.053147343,62,0,0.004132782,7500.0,6,0,0,0,0.0,0,7500.0
0.248904317,62,0,0.42018586,8500.0,19,0,2,0,0.0,0,8500.0
0.11305702,51,0,0.180344261,14000.0,12,0,2,0,3.0,0,3500.0
0.062656237,52,0,2.014.925.373,200.0,4,0,0,0,0.0,0,200.0
0.815197831,61,0,0.267933017,4000.0,4,0,0,0,0.0,0,4000.0
0.459927531,80,0,0.296539092,10372.0,12,0,2,0,0.0,0,10372.0
0.157714038,33,0,0.474506401,4608.0,18,0,1,0,0.0,0,4608.0
0.9999999,48,0,0.01187757,2188.0,0,0,0,0,0.0,0,2188.0
0.021387242,43,1,0.230089662,7583.0,11,0,1,0,4.0,1,1516.6
0.005112092,45,0,0.319116444,18334.0,13,1,1,1,2.0,2,6111.333333333333
0.62694922,52,0,0.218866781,9900.0,6,0,2,0,2.0,0,3300.0
0.340355321,67,0,0.292682927,2500.0,4,0,0,0,0.0,0,2500.0
0.474611514,47,0,0.377927494,3116.0,7,0,0,0,0.0,0,3116.0
0.001692359,36,0,0.657159659,3400.0,13,0,1,0,0.0,0,3400.0
0.012426581,33,0,0.3510794,5465.0,8,0,1,0,1.0,0,2732.5
0.744962752,40,0,0.322178218,5049.0,5,0,1,0,3.0,0,1262.25
0.043894964,77,0,0.116574521,8500.0,8,0,1,0,0.0,0,8500.0
0,37,0,0.219458346,6793.0,4,0,1,0,2.0,0,2264.3333333333335
0.030445885,43,0,1421,0.0,3,0,1,0,0.0,0,0.0
0,39,0,0.605687533,5766.0,10,0,2,0,0.0,0,5766.0
0.560253011,38,0,0.351529694,5000.0,6,0,1,0,3.0,0,1250.0
0.014590203,61,0,0.133606323,10500.0,12,0,1,0,0.0,0,10500.0
0.073410549,69,0,0.003249594,8000.0,9,0,0,0,1.0,0,4000.0
0.196525864,48,0,0.207845918,8462.0,2,0,1,0,1.0,0,4231.0
0.650060954,44,0,0.624254153,6200.0,10,1,1,0,2.0,1,2066.6666666666665
0.672107729,45,0,0.098227304,13030.0,9,0,0,0,3.0,0,3257.5
0.17218444,42,0,0.539043751,5416.0,12,0,1,0,1.0,0,2708.0
0.03675621,45,0,0.0238737,7790.0,18,0,0,0,2.0,0,2596.6666666666665
0.159526649,59,0,0.226850804,4416.0,8,0,1,0,1.0,0,2208.0
0.075129641,38,0,0.617751115,6500.0,14,0,2,0,1.0,0,3250.0
0.002363565,47,0,0.189901577,14833.0,8,0,2,0,2.0,0,4944.333333333333
0.405659434,47,0,0.350004418,11316.0,5,0,2,0,1.0,0,5658.0
0.954298772,71,0,0.024485798,4083.0,1,0,0,0,0.0,0,4083.0
0.167113315,44,0,0.299253882,4958.0,7,0,1,0,1.0,0,2479.0
0.006602119,72,0,0.375702134,6230.0,15,0,3,0,0.0,0,6230.0
0.073750748,61,0,0.029794041,5000.0,8,0,0,0,0.0,0,5000.0
0.599775014,44,0,0.029164376,72759.0,5,0,2,0,2.0,0,24253.0
0.031843922,73,0,0.013118565,6021.0,6,0,1,0,1.0,0,3010.5
0.01142153,70,0,0.372177211,5800.0,6,0,1,0,0.0,0,5800.0
0.057953873,52,0,0.312985134,7600.0,5,0,2,0,3.0,0,1900.0
0.613077385,26,0,0.113904877,3300.0,4,0,0,0,1.0,0,1650.0
0.035921205,84,0,0.016925247,1417.0,4,0,0,0,0.0,0,1417.0
0.068947479,59,0,0.226009613,18100.0,10,0,1,0,2.0,0,6033.333333333333
0.154622556,62,0,0.329995075,6090.0,6,0,3,0,0.0,0,6090.0
0.004187595,41,0,0.504373907,4000.0,17,0,2,0,0.0,0,4000.0
0.040424104,79,0,0.44826028,4425.0,11,0,2,0,0.0,0,4425.0
0.237655118,63,1,0.225989533,13566.0,4,0,1,0,1.0,1,6783.0
0.426371142,62,1,0.406053995,3666.0,15,0,1,0,0.0,1,3666.0
0.633730835,52,5,0.345639132,6500.0,17,0,1,0,2.0,5,2166.6666666666665
0.219995056,53,0,0.213822894,8333.0,6,0,1,0,2.0,0,2777.6666666666665
0.147318544,49,1,0.484667627,4858.0,8,0,1,0,0.0,1,4858.0
0.197705736,54,2,0.736532811,4083.0,11,0,1,0,0.0,2,4083.0
0.011772162,63,0,0.164052365,8478.0,13,0,1,0,1.0,0,4239.0
0.362642729,49,0,0.311512415,5315.0,13,0,1,0,0.0,0,5315.0
0.081173287,44,0,0.410585287,6782.0,8,0,2,0,0.0,0,6782.0
0.104888662,59,1,0.292647365,4800.0,9,0,1,0,2.0,1,1600.0
1.016.596.681,42,2,0.979596001,4900.0,4,0,2,0,0.0,2,4900.0
177.161.013,47,0,0.56853559,6616.0,13,0,1,0,1.0,0,3308.0
0.007694881,69,0,0.003771213,1590.0,5,0,0,0,0.0,0,1590.0
0.0069995,38,0,0.30215034,5440.0,4,0,1,0,3.0,0,1360.0
0.580521798,78,0,0.341807306,4680.0,8,0,1,0,0.0,0,4680.0
0.9999999,46,0,0.105961436,5652.0,3,0,0,0,0.0,0,5652.0
0.067965104,78,0,0.172905526,560.0,10,0,0,0,0.0,0,560.0
0.438687392,49,0,0.060339677,11716.0,7,0,0,0,1.0,0,5858.0
0.17044169,38,0,0.185469088,6000.0,23,0,0,0,1.0,0,3000.0
0.557848072,57,2,0.314969121,10200.0,10,0,1,0,1.0,2,5100.0
0.026143287,46,3,0.470395251,6400.0,8,0,2,0,3.0,3,1600.0
0.224669964,67,0,0.425825418,4421.0,10,0,1,0,0.0,0,4421.0
0.073397064,64,0,0.328334226,5600.0,4,0,1,0,0.0,0,5600.0
0.849236913,44,2,0.43188446,7200.0,11,3,2,4,0.0,9,7200.0
0.033246753,73,0,0.007256894,6200.0,6,0,0,0,1.0,0,3100.0
0.9999999,62,0,0.261796854,3750.0,2,0,0,0,0.0,0,3750.0
0.580119771,56,0,0.535718647,8188.0,23,0,2,0,1.0,0,4094.0
0.605226318,48,1,0.719904648,7550.0,11,0,2,0,2.0,1,2516.6666666666665
0.057464775,53,0,1592,0.0,15,0,1,0,0.0,0,0.0
0.256313203,44,0,0.730244184,5200.0,14,0,3,0,1.0,0,2600.0
0.032970946,60,0,0.210107978,6667.0,20,0,1,0,2.0,0,2222.3333333333335
0.012613612,59,0,0.635258359,6250.0,16,0,4,0,0.0,0,6250.0
0.298283619,30,0,0.728965004,2685.0,6,0,1,0,2.0,0,895.0
0.462280743,58,0,0.234698371,9083.0,6,0,1,0,2.0,0,3027.6666666666665
0.705429457,36,0,0.057995167,12000.0,4,0,0,1,1.0,1,6000.0
0.036720182,50,0,0.002374703,8000.0,1,0,0,0,2.0,0,2666.6666666666665
0.119162216,48,0,0.567958656,3869.0,8,0,2,0,0.0,0,3869.0
0.738922972,36,2,0.400568182,2111.0,6,2,0,1,2.0,5,703.6666666666666
0.65391976,56,0,0.432160194,8239.0,11,0,2,0,0.0,0,8239.0
0.142731105,41,0,0.090541633,6184.0,6,0,0,0,2.0,0,2061.3333333333335
0.170731707,64,0,0.164967563,4315.0,4,0,1,0,3.0,0,1078.75
0.089290836,64,0,0.277920594,3500.0,14,0,1,0,0.0,0,3500.0
0.054809693,54,0,0.577531358,5500.0,22,0,2,0,0.0,0,5500.0
0.23867097,60,0,0.147054299,6500.0,8,0,2,0,0.0,0,6500.0
0.392116596,42,0,0.357014925,5024.0,18,0,0,0,0.0,0,5024.0
0.628389377,38,0,0.597891292,5500.0,9,0,3,0,0.0,0,5500.0
0.032801231,71,0,0.93132154,4804.0,14,0,2,0,1.0,0,2402.0
0.810437327,54,0,0.127200086,9260.0,5,0,1,0,2.0,0,3086.6666666666665
0.613448406,47,0,1.057.133.635,3097.0,11,0,2,0,3.0,0,774.25
0.053754361,42,0,0.136715821,4000.0,5,0,0,0,0.0,0,4000.0
0.007285584,49,0,0.104205128,9749.0,13,0,2,0,0.0,0,9749.0
0.180234219,30,0,0.433146924,3933.0,6,0,1,0,1.0,0,1966.5
0.146722613,63,0,0.120013523,8873.0,8,0,0,0,0.0,0,8873.0
0.074033375,51,0,0.175490322,7800.0,9,0,1,0,3.0,0,1950.0
0.000973896,79,0,0.047762999,8269.0,7,0,1,0,0.0,0,8269.0
0.65049998,54,0,0.281826163,3416.0,8,0,0,0,0.0,0,3416.0
0.019974103,42,0,0.080389281,7500.0,10,0,0,0,1.0,0,3750.0
1.820.359.281,40,1,0.297528996,1982.0,5,8,0,1,1.0,10,991.0
0.019478599,41,1,0.407998462,5200.0,7,0,1,0,1.0,1,2600.0
0.668625559,46,0,0.264083881,5626.0,6,0,1,0,1.0,0,2813.0
0.044439745,56,0,0.016995751,4000.0,5,0,0,0,1.0,0,2000.0
0.014084309,68,0,0.556866049,10682.0,11,0,3,0,1.0,0,5341.0
0.000860738,51,0,0.017043203,5045.0,4,0,0,0,0.0,0,5045.0
0.079193843,60,0,0.133582189,7500.0,10,0,0,0,10.0,0,681.8181818181819
0.933846215,60,1,2.385.784.048,1842.0,24,0,2,0,0.0,1,1842.0
0.000590619,62,0,0.298042842,6488.0,9,0,2,0,1.0,0,3244.0
0.420257328,41,0,0.431928012,6000.0,8,0,2,0,2.0,0,2000.0
0.237288136,49,0,0.305275186,5250.0,5,0,2,0,1.0,0,2625.0
0.703816909,31,0,0.553445337,8213.0,12,0,2,0,1.0,0,4106.5
0.149080299,58,1,0.600643422,11500.0,22,0,5,0,1.0,1,5750.0
0.017588236,67,0,0.305840392,4485.0,10,0,1,0,1.0,0,2242.5
0.684157921,23,0,0.425091352,820.0,3,0,0,0,0.0,0,820.0
0.21290522,61,0,0.409099431,16000.0,14,0,4,0,2.0,0,5333.333333333333
0,38,0,0.507400294,8850.0,13,0,2,0,1.0,0,4425.0
0.098875458,45,0,0.243965148,7000.0,5,0,1,0,2.0,0,2333.3333333333335
0.247877247,54,0,0.27046827,10100.0,6,0,2,0,0.0,0,10100.0
0.068874102,52,0,0.325779037,6000.0,12,0,1,0,1.0,0,3000.0
0.156339456,53,0,0.213527009,11014.0,10,0,1,0,2.0,0,3671.3333333333335
0.468569267,53,0,0.315447425,6000.0,6,0,1,0,0.0,0,6000.0
0.9999999,21,98,0,1300.0,0,98,0,98,0.0,294,1300.0
0.9999999,45,0,0.432211696,3060.0,1,0,1,0,0.0,0,3060.0
0,61,0,0.215127491,4666.0,20,0,1,0,0.0,0,4666.0
0.554912798,34,0,0.243127247,8620.0,8,0,1,0,3.0,0,2155.0
0.329087306,47,0,0.74825035,5000.0,17,0,2,0,0.0,0,5000.0
0.110140284,46,1,1.179.052.586,2300.0,14,0,2,0,2.0,1,766.6666666666666
0.9999999,22,0,0.119960013,3000.0,1,1,0,0,0.0,1,3000.0
0.601297037,47,0,0.312319538,6233.0,8,0,1,0,2.0,0,2077.6666666666665
0,45,0,0,2835.0,3,0,0,0,0.0,0,2835.0
0.015851549,61,0,0.27712048,6000.0,11,0,1,0,1.0,0,3000.0
0.405348266,49,0,0.372508732,4866.0,4,0,1,0,1.0,0,2433.0
0.317715568,70,0,0.328489535,7500.0,17,0,2,0,1.0,0,3750.0
0.047552722,61,0,0.263091641,3971.0,7,0,2,0,2.0,0,1323.6666666666667
0.828776908,54,0,0.845716783,4575.0,12,0,3,0,0.0,0,4575.0
0.031053854,61,0,0.192205794,11700.0,10,0,2,0,1.0,0,5850.0
0.378417867,60,0,0.542280838,3866.0,9,0,2,0,0.0,0,3866.0
0.343241523,32,0,0.426524492,3000.0,6,0,1,0,0.0,0,3000.0
0.054426516,63,0,0.017507623,10166.0,9,0,0,0,0.0,0,10166.0
0.501214074,62,1,0.330667333,4000.0,17,0,0,1,0.0,2,4000.0
0,41,0,0.265173483,10000.0,14,0,1,0,1.0,0,5000.0
0.459708058,63,0,0.019423022,3500.0,1,0,0,0,0.0,0,3500.0
0.448667689,33,0,0.180746058,7800.0,9,0,1,0,1.0,0,3900.0
0.207575908,29,0,0.159392425,5200.0,5,0,0,0,0.0,0,5200.0
0.014491218,60,0,0.010639645,7894.0,8,0,0,0,0.0,0,7894.0
0.036351249,28,0,0.017571885,5633.0,7,0,0,0,0.0,0,5633.0
0.020440842,72,0,0.103326935,3125.0,9,0,0,0,0.0,0,3125.0
0.218949179,43,0,0.219742292,17383.0,7,0,2,0,3.0,0,4345.75
0.036797968,43,0,0.096352292,8333.0,9,0,0,0,3.0,0,2083.25
0.271240165,55,0,0.580578512,6775.0,8,0,3,0,2.0,0,2258.3333333333335
0.841543897,33,0,0.43502599,2500.0,8,0,0,0,0.0,0,2500.0
0.51108118,51,0,0.275065963,6063.0,5,0,1,0,0.0,0,6063.0
0.060572952,50,0,0.033859303,6083.0,13,0,0,0,0.0,0,6083.0
0.052144389,63,0,0.180649462,10500.0,9,0,1,0,0.0,0,10500.0
0.099342868,63,0,0.328220859,5541.0,12,0,2,0,0.0,0,5541.0
0.417946048,64,0,0.673083908,2752.0,11,0,0,0,0.0,0,2752.0
0.933992024,61,0,0.782475234,7166.0,10,0,2,0,0.0,0,7166.0
0.451502853,52,1,1.255.179.935,1833.0,7,0,1,1,3.0,2,458.25
0.029003074,47,0,0.38320802,3989.0,12,0,1,0,2.0,0,1329.6666666666667
0.1029212,55,0,0.428742834,7500.0,16,0,1,0,1.0,0,3750.0
0.281647367,58,0,0.164166792,13333.0,7,0,2,0,2.0,0,4444.333333333333
0.9999999,63,0,3045,0.0,2,0,1,0,0.0,0,0.0
0,44,0,0.186752366,5600.0,5,0,1,0,0.0,0,5600.0
0.0163465,34,0,0.890713834,4748.0,13,0,2,0,0.0,0,4748.0
0.843510098,76,0,1.718.056.389,1666.0,9,0,1,0,0.0,0,1666.0
0.718693752,54,1,0.626305265,4500.0,11,0,1,1,0.0,2,4500.0
1.336.621.455,47,1,0.012329224,3000.0,2,0,0,0,2.0,1,1000.0
0.340537053,35,0,0.15737944,9600.0,5,0,1,0,2.0,0,3200.0
0.029354427,56,0,0.358704037,11666.0,8,0,1,0,3.0,0,2916.5
0.103067519,86,0,0.275532377,2300.0,10,0,0,0,0.0,0,2300.0
0,43,0,2.170.207.448,4000.0,9,0,3,0,1.0,0,2000.0
0.817716661,41,0,0.351308232,3133.0,3,0,1,0,1.0,0,1566.5
0.155734973,45,0,0.21614252,5500.0,3,0,1,0,1.0,0,2750.0
1.383.233.533,33,1,0.194368756,1100.0,6,0,0,2,2.0,3,366.6666666666667
0.016342293,57,0,0.005109282,3522.0,3,0,0,0,1.0,0,1761.0
0.35618407,55,0,0.531713244,4114.0,11,0,1,0,0.0,0,4114.0
0.006400687,41,1,0.943514121,4000.0,19,0,4,0,4.0,1,800.0
0.946843854,23,1,1.700.348.432,286.0,3,2,0,0,0.0,3,286.0
0.314742806,37,0,0.402996255,8009.0,7,0,1,0,2.0,0,2669.6666666666665
0.993810997,62,0,0.493950552,1900.0,4,0,1,0,0.0,0,1900.0
0.038169837,37,0,0.380065256,9500.0,7,0,1,0,1.0,0,4750.0
0.042860155,81,0,0.192209451,6263.0,4,0,1,0,1.0,0,3131.5
0.021499428,78,0,0.052486878,4000.0,17,0,0,0,0.0,0,4000.0
0.470794288,52,0,0.468191789,6381.0,9,0,2,0,4.0,0,1276.2
0.45812258,61,0,0.197427783,14850.0,13,0,1,0,4.0,0,2970.0
0.017331023,31,0,0.094635122,3000.0,4,0,0,0,0.0,0,3000.0
0.07557788,50,0,0.49309362,4560.0,9,0,4,0,1.0,0,2280.0
0.056603774,24,0,0.176176593,2400.0,7,0,0,0,0.0,0,2400.0
0.048480638,49,0,0.175874888,7800.0,14,0,2,0,2.0,0,2600.0
0.706592488,34,0,0.168563817,8257.0,6,0,0,0,0.0,0,8257.0
0.00763178,56,0,0.094506018,8390.0,7,0,1,0,0.0,0,8390.0
0.036272486,52,0,0.004883153,8600.0,10,0,0,0,0.0,0,8600.0
0.511248875,38,1,0.476190476,4304.0,10,0,1,0,2.0,1,1434.6666666666667
0.749492803,59,0,0.385131556,5662.0,5,0,1,0,1.0,0,2831.0
0.055594441,62,0,0.323684586,14025.0,5,0,2,0,1.0,0,7012.5
0.041465733,82,0,0.236075297,23267.0,13,0,4,0,0.0,0,23267.0
0.074187303,54,0,0.073275343,41500.0,13,0,0,0,1.0,0,20750.0
0.009395271,77,0,0.033311126,1500.0,12,0,0,0,0.0,0,1500.0
0.006607714,65,1,0.234437125,33701.0,11,0,3,0,1.0,1,16850.5
0.009784962,48,0,0.331305725,12000.0,11,0,4,0,2.0,0,4000.0
0.981819835,59,0,0.246820809,3459.0,9,0,0,0,0.0,0,3459.0
0.666910369,63,0,0.293969321,14276.0,16,0,2,0,0.0,0,14276.0
0.033999015,73,0,0.176100629,2702.0,10,0,0,0,0.0,0,2702.0
0.561897837,48,1,0.446415898,4226.0,4,0,1,0,0.0,1,4226.0
0.087568927,66,0,406,0.0,9,0,1,0,0.0,0,0.0
0.027899038,58,0,0.185220455,10500.0,15,0,2,0,0.0,0,10500.0
0.00053889,29,0,0.415708183,3042.0,7,0,1,0,0.0,0,3042.0
0.02233083,65,0,0.272430669,5516.0,8,0,1,0,0.0,0,5516.0
0.962006908,33,0,0.277574142,3000.0,6,0,0,1,0.0,1,3000.0
0.9999999,45,0,0.065973611,2500.0,2,0,0,0,3.0,0,625.0
0.001087358,26,0,0.000249938,4000.0,9,0,0,0,0.0,0,4000.0
1.028.985.507,30,0,0.067376657,4600.0,6,0,0,0,2.0,0,1533.3333333333333
0.772768233,49,0,0.343838296,4600.0,10,0,0,0,1.0,0,2300.0
0.085617417,40,0,0.125452838,7452.0,7,0,0,0,3.0,0,1863.0
0.80680552,52,0,1966,0.0,7,0,1,0,0.0,0,0.0
0.1629938,61,0,0.173913043,6600.0,10,0,1,0,0.0,0,6600.0
0.459655722,46,0,1.103.758.931,3218.0,7,0,2,0,0.0,0,3218.0
0.133006734,64,0,0.651457541,1577.0,12,0,1,0,0.0,0,1577.0
0.701264364,38,0,0.663850859,3432.0,8,0,3,0,1.0,0,1716.0
0.036724082,73,0,0.146598905,10231.0,8,0,1,0,0.0,0,10231.0
0.550689862,44,0,0.132908119,5800.0,3,0,0,0,3.0,0,1450.0
0.320356573,80,0,0.822565396,3172.0,9,0,1,0,0.0,0,3172.0
0,43,0,0.646037736,5299.0,9,0,2,0,2.0,0,1766.3333333333333
0.282619162,34,0,0.536797645,7812.0,7,0,1,0,3.0,0,1953.0
0.18901622,49,0,0.268674274,8500.0,6,0,2,0,2.0,0,2833.3333333333335
0.900919947,38,0,0.345231846,5714.0,8,0,0,0,3.0,0,1428.5
0.012526208,57,0,0.102867651,17400.0,9,0,1,0,0.0,0,17400.0
0.912267127,49,0,0.559007767,3990.0,9,0,1,0,1.0,0,1995.0
0.180583986,56,0,0.29379562,2739.0,8,0,1,0,0.0,0,2739.0
0.023919072,74,0,0.143101971,3500.0,12,0,0,0,0.0,0,3500.0
0.14920039,34,0,0.582601243,4666.0,10,0,3,0,1.0,0,2333.0
0.002906574,51,0,0.660655738,3049.0,9,0,1,0,2.0,0,1016.3333333333334
0.63048136,82,2,0.696868754,1500.0,6,0,1,0,0.0,2,1500.0
0.182108201,49,1,0.451818885,5167.0,28,0,1,0,2.0,1,1722.3333333333333
0.358853411,55,0,0.585345072,3520.0,5,1,1,0,1.0,1,1760.0
0.042038465,64,0,0.534552299,3718.0,13,0,2,0,1.0,0,1859.0
0.167445814,31,0,0.35637149,12500.0,15,0,2,0,0.0,0,12500.0
0.355321599,74,0,0.736051013,4390.0,17,0,3,0,0.0,0,4390.0
0,59,0,0,4587.0,3,0,0,0,0.0,0,4587.0
0.9999999,26,0,0.129429317,2680.0,1,0,0,0,0.0,0,2680.0
0.124875014,26,1,1.293.877.551,734.0,4,0,0,0,0.0,1,734.0
0.650304,47,0,0.46852993,4543.0,8,0,2,0,0.0,0,4543.0
0.497080234,40,0,0.510354677,4200.0,8,0,2,0,3.0,0,1050.0
0.152279545,70,0,0.169986196,5070.0,13,0,0,0,0.0,0,5070.0
0.355681364,47,0,0.380592232,7800.0,7,0,2,0,0.0,0,7800.0
0.9999999,22,0,0,820.0,1,0,0,0,0.0,0,820.0
0.064664511,78,0,0.014496376,4000.0,1,0,0,0,0.0,0,4000.0
0.380490476,68,0,0.717391304,2667.0,13,0,2,0,0.0,0,2667.0
0.017471737,56,0,0.001714122,10500.0,8,0,0,0,0.0,0,10500.0
0.067076063,57,0,0.377663984,20504.0,11,0,5,0,1.0,0,10252.0
0.459454755,58,0,0.31779192,7227.0,9,0,1,0,0.0,0,7227.0
0.94722645,63,0,0.887716654,3980.0,11,0,0,0,1.0,0,1990.0
0.09056199,67,0,0.309398291,5500.0,6,0,1,0,0.0,0,5500.0
0.08498742,68,0,118,0.0,4,0,0,0,1.0,0,0.0
0.702686488,47,0,0.277550294,11233.0,5,0,1,0,5.0,0,1872.1666666666667
0.421578422,35,2,0.119968009,3750.0,8,4,0,0,0.0,6,3750.0
0.57079093,25,1,0.09781703,6000.0,6,0,0,0,1.0,1,3000.0
0.020979021,23,0,0,929.0,3,0,0,0,0.0,0,929.0
0.012847022,37,0,0.48175912,2000.0,12,0,2,0,0.0,0,2000.0
0.054343359,51,0,0.548944338,2083.0,12,0,1,0,2.0,0,694.3333333333334
0.071505824,66,0,0.204191778,11116.0,11,0,2,0,1.0,0,5558.0
0.846007,43,0,0.516985416,11450.0,6,0,3,0,7.0,0,1431.25
0,58,0,0.387522496,5000.0,10,0,1,0,0.0,0,5000.0
0.443358545,66,0,0.518615972,7600.0,9,0,3,0,1.0,0,3800.0
0.244609675,62,0,0.779376499,1250.0,14,0,1,0,0.0,0,1250.0
0.055459272,80,0,0.004248938,4000.0,1,0,0,0,0.0,0,4000.0
0.69186808,48,3,0.125587441,10000.0,7,0,0,0,2.0,3,3333.3333333333335
0.132012955,62,0,0.132678133,3255.0,16,0,0,1,0.0,1,3255.0
0.9999999,68,1,0.916541729,2000.0,4,1,1,2,1.0,4,1000.0
0.020663369,81,0,0.044025157,635.0,4,0,0,0,0.0,0,635.0
0.11769195,55,0,0.130186981,10000.0,12,0,1,0,0.0,0,10000.0
0.481000717,49,0,0.409397651,4000.0,6,0,1,0,0.0,0,4000.0
0.120418348,44,0,0.387820027,6600.0,15,0,3,0,2.0,0,2200.0
0.054887669,66,0,0.569107723,4000.0,6,0,1,0,0.0,0,4000.0
0.033237299,62,0,0.118470382,4000.0,5,0,0,0,0.0,0,4000.0
0.518672707,51,2,0.478354281,9308.0,9,0,3,0,3.0,2,2327.0
0.378327328,61,0,0.736870168,3750.0,8,0,1,0,1.0,0,1875.0
1.052.991.168,35,1,0.334190231,3500.0,6,0,0,0,0.0,1,3500.0
0.122203704,60,0,0.21922626,14500.0,10,0,1,0,2.0,0,4833.333333333333
0.9999999,32,0,0,2000.0,1,5,0,0,1.0,5,1000.0
0.357607055,55,0,0.158208955,4689.0,4,0,0,0,2.0,0,1563.0
0.9999999,74,0,0.277925425,12416.0,9,0,1,0,1.0,0,6208.0
0.136363275,55,0,0.370481476,6666.0,18,0,2,0,0.0,0,6666.0
0.09725163,38,1,0.04217233,3295.0,10,0,0,1,1.0,2,1647.5
0,38,0,1.495.851.042,4940.0,13,0,2,0,0.0,0,4940.0
0.745440693,54,0,1309,1.0,11,0,2,0,2.0,0,0.3333333333333333
0.004874695,76,0,0.000559441,3574.0,6,0,0,0,0.0,0,3574.0
0.032362165,68,0,1.271.891.244,2500.0,7,0,2,0,0.0,0,2500.0
0.9999999,65,0,0,0.0,4,0,0,0,0.0,0,0.0
0.162447029,55,0,0.27012848,9339.0,10,0,2,0,2.0,0,3113.0
0.039944625,73,0,0.138132595,6500.0,20,0,1,0,1.0,0,3250.0
0.196641456,28,0,0.133244504,1500.0,4,0,0,0,0.0,0,1500.0
0.889171528,31,0,0.219960007,5500.0,17,0,0,0,0.0,0,5500.0
0.250909964,34,0,0.112177564,5000.0,4,0,0,0,0.0,0,5000.0
0.791885839,71,2,0.69356301,5514.0,14,1,1,1,0.0,4,5514.0
0.054779597,45,0,0.173026158,16667.0,7,0,1,0,4.0,0,3333.4
0.023621196,57,0,0.008746356,4458.0,9,0,0,0,1.0,0,2229.0
0.949338529,47,2,0.472171699,2748.0,9,0,1,0,2.0,2,916.0
0.010423034,61,0,0.199126001,6864.0,6,0,1,0,3.0,0,1716.0
0.225225846,70,0,0.18750764,8180.0,5,0,1,0,0.0,0,8180.0
0.9999999,42,1,0.110851506,3851.0,1,1,0,0,2.0,2,1283.6666666666667
0.901713212,39,0,0.650874896,8400.0,19,0,1,0,1.0,0,4200.0
0.65443924,60,0,0.391330433,6666.0,10,0,1,0,1.0,0,3333.0
0.122643868,36,0,0.581662657,3740.0,7,0,2,0,1.0,0,1870.0
0.061997362,32,0,0.288971458,5920.0,12,0,1,0,0.0,0,5920.0
0.9999999,32,0,0.012254112,3100.0,1,0,0,0,0.0,0,3100.0
0,39,0,0.174942052,8196.0,19,0,1,0,2.0,0,2732.0
0.123624433,48,0,0.611085766,4383.0,9,0,1,0,2.0,0,1461.0
0.256112509,30,0,0.253876417,4320.0,5,0,2,0,2.0,0,1440.0
0.31238817,72,1,0.723922548,1600.0,13,0,2,0,0.0,1,1600.0
0.9999999,23,0,0.287553648,1630.0,2,0,0,0,0.0,0,1630.0
0.273955372,53,0,1.108.803.165,1010.0,19,0,1,0,1.0,0,505.0
0.050294317,55,0,0.205518554,4203.0,9,0,0,0,0.0,0,4203.0
0.066720765,87,0,0.299863698,2200.0,18,0,1,0,0.0,0,2200.0
0.047446559,41,0,0.160013418,2980.0,4,0,0,0,2.0,0,993.3333333333334
0.100750514,41,0,0.086485586,6000.0,11,0,0,0,0.0,0,6000.0
0.997154375,39,0,1.652.898.068,1500.0,9,1,1,0,3.0,1,375.0
0.087139665,50,0,0.097097814,2790.0,11,0,0,0,3.0,0,697.5
0.13977573,38,1,0.265213665,8166.0,4,0,1,0,0.0,1,8166.0
0.928365182,71,3,0.391716663,5166.0,15,0,0,0,0.0,3,5166.0
0.9999999,63,5,0.194618671,11000.0,7,0,2,0,0.0,5,11000.0
0.113344333,66,1,0.081545064,58249.0,8,0,2,0,2.0,1,19416.333333333332
0.055850548,53,0,0.008845916,4860.0,2,0,0,0,1.0,0,2430.0
0.137091974,65,0,0.318680051,8666.0,8,0,1,0,1.0,0,4333.0
0.029589439,64,0,0.014048531,3914.0,4,0,0,0,0.0,0,3914.0
0.021430056,67,0,0.007029451,8250.0,12,0,0,0,0.0,0,8250.0
0.004999833,67,0,0.134522263,25400.0,8,0,1,0,0.0,0,25400.0
0.9999999,35,2,0.298650568,2815.0,2,1,1,1,3.0,4,703.75
0,55,0,0.585793137,4166.0,7,0,1,0,0.0,0,4166.0
0.904136983,32,0,0.142269455,5833.0,5,0,0,0,0.0,0,5833.0
0.235693244,56,0,3880,0.0,12,0,1,0,0.0,0,0.0
0.087381213,39,0,0.264973503,10000.0,10,0,2,0,2.0,0,3333.3333333333335
0.031928832,36,0,0.383812324,16666.0,11,0,2,0,2.0,0,5555.333333333333
0.213416376,54,0,0.233485799,9400.0,4,0,1,0,0.0,0,9400.0
0.288071193,44,0,0.452512497,3800.0,4,0,1,0,0.0,0,3800.0
0.039187071,76,0,0.200233819,9408.0,3,0,1,0,0.0,0,9408.0
0.023655791,44,1,0.009471192,3800.0,4,0,0,0,1.0,1,1900.0
0.047543617,60,0,0.221194159,6916.0,18,0,1,0,1.0,0,3458.0
0.767046591,42,0,0.259496202,2500.0,3,0,0,0,2.0,0,833.3333333333334
0,52,0,0.133304243,9166.0,11,0,2,0,0.0,0,9166.0
0.009526947,51,0,0.004389709,8200.0,16,0,0,0,3.0,0,2050.0
0.757026858,22,0,0.071856287,500.0,2,0,0,0,0.0,0,500.0
0.009829445,58,0,0.732394366,2200.0,7,0,1,0,0.0,0,2200.0
0.104115835,50,0,0.345522068,7000.0,6,0,2,0,1.0,0,3500.0
0.118180114,42,0,0.419930012,6000.0,5,0,2,0,4.0,0,1200.0
1.161.118.509,52,4,0.581637072,2308.0,7,2,1,1,3.0,7,577.0
0.209643683,48,3,0.41320462,5800.0,14,0,1,1,1.0,4,2900.0
0.638896316,36,2,0.22426526,6634.0,6,0,1,0,1.0,2,3317.0
0.182162015,43,0,0.493110389,6458.0,17,0,1,0,2.0,0,2152.6666666666665
0,62,0,0.197438301,3200.0,7,0,0,0,0.0,0,3200.0
0.29822289,44,0,0.209058188,3333.0,7,0,0,0,1.0,0,1666.5
0.079421086,51,0,0.573074154,12500.0,16,0,4,0,1.0,0,6250.0
0.001023337,63,0,0.000166639,6000.0,5,0,0,0,0.0,0,6000.0
0.010024406,49,0,0.330392589,6800.0,12,0,1,0,0.0,0,6800.0
0.001442169,28,1,0.153402537,2600.0,10,0,0,1,0.0,2,2600.0
0.213946513,63,1,0.368643641,9930.0,14,0,4,0,0.0,1,9930.0
0.123492137,50,0,0.555341011,14500.0,15,0,4,0,2.0,0,4833.333333333333
0.345087956,52,0,0.535641548,5400.0,12,0,2,0,0.0,0,5400.0
0.9999999,48,0,0.164522059,2175.0,1,0,0,0,0.0,0,2175.0
1.030.862.856,41,0,0.266592613,3600.0,4,2,0,2,0.0,4,3600.0
0.079638407,66,0,0.017876079,6600.0,7,0,0,0,0.0,0,6600.0
0.170080258,50,0,0.220526379,8320.0,17,0,1,0,1.0,0,4160.0
0.000852373,56,0,0,1500.0,4,0,0,0,0.0,0,1500.0
0.293551956,50,0,0.381921479,11792.0,8,0,1,0,0.0,0,11792.0
0.135168498,72,1,0.436480687,2329.0,9,0,1,0,0.0,1,2329.0
0.007646713,48,0,0.323455909,2800.0,4,0,1,0,1.0,0,1400.0
0.013288298,54,0,0.226239067,3429.0,21,0,2,0,0.0,0,3429.0
0.254642261,54,0,0.998345056,2416.0,12,0,1,0,2.0,0,805.3333333333334
0.974805039,33,3,0.012513928,11666.0,3,1,0,0,4.0,4,2333.2
0.912477543,39,0,0.456818508,6958.0,7,0,2,0,0.0,0,6958.0
0.284434992,56,0,0.520144958,4690.0,13,0,3,0,2.0,0,1563.3333333333333
0,52,0,0.346930614,5000.0,7,0,2,0,1.0,0,2500.0
0.029367552,51,0,0.345165483,10000.0,6,0,2,0,0.0,0,10000.0
0.383820998,59,0,0.612692893,4600.0,9,0,1,0,0.0,0,4600.0
0.172924017,66,0,0.589343247,4034.0,14,0,2,0,0.0,0,4034.0
0.35249753,40,0,0.161152107,4200.0,9,0,0,0,1.0,0,2100.0
0.009783071,40,0,0.321173954,8415.0,7,0,1,0,5.0,0,1402.5
0.003054804,56,0,0.161032283,10500.0,25,0,1,0,0.0,0,10500.0
0.242750137,70,1,0.188981349,17424.0,10,0,2,0,3.0,1,4356.0
0.9999999,69,1,0,2258.0,2,0,0,0,1.0,1,1129.0
0.004714117,67,0,0.104445635,5600.0,4,0,0,0,1.0,0,2800.0
0.018796023,58,0,0.108778244,5000.0,4,0,0,0,0.0,0,5000.0
0.88734727,49,2,0.281188752,25000.0,8,0,2,0,3.0,2,6250.0
0.193350793,55,0,0.505003626,6894.0,10,0,2,0,2.0,0,2298.0
0.015465657,52,0,0.231933733,3500.0,19,0,0,0,3.0,0,875.0
0.93348229,47,2,0.753778191,4300.0,11,0,1,0,0.0,2,4300.0
0.57658487,40,0,0.407246206,8500.0,12,0,2,0,3.0,0,2125.0
0.386909974,34,0,0.42337528,5800.0,6,0,1,0,0.0,0,5800.0
0.9999999,33,1,0.740129935,2000.0,6,0,0,0,3.0,1,500.0
0.003785579,46,1,0.335161696,8750.0,17,0,1,0,2.0,1,2916.6666666666665
0.198180063,44,0,0.778423622,4300.0,10,0,2,0,3.0,0,1075.0
1.083.431.257,44,1,0.757846451,4141.0,3,0,1,1,2.0,2,1380.3333333333333
0.995909711,48,0,0.450516495,3000.0,7,0,0,0,1.0,0,1500.0
0.029792206,64,0,0.399967067,6072.0,10,1,2,0,0.0,1,6072.0
0.22630232,65,2,0.232137013,9166.0,18,0,1,0,0.0,2,9166.0
0.010919563,47,0,0.226620485,8083.0,6,0,1,0,2.0,0,2694.3333333333335
0.559142143,45,0,0.245326764,6900.0,8,0,1,0,3.0,0,1725.0
0.027108374,72,0,0.221463089,6000.0,8,0,1,0,0.0,0,6000.0
0.059753954,38,0,0.219079455,11666.0,7,0,0,0,1.0,0,5833.0
0.286247606,58,0,0.41350961,9000.0,12,0,4,0,0.0,0,9000.0
0.20390865,56,0,1.745.254.745,1000.0,15,0,1,0,1.0,0,500.0
1901,48,0,0.371031114,9416.0,3,0,1,0,3.0,0,2354.0
0.040320112,31,0,0.198852917,13250.0,17,0,1,0,0.0,0,13250.0
0.044248274,64,0,0.010384356,7414.0,5,0,0,0,0.0,0,7414.0
0,51,0,0.105197401,4001.0,2,0,0,0,2.0,0,1333.6666666666667
0.855897318,72,0,0.926143181,7500.0,14,0,2,0,0.0,0,7500.0
0.008246722,76,0,0.002039837,8333.0,6,0,0,0,1.0,0,4166.5
0,40,0,0,4200.0,1,0,0,0,0.0,0,4200.0
0.001356852,67,0,0,2000.0,6,0,0,0,0.0,0,2000.0
0.177446234,39,0,0.124487551,10000.0,11,0,2,0,2.0,0,3333.3333333333335
0.011195624,38,0,0.088977756,4000.0,3,0,0,0,0.0,0,4000.0
0.034247393,43,0,0.159026599,5300.0,10,0,1,0,1.0,0,2650.0
0.059021602,60,0,0.543627576,3930.0,19,0,1,0,0.0,0,3930.0
0.367511622,32,0,0.04419558,10000.0,4,0,0,0,0.0,0,10000.0
0.9999999,23,0,0,820.0,1,0,0,0,0.0,0,820.0
0.007424814,78,0,0.161413199,10500.0,8,0,1,0,0.0,0,10500.0
0.751557861,34,1,0.367719833,2626.0,6,0,0,0,0.0,1,2626.0
0.042577485,47,0,0.425886951,6651.0,12,0,3,0,0.0,0,6651.0
0.034349672,61,0,0.151150374,10300.0,5,0,1,0,1.0,0,5150.0
0.14715311,75,0,0.299861687,3614.0,11,0,1,0,0.0,0,3614.0
0.9999999,39,0,0.483481064,1240.0,1,1,0,1,2.0,2,413.3333333333333
0.133796482,49,1,0.581675326,7890.0,10,0,2,0,4.0,1,1578.0
0.639009702,63,0,0.244801285,12454.0,9,0,1,0,0.0,0,12454.0
0.079956642,54,0,0.269081213,9000.0,7,0,2,0,0.0,0,9000.0
0.298522386,31,0,1.154.545.455,1209.0,11,0,1,0,1.0,0,604.5
0.171270082,64,0,0.142167382,1863.0,13,0,0,0,0.0,0,1863.0
0.074012204,60,0,0.229054132,8700.0,6,0,1,0,3.0,0,2175.0
0.10922479,66,0,0.312362838,4100.0,6,0,2,0,0.0,0,4100.0
0.285128027,76,0,0.363490149,4973.0,7,0,1,0,0.0,0,4973.0
0.9999999,27,0,0,2500.0,1,0,0,0,0.0,0,2500.0
0.301214642,62,1,0.550064277,7000.0,17,0,2,0,0.0,1,7000.0
0.196786816,42,0,0.132949364,4166.0,8,0,0,0,4.0,0,833.2
0.848571921,46,0,0.686119507,4300.0,10,0,1,0,1.0,0,2150.0
0.449955004,37,0,0.296752721,11116.0,6,0,2,0,0.0,0,11116.0
0.015911315,54,0,0.233384308,8500.0,13,0,1,0,0.0,0,8500.0
0.943054254,38,1,0.726971298,9650.0,16,0,2,0,3.0,1,2412.5
0,42,0,0,2500.0,2,2,0,0,3.0,2,625.0
0.033747055,67,0,0.361706881,4475.0,7,0,1,0,0.0,0,4475.0
0.448874266,36,0,1.223.182.145,4166.0,9,0,3,0,0.0,0,4166.0
0.215015963,56,0,0.13253012,3900.0,11,0,0,0,0.0,0,3900.0
0,66,0,0,4000.0,1,0,0,0,0.0,0,4000.0
0.043956044,22,0,0.001218027,820.0,2,0,0,0,0.0,0,820.0
0.613145876,38,0,0.279872785,2200.0,2,1,0,0,0.0,1,2200.0
0.210671854,44,0,0.651740531,6520.0,10,0,1,0,2.0,0,2173.3333333333335
0.033595406,48,0,0.168034622,6700.0,18,0,1,0,1.0,0,3350.0
0.9999999,29,0,0,2500.0,0,0,0,0,0.0,0,2500.0
0.147872892,55,0,0.234692077,17000.0,11,0,2,0,2.0,0,5666.666666666667
0,47,0,0.451711662,3592.0,6,0,2,0,2.0,0,1197.3333333333333
0.732163473,46,4,1.021.181.717,896.0,7,3,1,2,3.0,9,224.0
0.297953645,78,0,0.304828112,10500.0,13,0,1,0,0.0,0,10500.0
0.814837033,60,0,5857,1.0,10,0,7,0,0.0,0,1.0
0.00540195,61,0,0.072954164,8333.0,7,0,0,0,0.0,0,8333.0
0.027288877,63,0,0.00055454,110000.0,7,0,0,0,0.0,0,110000.0
0.016899578,85,0,0.133880757,2800.0,3,0,0,0,0.0,0,2800.0
0.49987501,44,0,0.728446481,2400.0,3,0,2,0,2.0,0,800.0
0.465878189,36,0,0.715533239,9160.0,8,0,2,0,0.0,0,9160.0
0.000874569,43,1,0.433463572,4350.0,10,0,2,0,2.0,1,1450.0
0.200380771,23,0,12,0.0,3,0,0,0,0.0,0,0.0
0.09873358,49,0,0.344682766,20000.0,16,0,4,0,3.0,0,5000.0
0.639147779,44,0,0.553235294,3399.0,15,0,0,0,0.0,0,3399.0
0.961350511,38,0,0.08411215,4600.0,4,0,0,0,0.0,0,4600.0
0.059798804,41,0,0.382803821,4500.0,8,0,1,0,0.0,0,4500.0
0.265274383,59,0,0.025677102,19900.0,2,0,0,1,1.0,1,9950.0
0.082045898,83,0,0.051864195,4800.0,7,0,0,0,0.0,0,4800.0
0.023990404,30,0,0.466133467,4000.0,4,0,1,0,0.0,0,4000.0
0.442755724,33,0,0.355122564,6363.0,5,0,1,0,3.0,0,1590.75
0.01038638,79,0,0.385124905,5283.0,7,0,1,0,0.0,0,5283.0
0.038982225,88,0,0.003239935,16666.0,7,0,0,0,0.0,0,16666.0
0.821493783,28,0,0.170790585,3313.0,6,0,0,0,0.0,0,3313.0
0.96760324,28,0,0.203767782,2600.0,2,0,0,0,0.0,0,2600.0
0.041835261,56,0,0.23980628,6400.0,9,0,1,0,0.0,0,6400.0
0.092295385,55,0,0.620952097,6700.0,5,0,2,0,0.0,0,6700.0
0.66147527,53,0,0.349455418,5416.0,5,0,1,0,2.0,0,1805.3333333333333
0.038202679,57,0,0.459183673,10583.0,16,0,5,0,2.0,0,3527.6666666666665
0.098532359,46,0,0.091918883,9812.0,6,0,0,0,0.0,0,9812.0
0.213545338,61,0,0.499711594,5200.0,7,0,1,0,1.0,0,2600.0
0.004956378,71,0,0.521220385,5866.0,13,0,2,0,0.0,0,5866.0
0.021608338,38,0,0.002499107,2800.0,5,0,0,0,0.0,0,2800.0
0.071054298,74,0,0.284895347,7500.0,7,0,1,0,1.0,0,3750.0
0.320946726,59,0,0.843260188,4146.0,15,0,3,0,1.0,0,2073.0
0,48,0,0.100231225,9946.0,5,0,1,0,3.0,0,2486.5
0.670789693,61,0,0.691806129,4600.0,8,0,1,0,3.0,0,1150.0
0.225078549,64,0,0.157907454,8276.0,3,0,1,0,0.0,0,8276.0
0,49,0,0.118432769,7860.0,3,0,1,0,0.0,0,7860.0
0.006177848,65,0,0.073886508,7700.0,14,0,1,0,0.0,0,7700.0
0.090897361,62,0,0.123633305,5944.0,5,0,0,0,0.0,0,5944.0
0.9999999,27,0,0.069513857,2200.0,3,0,0,0,0.0,0,2200.0
0.061287764,60,0,0.385237465,6800.0,16,0,1,0,0.0,0,6800.0
0.035617116,78,0,0.219406227,4142.0,6,0,1,0,0.0,0,4142.0
0.474916949,53,0,0.806352459,4879.0,11,0,2,1,0.0,1,4879.0
0.010103634,32,0,0.013398295,820.0,5,0,0,0,0.0,0,820.0
0.022477758,63,0,0.162476106,6800.0,8,0,1,0,0.0,0,6800.0
0.008774781,78,0,0.215659129,6500.0,8,0,1,0,0.0,0,6500.0
0.022133052,57,0,0.319562101,7672.0,26,0,1,0,2.0,0,2557.3333333333335
0.141047649,45,0,0.137931034,16500.0,8,0,1,0,2.0,0,5500.0
0.693843594,27,0,0.043536206,2250.0,3,0,0,0,0.0,0,2250.0
0.674065058,28,0,0.411782803,6500.0,11,0,1,0,0.0,0,6500.0
0.995313964,38,0,0.028648337,5200.0,2,0,0,0,2.0,0,1733.3333333333333
0.224446844,40,0,0.321779703,6000.0,11,0,1,0,2.0,0,2000.0
0.017141718,35,0,0.208263673,4186.0,9,0,0,0,0.0,0,4186.0
0.246064598,51,0,0.077450522,6416.0,9,0,0,0,0.0,0,6416.0
0.035313451,67,0,29,0.0,3,0,0,0,0.0,0,0.0
0.081681632,64,0,0.089246567,17333.0,7,0,1,0,0.0,0,17333.0
0.470081037,42,0,0.485864921,11000.0,9,0,2,0,0.0,0,11000.0
0.054509093,47,0,0.349545358,4728.0,8,0,1,0,0.0,0,4728.0
0.262276385,45,0,0.494756825,11061.0,18,0,1,0,2.0,0,3687.0
0.090709966,67,0,0.351911561,2170.0,15,0,2,0,0.0,0,2170.0
0.274164491,49,1,0.383237698,5750.0,18,0,1,0,0.0,1,5750.0
0.041135982,49,0,0.166394246,3058.0,6,0,1,0,1.0,0,1529.0
0.008658554,34,0,0.014928749,4420.0,11,0,0,0,1.0,0,2210.0
0.9999999,47,0,0,6200.0,0,0,0,0,1.0,0,3100.0
0.809245426,39,1,0.328833598,11333.0,12,0,1,1,1.0,2,5666.5
0.038268665,41,0,0.212280477,7800.0,13,0,1,0,0.0,0,7800.0
0.641354589,54,4,0.587639574,3850.0,8,0,1,2,1.0,6,1925.0
0.007399646,55,0,0.084849326,7200.0,21,0,0,0,0.0,0,7200.0
0.121919951,42,0,0.267147226,4577.0,12,0,1,0,0.0,0,4577.0
0.240231548,32,0,0.362011512,3300.0,7,0,1,0,0.0,0,3300.0
0.230950333,46,0,0.23855229,5000.0,12,0,2,0,4.0,0,1000.0
0.9999999,81,0,0.074030552,850.0,1,0,0,0,0.0,0,850.0
0.202481416,62,0,0.032326369,7083.0,5,0,0,0,0.0,0,7083.0
0.862134993,56,2,1.011.595.362,2500.0,8,3,1,1,2.0,6,833.3333333333334
0.018557523,51,0,0.015826739,2400.0,15,0,0,0,0.0,0,2400.0
0.078997743,43,0,0.230487195,18000.0,10,0,1,0,2.0,0,6000.0
0.076225343,44,0,0.412880143,2794.0,11,0,0,0,2.0,0,931.3333333333334
0.058943232,42,0,0.009425878,3500.0,4,0,0,0,2.0,0,1166.6666666666667
0.157477454,70,0,0.337396438,10500.0,30,0,1,0,0.0,0,10500.0
0.334895803,44,0,0.350540591,16000.0,8,0,2,0,2.0,0,5333.333333333333
0.647466112,46,0,0.559880936,21500.0,19,0,13,0,0.0,0,21500.0
0,48,0,0.45955771,3300.0,4,0,2,0,0.0,0,3300.0
0.008921713,68,0,0.003166139,6000.0,8,0,0,0,0.0,0,6000.0
0.079342099,68,1,0.330592572,7053.0,17,0,1,0,0.0,1,7053.0
1.698.433.855,43,1,0.479265092,1904.0,6,0,1,0,0.0,1,1904.0
0.9999999,42,0,0.093962415,2500.0,1,1,0,1,0.0,2,2500.0
0.046510872,40,0,0.059971442,2100.0,11,0,0,0,0.0,0,2100.0
0.31690086,54,0,0.236716763,21624.0,11,0,3,0,2.0,0,7208.0
0.888223553,22,0,13,0.0,2,0,0,0,0.0,0,0.0
0.335851572,40,0,0.35035956,9455.0,4,0,3,0,1.0,0,4727.5
0.9999999,42,1,0.364485315,14027.0,6,0,2,0,0.0,1,14027.0
0.058950098,43,0,0.644041042,3800.0,13,0,1,0,2.0,0,1266.6666666666667
0.005823187,55,0,0.000342818,5833.0,3,0,0,0,1.0,0,2916.5
0.061210322,54,0,0.142233857,4583.0,7,0,1,0,0.0,0,4583.0
0.9999999,41,0,0.349608399,6000.0,3,0,2,0,0.0,0,6000.0
0,50,0,0.126163392,2900.0,13,0,1,0,0.0,0,2900.0
0.022119056,78,0,0.095419484,10500.0,16,0,1,0,0.0,0,10500.0
0.206115151,62,0,0.804731756,3000.0,16,0,2,0,0.0,0,3000.0
0.273926141,50,0,1.011.998.829,3416.0,20,0,1,0,3.0,0,854.0
0.338727598,30,0,0.498375406,4000.0,10,0,1,0,0.0,0,4000.0
0.209814251,67,0,0.097773279,4939.0,7,0,0,0,0.0,0,4939.0
0.820926189,28,0,0.550321925,2950.0,6,0,0,0,2.0,0,983.3333333333334
0.018624228,78,0,0.017140898,2916.0,10,0,0,0,0.0,0,2916.0
0.278630494,53,0,0.474600871,6200.0,12,0,1,0,1.0,0,3100.0
0.012681471,91,0,0.003163484,8850.0,11,0,0,0,0.0,0,8850.0
0.117380663,62,0,0.03713932,10500.0,14,0,0,0,0.0,0,10500.0
0.055005487,51,0,0.232738363,20000.0,8,0,1,0,3.0,0,5000.0
0.017659711,56,0,0.012820513,4445.0,6,0,0,0,2.0,0,1481.6666666666667
0.233427372,49,1,0.475861466,11433.0,9,0,2,0,3.0,1,2858.25
0.160228558,47,0,0.214991077,8404.0,8,0,2,0,2.0,0,2801.3333333333335
0.290551673,49,3,0.317660652,11250.0,27,0,1,0,0.0,3,11250.0
0.39261251,53,0,0.571790152,4345.0,12,0,1,0,3.0,0,1086.25
101.239.752,36,0,0.547290542,5000.0,10,0,1,0,4.0,0,1000.0
0.12221679,51,0,1479,0.0,7,0,1,0,0.0,0,0.0
0.183167616,35,0,0.180653427,3121.0,12,0,0,0,1.0,0,1560.5
0.584483103,27,0,0.889136668,3138.0,13,0,2,0,0.0,0,3138.0
0.003703567,57,0,0.28005088,4716.0,11,0,1,0,0.0,0,4716.0
0,30,0,0.396736597,2144.0,7,0,0,0,0.0,0,2144.0
0.012563293,80,0,0.003333333,5099.0,2,0,0,0,0.0,0,5099.0
0.731084411,57,0,1.299.233.589,3000.0,14,0,2,0,0.0,0,3000.0
0.138031788,35,1,0.368610511,8333.0,10,0,2,0,0.0,1,8333.0
0.710028478,60,1,0.350087159,3441.0,13,0,1,0,0.0,1,3441.0
0.9999999,49,0,0.324145726,11500.0,5,0,1,0,1.0,0,5750.0
0,40,0,0.728363582,6666.0,4,0,2,0,0.0,0,6666.0
0.204865494,48,0,0.385253054,6875.0,6,0,1,0,3.0,0,1718.75
0.337774577,64,0,0.257371314,2000.0,13,0,0,0,0.0,0,2000.0
0.722455509,62,3,0.192544571,3084.0,7,0,0,0,0.0,3,3084.0
0.30979409,57,0,0.488888889,12059.0,6,0,2,0,1.0,0,6029.5
0.106231501,30,0,1.058.269.066,3500.0,13,0,2,0,2.0,0,1166.6666666666667
0.302116084,70,0,0.299633374,9000.0,20,0,2,0,1.0,0,4500.0
0.051449419,69,0,0.24375347,1800.0,11,0,1,0,0.0,0,1800.0
0.1380114,76,0,0.043329207,10500.0,12,0,0,0,0.0,0,10500.0
0.019275624,71,1,0.398634368,6150.0,27,0,1,0,1.0,1,3075.0
0.049596933,63,0,0.113397966,12583.0,13,0,1,0,1.0,0,6291.5
0.97692103,42,0,0.469506099,5000.0,6,0,3,0,1.0,0,2500.0
0.049677019,46,0,0.383632327,16666.0,6,0,1,0,2.0,0,5555.333333333333
0.440688273,65,1,0.349457246,5250.0,11,0,0,0,1.0,1,2625.0
0.142517717,39,1,0.41499472,3787.0,11,0,1,0,0.0,1,3787.0
0.851527188,54,0,0.29772665,3650.0,17,0,0,1,0.0,1,3650.0
0.410241884,62,0,0.884384384,3995.0,13,0,4,0,1.0,0,1997.5
0.135227031,51,0,0.22293991,5108.0,9,0,0,0,4.0,0,1021.6
0,67,0,0.025928793,7751.0,6,0,1,0,0.0,0,7751.0
0.885069093,35,0,0.432118671,3100.0,7,1,0,1,3.0,2,775.0
0.893084572,81,1,0.198708602,4800.0,13,0,0,0,0.0,1,4800.0
0.407285425,44,0,0.334759627,3972.0,12,0,1,0,1.0,0,1986.0
0,42,0,0.168253554,7666.0,3,0,1,0,2.0,0,2555.3333333333335
1.045.740.893,45,0,0.601918465,1250.0,9,0,0,0,0.0,0,1250.0
0.737576627,51,1,0.573030777,3833.0,9,0,1,0,0.0,1,3833.0
0,57,0,0,4788.0,1,0,0,0,0.0,0,4788.0
0.752474918,60,0,0.196859903,4139.0,8,0,0,0,0.0,0,4139.0
0.059045835,58,0,0.264473553,10000.0,10,0,2,0,1.0,0,5000.0
0.045038198,37,0,0.424310552,6671.0,11,0,1,0,0.0,0,6671.0
0.046426302,59,0,0.145518912,16100.0,13,0,2,0,1.0,0,8050.0
0.203226559,30,0,0.133071124,3050.0,5,0,0,0,0.0,0,3050.0
0.003562797,85,0,0.141464104,7075.0,17,0,1,0,0.0,0,7075.0
0.810904419,53,6,0.53594132,6134.0,16,1,2,0,3.0,7,1533.5
0.093953415,40,0,0.052471019,9833.0,6,0,0,1,2.0,1,3277.6666666666665
0.009679613,63,0,0.154781466,3042.0,4,0,1,0,0.0,0,3042.0
0.239966397,56,0,0.372062794,10000.0,5,0,2,0,1.0,0,5000.0
0.382557108,43,0,0.149026361,7548.0,7,0,0,0,0.0,0,7548.0
0.020199192,77,0,0.210114574,16233.0,3,0,1,0,1.0,0,8116.5
0.097896737,67,0,0.018719421,4700.0,1,0,0,0,0.0,0,4700.0
0.9999999,35,3,0.588258628,2520.0,6,3,2,3,0.0,9,2520.0
0.030583147,80,0,0.301949399,2410.0,4,0,1,0,0.0,0,2410.0
0,25,1,0.166986564,2083.0,5,0,0,0,0.0,1,2083.0
3.812.214.239,33,0,0.432078396,20000.0,10,0,3,0,0.0,0,20000.0
0,36,5,0.711828817,10000.0,16,0,3,1,2.0,6,3333.3333333333335
0.014293949,57,0,0.486585569,6000.0,24,0,2,0,0.0,0,6000.0
0.492379787,42,0,0.297736181,12500.0,10,0,1,0,4.0,0,2500.0
0.755628818,40,1,0.221565098,11666.0,11,0,1,1,2.0,2,3888.6666666666665
0.110272243,64,0,0.054977093,2400.0,2,0,0,0,1.0,0,1200.0
0.017232405,68,0,0.346616541,6649.0,8,0,2,0,1.0,0,3324.5
0.01337076,70,0,0.074074074,5750.0,12,0,0,0,0.0,0,5750.0
0.015969491,77,0,0.128254055,7336.0,13,0,1,0,0.0,0,7336.0
0.80183932,43,0,0.863808043,4500.0,21,0,2,0,0.0,0,4500.0
0.23613977,60,0,0.409245926,7916.0,7,0,2,0,0.0,0,7916.0
0.040602875,54,0,0.400181563,12116.0,22,0,4,0,1.0,0,6058.0
0,78,0,0.188823795,2218.0,7,0,0,0,0.0,0,2218.0
0.374005566,52,1,0.871161549,4493.0,22,0,1,0,0.0,1,4493.0
0.07600979,76,0,0.085359,14233.0,8,0,1,0,1.0,0,7116.5
0.9999999,47,0,0.148567622,1500.0,2,0,0,0,0.0,0,1500.0
0,30,0,0.114961679,3000.0,5,0,0,0,0.0,0,3000.0
0.20542621,52,0,0.306886703,3150.0,12,0,1,0,2.0,0,1050.0
1.002.035.815,41,6,0.634897216,10166.0,15,0,2,1,2.0,7,3388.6666666666665
0.098609832,56,0,0.485002307,6500.0,17,0,2,0,0.0,0,6500.0
0.099628177,63,0,0.162271805,3943.0,3,0,1,0,0.0,0,3943.0
0.138554458,66,0,0.111467187,7176.0,3,0,0,0,0.0,0,7176.0
0.9999999,61,0,0.254935622,1164.0,2,0,0,0,0.0,0,1164.0
0.214238629,23,0,139.05.00,1.0,5,0,0,0,0.0,0,1.0
0.263312891,76,0,1.289.066.667,1874.0,15,0,0,0,0.0,0,1874.0
0.682878081,36,1,0.437164879,5967.0,5,1,1,3,2.0,5,1989.0
0.9999999,40,0,0.498875281,4000.0,5,0,1,0,0.0,0,4000.0
0.005912786,76,0,0.001999,2000.0,1,0,0,0,0.0,0,2000.0
0.043854835,55,0,0.011199631,8660.0,5,0,0,0,0.0,0,8660.0
0.18002177,49,0,0.292392464,5625.0,8,0,1,0,1.0,0,2812.5
0.012473192,58,0,0.35001438,3476.0,26,0,1,0,0.0,0,3476.0
0.001449928,82,0,0.136262337,3140.0,2,0,0,0,0.0,0,3140.0
0.459319646,46,1,1656,1.0,17,0,2,0,0.0,1,1.0
0.626059232,58,0,0.859134415,4805.0,11,0,2,0,1.0,0,2402.5
0.717234483,52,0,0.641108421,3716.0,9,0,1,0,3.0,0,929.0
0.988743179,65,0,0.306432564,12700.0,8,0,2,0,3.0,0,3175.0
0.058380125,85,0,0.06237505,5001.0,2,0,1,0,0.0,0,5001.0
0.426092138,53,1,0.970159151,7539.0,12,0,2,0,0.0,1,7539.0
0.482797881,52,0,0.104248483,2800.0,4,0,0,0,1.0,0,1400.0
0.1497485,50,0,0.096181316,10500.0,5,0,1,0,2.0,0,3500.0
0.064804717,38,0,0.645419323,8000.0,11,0,3,0,2.0,0,2666.6666666666665
0.559167959,50,0,0.119729342,30000.0,6,0,1,0,2.0,0,10000.0
0.9999999,30,0,0.007773459,1800.0,0,0,0,1,1.0,1,900.0
0.020020206,81,0,0.095878236,9000.0,11,0,1,0,1.0,0,4500.0
1.134.276.792,55,1,0.632109431,4166.0,13,4,1,2,0.0,7,4166.0
0.129144301,52,0,0.35316171,4000.0,7,0,1,0,0.0,0,4000.0
0.179188816,57,1,0.165432099,4859.0,13,0,0,0,3.0,1,1214.75
0.976179974,57,0,0.588878475,3200.0,4,0,1,1,3.0,1,800.0
0.964288903,69,0,0.180605439,1948.0,10,0,0,0,0.0,0,1948.0
0.010721207,64,0,0.001794412,3900.0,6,0,0,0,1.0,0,1950.0
0.545252246,53,1,0.114784695,7500.0,4,0,0,0,6.0,1,1071.4285714285713
0.380800409,77,0,0.934011998,5500.0,15,0,1,0,0.0,0,5500.0
0,40,0,0,15000.0,2,0,0,0,2.0,0,5000.0
0.038730327,55,0,0.119191332,13750.0,8,0,2,0,1.0,0,6875.0
0.062389954,51,0,0.071209199,14000.0,6,0,0,0,2.0,0,4666.666666666667
0,51,0,0.492302809,6300.0,6,0,2,0,0.0,0,6300.0
0.34643571,27,0,0.003749063,4000.0,2,0,0,0,0.0,0,4000.0
0.893687708,35,0,0.206409879,3400.0,2,1,0,0,4.0,1,680.0
0.539064769,63,0,0.402571269,8944.0,6,0,2,0,1.0,0,4472.0
0.036041346,95,0,0.25117096,6831.0,5,0,1,0,0.0,0,6831.0
0.9999999,34,0,0.203699075,4000.0,6,0,0,0,2.0,0,1333.3333333333333
0,70,0,0,2500.0,4,0,0,0,0.0,0,2500.0
0.045973169,65,0,0.135376261,15467.0,7,0,2,0,1.0,0,7733.5
0.505675258,48,0,0.362032018,7932.0,12,0,1,0,0.0,0,7932.0
0.106998199,56,0,0.336869832,13666.0,16,0,2,0,0.0,0,13666.0
0,62,0,0.664987406,2778.0,7,0,1,0,0.0,0,2778.0
0.035586491,41,1,0.419784881,6600.0,8,0,1,0,4.0,1,1320.0
0,34,0,0.653088934,5891.0,7,0,2,0,2.0,0,1963.6666666666667
0.015625724,78,1,0.011208725,3300.0,11,0,0,0,0.0,1,3300.0
0.756769729,38,0,0.693017533,3250.0,5,0,1,0,1.0,0,1625.0
0.373972521,34,1,0.161519662,4500.0,9,0,0,0,1.0,1,2250.0
0,60,0,0.013051948,250000.0,10,0,2,0,2.0,0,83333.33333333333
0.127406642,83,0,0.241763876,7800.0,11,0,1,0,0.0,0,7800.0
0.01253814,59,0,0.001999714,7000.0,2,0,0,0,0.0,0,7000.0
0.268034045,35,0,0.433237058,4500.0,9,0,2,0,3.0,0,1125.0
0.001274173,58,0,0.000292398,6839.0,2,0,0,0,0.0,0,6839.0
3.35E-05,62,0,0.044791348,9800.0,12,0,0,0,0.0,0,9800.0
0.9999999,52,0,0.179882012,10000.0,3,0,1,0,1.0,0,5000.0
0,46,0,0.189405297,2000.0,4,0,0,0,2.0,0,666.6666666666666
0.9999999,68,0,2.60E-05,38417.0,2,0,0,0,0.0,0,38417.0
0.212380334,70,0,0.256382875,10300.0,9,0,1,0,1.0,0,5150.0
0.772848347,42,1,0.136906525,10130.0,7,1,0,0,2.0,2,3376.6666666666665
0.279405603,50,1,0.301446417,3041.0,10,0,0,0,0.0,1,3041.0
0.033530488,84,0,0.003098155,7100.0,3,0,0,0,0.0,0,7100.0
0.609055638,56,1,0.386899852,6060.0,4,0,2,0,1.0,1,3030.0
0.040998677,29,0,0.26234753,5000.0,7,0,1,0,0.0,0,5000.0
0.001295756,61,0,0.119511888,7948.0,5,0,1,0,1.0,0,3974.0
0.910299003,40,0,0.839084166,3100.0,4,2,1,0,1.0,2,1550.0
0.01059595,63,0,0.240526526,10027.0,6,0,1,0,1.0,0,5013.5
0.057384733,49,0,0.044603948,3900.0,6,0,0,0,0.0,0,3900.0
0.156273749,77,0,0.309138505,4201.0,3,0,0,0,0.0,0,4201.0
0.000351633,40,0,0.122366385,8400.0,10,0,0,0,2.0,0,2800.0
0.011349716,73,0,0.014271152,980.0,3,0,0,0,0.0,0,980.0
0.9999999,42,0,0.392871287,5049.0,4,2,2,0,2.0,2,1683.0
1.223.552.894,62,0,0.035392921,5000.0,1,0,0,0,0.0,0,5000.0
0.019206453,59,0,0.146901776,8052.0,19,0,2,0,3.0,0,2013.0
0.9999999,42,0,0.28051047,8070.0,5,0,1,1,0.0,1,8070.0
0.52358504,38,1,0.924632353,2175.0,10,0,1,0,2.0,1,725.0
0.049545936,50,0,0.014694374,11500.0,6,0,0,0,1.0,0,5750.0
0.461054962,47,0,0.254061775,5600.0,7,0,1,0,4.0,0,1120.0
0.059146026,30,0,0.244270964,3970.0,8,0,0,0,0.0,0,3970.0
0.178105976,64,0,0.038891513,6350.0,6,0,0,0,1.0,0,3175.0
0.443164529,23,0,0.074299635,820.0,3,0,0,0,0.0,0,820.0
0.157444806,58,0,0.252719569,17465.0,12,0,2,0,0.0,0,17465.0
0.020846981,44,0,0.327334533,5000.0,8,0,1,0,1.0,0,2500.0
0.452579614,53,0,2.246.376.812,2000.0,12,0,2,0,4.0,0,400.0
0.151605306,49,1,0.160359945,4333.0,10,0,1,0,0.0,1,4333.0
0.253374271,47,0,0.438082331,11805.0,16,0,3,0,8.0,0,1311.6666666666667
0.247405531,52,0,0.415853368,4200.0,13,0,2,2,0.0,2,4200.0
0.040779112,56,0,0.245140995,8900.0,15,0,1,0,1.0,0,4450.0
0.037554512,55,0,0.157210697,4000.0,6,0,0,0,1.0,0,2000.0
0.054441261,44,0,0.245134485,9145.0,7,0,1,0,3.0,0,2286.25
0.001486446,38,0,0.786378638,3332.0,6,0,1,0,2.0,0,1110.6666666666667
0.092190781,60,0,0.550979608,2500.0,3,0,1,0,0.0,0,2500.0
0.412098587,53,0,0.418286841,7097.0,15,0,3,0,0.0,0,7097.0
0.815915628,33,0,1.247.160.382,2200.0,9,0,2,0,0.0,0,2200.0
1.062.392.987,46,1,0.29356881,3000.0,7,0,0,0,0.0,1,3000.0
0.03779622,25,0,0.151670951,3500.0,3,0,0,0,0.0,0,3500.0
0.012726887,83,0,4896,0.0,11,0,1,0,0.0,0,0.0
0.062856177,71,0,0.012266238,9945.0,7,0,0,0,0.0,0,9945.0
0.9999999,31,0,0.961738003,3083.0,4,0,3,0,1.0,0,1541.5
0.054651859,32,0,0.273064839,3500.0,4,0,1,0,0.0,0,3500.0
0.216395035,61,2,0.259108806,16000.0,14,0,1,0,0.0,2,16000.0
0.762141262,40,1,0.736827884,3700.0,16,0,2,0,0.0,1,3700.0
0.764575308,49,1,0.727505231,4300.0,15,0,2,0,0.0,1,4300.0
0.020778372,78,0,0.136435847,10700.0,6,0,1,0,1.0,0,5350.0
0,64,0,0.581408776,3463.0,10,0,1,0,0.0,0,3463.0
0.753324668,33,0,0.339441899,2400.0,6,0,1,0,1.0,0,1200.0
1.035.200.657,47,0,0.812773403,8000.0,12,0,2,0,1.0,0,4000.0
0.081155737,36,0,0.517847629,5630.0,15,0,3,0,0.0,0,5630.0
0.045645525,46,1,0.257711537,10600.0,7,0,2,0,2.0,1,3533.3333333333335
0,63,0,0.497512438,3416.0,6,0,1,0,0.0,0,3416.0
0.980002174,43,1,0.343653251,2583.0,4,1,0,0,0.0,2,2583.0
0.008024195,33,0,0.002142347,4200.0,4,0,0,0,1.0,0,2100.0
0.804077898,33,0,0.195724179,6641.0,5,0,0,0,0.0,0,6641.0
0.147526694,59,0,0.324150189,4500.0,6,0,1,0,0.0,0,4500.0
0.910914153,26,0,0.853004292,2795.0,11,0,1,0,2.0,0,931.6666666666666
0.049165028,66,0,0.309422644,4000.0,6,0,2,0,0.0,0,4000.0
0.204621195,37,1,0.617963703,3250.0,2,0,1,0,0.0,1,3250.0
0.383919662,62,0,0.322179147,4900.0,10,0,0,0,0.0,0,4900.0
0,24,0,0.338051624,1200.0,2,0,0,0,0.0,0,1200.0
0.022069257,73,0,0.176174013,13883.0,28,0,1,0,2.0,0,4627.666666666667
0.25341879,63,1,0.31376673,10459.0,14,0,1,0,0.0,1,10459.0
0.362454585,47,0,0.135716071,4000.0,11,0,0,0,2.0,0,1333.3333333333333
0.538789071,37,0,0.323773188,7600.0,5,0,1,0,0.0,0,7600.0
0.0059831,64,0,0.126387361,10000.0,20,0,1,0,0.0,0,10000.0
0.176584656,54,2,0.314358974,9749.0,9,0,2,0,0.0,2,9749.0
0,21,0,0,929.0,2,0,0,0,0.0,0,929.0
0,43,0,0.519668338,5185.0,8,0,1,0,0.0,0,5185.0
0.9999999,40,0,0,1920.0,1,0,0,0,0.0,0,1920.0
0.608773078,41,1,0.14463653,9312.0,6,0,0,0,4.0,1,1862.4
0.112906409,66,0,0.230462616,8278.0,12,0,1,0,0.0,0,8278.0
0.9999999,58,0,0.469183787,1800.0,3,0,1,0,0.0,0,1800.0
0.717909301,31,0,0.421431427,2500.0,3,0,0,0,0.0,0,2500.0
0.604420399,67,0,0.113520997,6500.0,6,0,0,0,0.0,0,6500.0
0.57612068,48,1,0.541947336,3265.0,10,0,1,0,0.0,1,3265.0
0.125556729,51,0,0.276314375,9300.0,11,0,2,0,2.0,0,3100.0
0.007984032,21,0,0,2500.0,1,0,0,0,0.0,0,2500.0
0.018713617,76,0,0.038838017,3166.0,3,0,1,0,0.0,0,3166.0
0.191063847,45,0,0.258303773,3100.0,6,0,1,0,0.0,0,3100.0
0.104526365,30,1,0.500090893,5500.0,9,0,1,0,0.0,1,5500.0
0.014624315,60,0,0.380641578,7200.0,19,0,1,0,3.0,0,1800.0
0.087070225,43,0,0.011262799,2929.0,1,0,0,0,0.0,0,2929.0
0.125764833,55,0,0.158586925,10416.0,12,0,2,0,0.0,0,10416.0
0.081236313,46,0,0.262894797,4400.0,6,0,1,0,1.0,0,2200.0
0.9999999,32,1,0.041293339,2566.0,3,0,0,1,0.0,2,2566.0
0.456534557,45,0,0.561339487,9316.0,12,0,4,0,3.0,0,2329.0
0.9999999,49,0,0,2550.0,0,0,0,0,0.0,0,2550.0
0.029820521,51,0,0.454531607,6564.0,19,0,2,0,0.0,0,6564.0
0.008662136,67,0,0.200185112,7562.0,23,0,1,0,0.0,0,7562.0
0.031197202,59,0,0.743424584,1862.0,16,0,0,0,0.0,0,1862.0
0.109792057,38,0,0.246546672,7166.0,9,0,1,0,1.0,0,3583.0
0.545804169,45,1,0.426038377,4116.0,3,4,1,0,0.0,5,4116.0
0.216151793,42,0,1972,1.0,8,0,2,0,0.0,0,1.0
0.028776978,24,0,0.000342818,2916.0,1,0,0,0,0.0,0,2916.0
0,75,0,0.530586767,800.0,1,0,0,0,0.0,0,800.0
0,47,2,0.446858413,8100.0,9,1,2,2,2.0,5,2700.0
0.9999999,36,2,0.192576818,3286.0,4,1,0,0,2.0,3,1095.3333333333333
0.917800679,70,1,0.83858071,2000.0,9,0,0,3,0.0,4,2000.0
0.618787918,51,3,0.356967548,11000.0,18,0,2,0,2.0,3,3666.6666666666665
0.040015094,41,0,0.529911681,6000.0,12,0,2,0,1.0,0,3000.0
0.031851009,33,0,0.977502812,2666.0,7,0,1,0,0.0,0,2666.0
0.9999999,32,0,0,2600.0,0,0,0,0,0.0,0,2600.0
0.938544767,74,0,1.341.847.935,5010.0,18,0,2,0,0.0,0,5010.0
0.075639885,49,0,0.723087654,4300.0,11,0,1,0,0.0,0,4300.0
0.04598133,45,0,0.180606465,3000.0,13,0,0,1,0.0,1,3000.0
0.348704933,64,0,0.407148213,4000.0,18,0,2,0,0.0,0,4000.0
0.9999999,59,0,0,849.0,0,0,0,0,0.0,0,849.0
0.011768307,63,0,0.452945012,4600.0,8,0,2,0,0.0,0,4600.0
0.9999999,32,0,0.125272331,1835.0,3,0,0,0,0.0,0,1835.0
0.2857568,47,2,0.135810698,6000.0,6,1,1,3,1.0,6,3000.0
0.440609679,54,1,0.776889244,2500.0,6,0,1,0,2.0,1,833.3333333333334
0.266433392,59,0,0.320614732,1886.0,5,0,1,0,0.0,0,1886.0
0.581445966,51,0,0.118588141,10000.0,7,0,0,0,0.0,0,10000.0
0.332981619,56,1,0.534974669,11250.0,16,0,2,0,2.0,1,3750.0
0.221254463,51,1,1.353.706.625,7607.0,18,0,4,0,4.0,1,1521.4
0.140826172,45,0,0.130386961,10000.0,9,0,0,0,3.0,0,2500.0
0.066795547,75,0,0.242378811,2000.0,7,0,1,0,0.0,0,2000.0
0.023410033,68,0,0.003514377,9389.0,6,0,0,0,0.0,0,9389.0
0.457396046,41,0,0.720155469,1800.0,5,0,1,0,0.0,0,1800.0
0.201278826,47,0,0.235591507,8900.0,11,0,1,0,1.0,0,4450.0
0.217476361,54,2,0.022782503,6583.0,5,1,0,4,2.0,7,2194.3333333333335
0.80883556,37,0,0.607906476,6500.0,12,0,2,0,4.0,0,1300.0
0.22475646,64,0,0.437731196,3243.0,14,0,1,0,0.0,0,3243.0
0.013848234,59,0,0.265303972,9490.0,12,0,2,0,0.0,0,9490.0
0,47,3,0.637613246,3200.0,14,0,2,0,5.0,3,533.3333333333334
0.023976576,36,0,0.678490809,3100.0,4,0,1,0,1.0,0,1550.0
1.155.649.372,36,0,0.19524224,3446.0,2,3,0,1,2.0,4,1148.6666666666667
0.011373578,32,0,0.20555628,7666.0,9,0,1,0,1.0,0,3833.0
0.766973553,43,1,136.709.737,4333.0,21,0,1,0,0.0,1,4333.0
0.9999999,57,0,0,5500.0,0,0,0,0,0.0,0,5500.0
0.241076757,43,0,0.257794746,11000.0,7,0,2,0,0.0,0,11000.0
0.413797689,62,0,0.344050563,10916.0,12,0,2,0,3.0,0,2729.0
0.033775138,70,0,0.415841584,5150.0,8,0,2,0,0.0,0,5150.0
0.917044079,52,0,0.37788291,8454.0,16,0,2,0,2.0,0,2818.0
0.87701755,29,0,2.599.503.517,2416.0,12,0,2,0,0.0,0,2416.0
0.153028232,69,1,0.093340661,10916.0,6,1,1,0,0.0,2,10916.0
0.154866199,38,0,0.047322817,4500.0,3,0,0,0,1.0,0,2250.0
0.16520145,36,0,0.106230201,4734.0,2,0,0,0,2.0,0,1578.0
0.046192885,38,0,0.324478649,12083.0,8,0,1,0,0.0,0,12083.0
0.02297895,42,0,0.642512077,1241.0,9,0,1,0,0.0,0,1241.0
0.098390161,59,0,0.292416607,8333.0,5,0,2,0,0.0,0,8333.0
0.877137429,57,0,0.516431462,10132.0,4,0,2,0,1.0,0,5066.0
0.046237426,38,1,1.019.899.285,12311.0,20,0,6,0,1.0,1,6155.5
0.087491587,55,0,0.127860027,5200.0,5,1,1,0,4.0,1,1040.0
0,56,0,0.01209879,10000.0,5,0,0,0,0.0,0,10000.0
0.914754262,32,0,0.472129086,4771.0,4,0,1,0,3.0,0,1192.75
0.02333285,87,0,0.291715092,6022.0,14,0,1,0,0.0,0,6022.0
0.01348798,55,0,0.002176825,5971.0,4,0,0,0,0.0,0,5971.0
0.439446367,66,0,0.019892643,9500.0,4,1,0,0,0.0,1,9500.0
0.194171177,44,1,0.258212089,13333.0,16,0,2,0,0.0,1,13333.0
0.078523055,73,1,0.082233421,12500.0,9,0,1,0,0.0,1,12500.0
0,34,0,0,4200.0,3,0,0,0,0.0,0,4200.0
0.021131677,57,0,0.089236512,11250.0,7,0,1,0,1.0,0,5625.0
0.9999999,28,0,0.168369614,2250.0,1,0,0,1,0.0,1,2250.0
0.01833777,79,0,0.024650233,1500.0,5,0,0,0,0.0,0,1500.0
0.916770807,30,0,0.382312298,2170.0,2,0,0,0,0.0,0,2170.0
0.943660038,44,0,0.638451253,17200.0,16,0,4,0,2.0,0,5733.333333333333
0.109270962,65,0,0.536170213,2819.0,13,0,1,0,0.0,0,2819.0
0.101063298,59,0,0.709890492,5752.0,8,0,1,0,1.0,0,2876.0
0.084084528,39,0,0.083569616,6700.0,5,0,1,0,3.0,0,1675.0
0.235751053,48,0,0.752070837,3500.0,11,0,2,0,0.0,0,3500.0
0.021092533,60,0,0.150545688,9345.0,5,0,1,0,1.0,0,4672.5
0.002322628,50,0,0.401967765,15448.0,11,0,2,0,2.0,0,5149.333333333333
0.941718449,66,0,1.033.251.232,2435.0,8,0,1,0,0.0,0,2435.0
0.010913117,69,0,0.074925075,2001.0,12,0,1,0,0.0,0,2001.0
0.280069135,55,1,0.249310028,25000.0,8,0,1,0,3.0,1,6250.0
0.004194748,56,0,0.002822865,4250.0,10,0,0,0,1.0,0,2125.0
0.131984845,67,0,0.202736949,1972.0,6,0,0,0,0.0,0,1972.0
0.9999999,79,0,0.03992016,500.0,2,0,0,0,0.0,0,500.0
0.051351414,79,0,0.396234252,7222.0,5,0,2,0,1.0,0,3611.0
0.017344083,34,0,0.358761665,6750.0,11,0,2,0,0.0,0,6750.0
0.75089964,25,0,0.01119776,5000.0,3,0,0,0,0.0,0,5000.0
0.116203646,52,0,0.274738975,6416.0,16,0,1,0,0.0,0,6416.0
0.04223831,54,0,0.306276038,7440.0,7,0,2,0,3.0,0,1860.0
0.143523661,37,0,0.190095847,1877.0,2,0,0,1,0.0,1,1877.0
0.02102914,43,0,0.170775171,3366.0,3,0,1,0,2.0,0,1122.0
0.593673302,46,1,0.671255368,7917.0,20,0,2,0,1.0,1,3958.5
1.008.328.706,27,0,1.572.951.366,1500.0,4,0,1,2,0.0,2,1500.0
0.323547058,44,0,0.109950023,2200.0,1,0,0,0,0.0,0,2200.0
0.02272458,45,0,0.801585554,4540.0,8,0,2,0,2.0,0,1513.3333333333333
0.862752249,46,3,0.310639054,11250.0,7,0,2,0,2.0,3,3750.0
0.014031831,39,0,0.412397921,5387.0,8,0,2,0,1.0,0,2693.5
0,38,0,0.22995992,1995.0,4,0,0,0,3.0,0,498.75
0,30,1,0.071758191,4333.0,4,0,0,1,0.0,2,4333.0
0.007840003,53,0,0.393849858,9137.0,21,0,2,0,2.0,0,3045.6666666666665
0.9999999,30,0,0.108254784,3500.0,1,0,0,1,0.0,1,3500.0
0.008712098,46,0,0.305663305,3866.0,15,0,1,0,2.0,0,1288.6666666666667
0.097745113,32,0,0.319301848,7791.0,2,0,1,0,0.0,0,7791.0
0.028017672,53,0,0.427267003,6351.0,6,0,2,0,0.0,0,6351.0
0.32720681,59,1,4.799.674.267,1841.0,20,0,5,0,0.0,1,1841.0
0.192080792,33,0,0.016893894,3373.0,4,0,0,0,0.0,0,3373.0
0.237138845,59,0,0.147460087,3444.0,5,0,0,0,0.0,0,3444.0
0.952474598,23,0,0.063387323,5000.0,9,0,0,0,0.0,0,5000.0
0.079751588,41,0,0.006380345,10500.0,3,0,0,0,0.0,0,10500.0
0.026596853,56,0,0.151324289,12383.0,8,0,1,0,0.0,0,12383.0
0.046708171,66,0,0.369738339,2636.0,3,0,1,0,0.0,0,2636.0
0.849229165,60,0,0.848819169,5800.0,11,0,2,0,0.0,0,5800.0
0.195484014,41,0,0.351588339,13000.0,15,0,5,0,3.0,0,3250.0
0,43,0,0.078289839,1800.0,4,0,0,0,2.0,0,600.0
0.21672953,62,0,0.213516807,19693.0,13,0,3,0,1.0,0,9846.5
0.67592155,38,0,0.050727834,6800.0,6,0,0,2,1.0,2,3400.0
0.423404865,45,0,0.801399533,3000.0,8,0,1,0,1.0,0,1500.0
0.095218817,29,0,0.430523159,3000.0,8,0,0,0,0.0,0,3000.0
0.117907785,55,0,0.644310171,4964.0,13,0,1,0,1.0,0,2482.0
0.9999999,28,0,0,3300.0,1,0,0,0,0.0,0,3300.0
0.457032687,74,0,0.540584416,3695.0,14,0,1,0,1.0,0,1847.5
0.9999999,44,0,0.010153606,3840.0,0,0,0,0,4.0,0,768.0
0.033297186,70,0,0.473914402,3200.0,14,0,1,0,1.0,0,1600.0
0,57,0,0.224302056,12500.0,14,0,1,0,1.0,0,6250.0
0.9999999,25,0,0.075960419,3435.0,1,0,0,0,0.0,0,3435.0
0.060084467,43,0,0.233534985,8760.0,11,0,1,0,2.0,0,2920.0
0.01355405,87,0,0.000856653,3501.0,1,0,0,0,0.0,0,3501.0
0.072348385,71,0,0.01219878,10000.0,4,0,0,0,0.0,0,10000.0
0.904727515,76,0,0.504041146,1360.0,8,0,1,1,0.0,1,1360.0
0.041735062,45,0,1888,0.0,7,0,1,0,2.0,0,0.0
0.904349975,44,0,0.574668235,5952.0,15,0,1,0,4.0,0,1190.4
0.072494634,74,0,0.523546435,3800.0,9,0,2,0,0.0,0,3800.0
0.003588024,29,0,0.078731928,5740.0,6,0,0,0,0.0,0,5740.0
0.010887252,60,1,0.448443302,3500.0,9,0,1,0,0.0,1,3500.0
0.618768328,53,3,0.30831873,9700.0,9,0,1,0,1.0,3,4850.0
0,44,0,0.133580705,9701.0,11,0,1,0,2.0,0,3233.6666666666665
0.623818809,52,1,0.55963467,5583.0,8,0,1,0,3.0,1,1395.75
0.84584021,26,1,0.354411397,4000.0,14,1,0,5,0.0,7,4000.0
0.683047168,33,0,0.530698659,7084.0,12,0,2,0,0.0,0,7084.0
0.192080876,34,0,0.402780387,5322.0,8,0,1,0,4.0,0,1064.4
0.04874761,63,0,0.067506027,3732.0,7,0,0,0,0.0,0,3732.0
0.865994331,51,0,0.657447517,3000.0,3,0,1,0,2.0,0,1000.0
0.517241379,23,0,0.057061341,700.0,2,1,0,1,0.0,2,700.0
0.113080913,35,0,1.197.325.506,3065.0,10,0,2,0,0.0,0,3065.0
0.004629458,60,0,0.201622818,4066.0,5,0,1,0,2.0,0,1355.3333333333333
0.033839098,79,0,0.007518797,5053.0,2,0,0,0,0.0,0,5053.0
0.899539895,36,0,0.369143305,5100.0,11,0,0,0,3.0,0,1275.0
0.093547185,61,0,0.025885809,5446.0,4,0,0,0,0.0,0,5446.0
0.101897453,55,0,0.217801753,10380.0,5,0,1,0,2.0,0,3460.0
0.9999999,67,1,0.131939685,2917.0,0,0,0,0,0.0,1,2917.0
0.275592142,68,2,0.382693845,5003.0,15,0,2,0,0.0,2,5003.0
0.065473073,56,0,0.420611965,6568.0,8,0,2,0,0.0,0,6568.0
0.065624855,48,0,0.43644673,3500.0,4,0,1,0,0.0,0,3500.0
0.929267043,31,1,0.056628914,1500.0,7,0,0,0,2.0,1,500.0
0.558277869,45,0,0.163592323,5366.0,8,0,0,0,2.0,0,1788.6666666666667
0.019163239,49,0,0.19841885,6450.0,9,0,2,0,2.0,0,2150.0
0,31,0,0.418961448,5083.0,4,0,1,0,1.0,0,2541.5
0.252477668,47,0,169,0.0,2,0,0,0,0.0,0,0.0
0.179847652,37,0,0.029359859,6232.0,3,0,0,0,0.0,0,6232.0
0.03115318,55,0,1.330.316.742,1325.0,8,0,1,0,0.0,0,1325.0
0.535997576,66,0,0.779512462,3650.0,10,0,2,0,0.0,0,3650.0
0.15477691,30,0,0.402024291,2469.0,6,0,0,0,0.0,0,2469.0
0,25,1,0,820.0,2,0,0,0,0.0,1,820.0
0.870135511,66,5,0.236960507,6000.0,9,0,1,0,0.0,5,6000.0
0.876788186,44,2,0.26279002,10300.0,7,0,1,0,1.0,2,5150.0
0.258225796,44,0,0.313785637,5541.0,8,0,1,0,2.0,0,1847.0
0.284212434,33,0,0.458960661,4117.0,8,0,2,0,3.0,0,1029.25
0.129575207,46,0,0.436281859,2000.0,8,0,1,0,1.0,0,1000.0
0.9999999,25,0,811,0.0,3,0,0,0,1.0,0,0.0
0.088642264,68,1,0.290300546,4391.0,13,0,0,0,0.0,1,4391.0
0.9999999,62,0,0,5832.0,1,0,0,0,2.0,0,1944.0
0.947442636,28,2,0.271970012,2400.0,7,0,0,0,1.0,2,1200.0
0.07296215,49,0,0.259409221,10866.0,11,0,2,0,2.0,0,3622.0
0.001028388,73,1,0.292494334,7500.0,19,0,2,0,0.0,1,7500.0
0,32,1,0.261130407,3166.0,8,0,1,0,1.0,1,1583.0
0.9999999,57,2,0.523066711,3012.0,2,0,1,0,0.0,2,3012.0
0.509703416,49,0,0.478250837,8666.0,8,0,1,0,0.0,0,8666.0
0.161101692,31,0,0.11763357,4360.0,4,0,0,0,0.0,0,4360.0
0.019770238,67,0,0.001855517,8083.0,5,0,0,0,0.0,0,8083.0
0.366593194,57,0,0.635512051,9500.0,11,0,3,0,1.0,0,4750.0
0.251759129,40,0,0.575945946,3699.0,4,0,1,0,1.0,0,1849.5
0.002333476,65,0,0.183209382,13983.0,24,2,1,0,0.0,2,13983.0
0.234405993,39,0,0.176705824,4000.0,9,0,0,0,2.0,0,1333.3333333333333
0.020744285,37,0,0.116337196,4400.0,6,1,0,0,3.0,1,1100.0
0.867530107,51,0,0.554702495,4167.0,6,0,1,0,2.0,0,1389.0
0.275975068,62,0,0.199981483,10800.0,9,0,2,0,0.0,0,10800.0
0.356601669,32,0,0.09070072,3053.0,5,0,0,0,2.0,0,1017.6666666666666
0.168056623,47,0,0.252144082,5246.0,12,0,2,0,3.0,0,1311.5
0.496746164,53,0,0.524381625,4244.0,27,0,1,0,4.0,0,848.8
0.826556459,46,0,0.247943596,4254.0,6,0,0,0,0.0,0,4254.0
0.9999999,26,0,0.395209581,500.0,1,0,0,0,0.0,0,500.0
0.032180843,53,0,0.059564329,2937.0,5,0,0,0,0.0,0,2937.0
0.024898524,48,0,0.249960499,12657.0,10,0,3,0,4.0,0,2531.4
0.9999999,39,0,0.113880533,2326.0,4,0,0,0,0.0,0,2326.0
0.9999999,50,0,0.321525496,7000.0,8,0,2,0,4.0,0,1400.0
0.000198669,34,0,0,7000.0,2,0,0,0,2.0,0,2333.3333333333335
0.11719707,47,0,0.610365693,3800.0,6,0,1,0,1.0,0,1900.0
0.140049599,72,0,0.02736362,5700.0,6,0,0,0,0.0,0,5700.0
0.194494597,47,0,0.673875131,5733.0,20,0,5,0,2.0,0,1911.0
0,42,0,0.539134662,2056.0,5,0,0,0,3.0,0,514.0
0.009532698,62,0,0.108653536,12387.0,5,0,1,0,0.0,0,12387.0
0.967127055,41,0,0.127338943,7962.0,4,0,0,0,2.0,0,2654.0
0.000705615,67,0,0.520533881,2921.0,18,0,1,0,0.0,0,2921.0
0.553877764,67,0,1.193.870.753,1500.0,8,0,0,0,0.0,0,1500.0
0.066811788,82,0,0.045105566,2083.0,10,0,0,0,0.0,0,2083.0
0.9999999,41,0,0,12958.0,1,0,0,0,0.0,0,12958.0
0.066773535,50,0,0.29151695,6400.0,11,0,1,0,3.0,0,1600.0
0.256772317,51,0,0.367271381,2700.0,5,0,1,0,1.0,0,1350.0
0.931108499,49,0,0.936794092,4603.0,10,0,2,0,0.0,0,4603.0
0.9999999,28,0,0.167621031,1920.0,1,1,0,0,2.0,1,640.0
0,54,0,0.630056914,6500.0,12,0,3,0,1.0,0,3250.0
0.058643082,34,0,0.020989505,2000.0,8,0,0,0,0.0,0,2000.0
0.658266202,42,0,0.639393434,6000.0,12,0,2,0,1.0,0,3000.0
0.446421079,61,0,0.294973967,9410.0,9,0,1,0,1.0,0,4705.0
0.007199942,61,0,0.263983371,10583.0,14,0,1,0,0.0,0,10583.0
0.088784045,45,0,0.561370482,2655.0,17,0,1,0,2.0,0,885.0
0.008468086,53,0,0.543220162,4800.0,20,0,1,0,0.0,0,4800.0
0.198121105,38,1,0.425540765,4807.0,7,0,2,0,3.0,1,1201.75
0.102381957,51,0,0.339953811,4329.0,12,0,1,0,0.0,0,4329.0
0.046558409,60,0,0.311974551,4400.0,13,0,2,0,1.0,0,2200.0
0.966885281,38,0,0.3171187,9106.0,9,0,1,0,0.0,0,9106.0
0.031792566,62,0,0.032841141,3927.0,9,0,0,0,1.0,0,1963.5
0.845415458,55,1,0.682651622,4962.0,7,0,1,0,0.0,1,4962.0
0.244649156,47,2,0.382576911,13131.0,12,0,2,0,3.0,2,3282.75
0.431844497,57,0,0.348386183,7063.0,9,0,1,0,1.0,0,3531.5
0.564960424,63,0,0.278651602,27083.0,30,0,2,0,0.0,0,27083.0
0.9999999,44,0,0.562771818,3448.0,1,1,1,0,0.0,1,3448.0
0.9999999,43,0,0.195567145,2300.0,3,0,0,0,0.0,0,2300.0
0.833621055,58,1,0.553595864,6576.0,14,0,2,0,0.0,1,6576.0
0.458918944,40,1,0.319650977,8136.0,10,0,3,0,3.0,1,2034.0
0.956014662,58,0,0.175630652,2100.0,5,0,0,0,0.0,0,2100.0
0.381907001,43,0,0.394256432,9366.0,13,0,1,0,3.0,0,2341.5
0.024890467,39,0,0.882879656,5583.0,12,0,1,0,0.0,0,5583.0
0.95515567,28,0,0.343805784,2800.0,13,0,0,0,0.0,0,2800.0
0.072993917,29,0,0.319771592,1400.0,7,0,0,0,0.0,0,1400.0
0.078934211,51,0,0.295974612,5986.0,11,0,1,0,3.0,0,1496.5
0.747532633,74,0,0.541741959,5533.0,14,0,1,0,0.0,0,5533.0
0.329206742,45,0,0.273001942,13900.0,8,0,3,0,3.0,0,3475.0
0.029524625,40,0,0.217896349,7833.0,13,0,1,0,0.0,0,7833.0
0.139788827,53,0,0.463540738,5608.0,9,0,1,0,1.0,0,2804.0
0.697973525,47,0,0.481302774,7460.0,12,0,3,0,1.0,0,3730.0
0.56456395,64,0,1.069.382.559,10996.0,15,0,2,0,1.0,0,5498.0
0.00460177,67,0,0.153249057,4508.0,5,0,0,0,0.0,0,4508.0
0.208199089,50,0,0.630783959,9400.0,7,0,3,0,0.0,0,9400.0
0.028324292,77,0,0.254090909,4399.0,3,0,1,0,1.0,0,2199.5
0,60,0,0.043952548,22000.0,15,0,1,0,2.0,0,7333.333333333333
0.112522488,64,0,0.419502285,5906.0,23,0,1,0,0.0,0,5906.0
0.123134219,54,1,0.249959023,6100.0,6,0,1,0,0.0,1,6100.0
0.016202398,83,0,0.002363601,5076.0,2,0,0,0,0.0,0,5076.0
0.257798065,61,0,0.017825759,3982.0,3,0,0,0,0.0,0,3982.0
0.059013046,61,0,1.263.578.807,3000.0,7,0,1,0,0.0,0,3000.0
0.700859828,47,0,0.866177071,2450.0,6,0,1,0,1.0,0,1225.0
0.413821783,77,0,1.115.929.942,1198.0,7,0,1,0,0.0,0,1198.0
0.286112189,69,0,0.093703148,4001.0,4,0,0,0,0.0,0,4001.0
0.9999999,29,0,0.156614462,3000.0,2,0,1,0,1.0,0,1500.0
0.07713545,41,0,0.414672333,8941.0,4,0,2,0,0.0,0,8941.0
0.619938728,57,0,0.230961028,18448.0,10,0,2,0,1.0,0,9224.0
0.027140919,80,0,0.003665445,3000.0,2,0,0,0,1.0,0,1500.0
0.454031788,51,0,0.361793291,9568.0,11,0,2,0,1.0,0,4784.0
0.351737741,63,0,928,1.0,17,0,2,0,0.0,0,1.0
0.285742024,75,0,0.960485599,4200.0,10,0,1,0,0.0,0,4200.0
0.9999999,43,0,0.50704698,2979.0,3,0,1,0,0.0,0,2979.0
0.295887322,41,0,0.054645525,7630.0,4,0,0,0,2.0,0,2543.3333333333335
0.273460978,46,0,0.340733693,9458.0,14,0,1,0,3.0,0,2364.5
0.155653696,66,0,0.387497927,6030.0,8,0,1,0,0.0,0,6030.0
0.969660403,51,1,0.238704518,2500.0,6,0,0,0,1.0,1,1250.0
0.331111292,38,0,0.242541562,4390.0,11,0,0,0,2.0,0,1463.3333333333333
0.017672406,68,0,0.006216506,4664.0,5,0,0,0,0.0,0,4664.0
0.667004678,39,0,0.597834205,5355.0,10,0,2,0,3.0,0,1338.75
0.046056114,57,0,0.178716904,1963.0,8,0,0,0,0.0,0,1963.0
0.564941208,36,0,0.508661133,11083.0,14,0,2,0,0.0,0,11083.0
0.002020161,43,0,0.228941685,12500.0,9,0,2,0,1.0,0,6250.0
0.027450727,70,0,0.261165178,7500.0,7,0,2,0,0.0,0,7500.0
0.934036939,48,1,0.49610078,3333.0,12,0,1,0,0.0,1,3333.0
0.391979898,40,0,0.059771137,9000.0,2,0,0,0,5.0,0,1500.0
0.451398136,33,0,0.080383923,3333.0,2,0,0,0,1.0,0,1666.5
0.90482271,65,0,109.636.324,9183.0,31,0,1,0,1.0,0,4591.5
0.026680849,74,0,0.335466784,4530.0,7,0,1,0,0.0,0,4530.0
1.126.455.907,35,1,0.123256691,2652.0,4,0,0,0,0.0,1,2652.0
0.347865213,49,0,0.217521932,8320.0,5,0,1,0,2.0,0,2773.3333333333335
0.257432342,54,0,0.694243364,2900.0,11,0,1,0,0.0,0,2900.0
0,35,0,0.215997461,6300.0,6,0,1,0,3.0,0,1575.0
0.9999999,56,1,0.071418369,7000.0,3,3,0,1,0.0,5,7000.0
0.490126816,63,0,0.777234478,8793.0,12,0,4,0,1.0,0,4396.5
0,26,0,0.686967113,820.0,4,0,0,0,0.0,0,820.0
0.087125018,54,0,0.688111888,2144.0,13,0,0,0,0.0,0,2144.0
0.9999999,25,0,0,2745.0,1,0,0,0,0.0,0,2745.0
1.064.389.591,38,5,0.545038486,4806.0,11,0,2,0,0.0,5,4806.0
1.010.253.781,32,0,0.867060561,2030.0,3,0,1,0,2.0,0,676.6666666666666
0.96516617,38,0,0.163003445,8416.0,10,0,0,0,0.0,0,8416.0
0.002727502,75,0,0.00095229,10500.0,14,0,0,0,0.0,0,10500.0
0.976038961,50,2,0.412646838,4000.0,7,0,1,0,2.0,2,1333.3333333333333
0.679592263,42,0,0.609742283,3530.0,8,0,2,0,1.0,0,1765.0
0.261177655,38,2,0.26391863,7471.0,7,0,1,0,0.0,2,7471.0
0.992007105,45,0,0.039995429,8750.0,6,0,1,0,1.0,0,4375.0
0.048529733,78,0,0.003066462,15000.0,8,0,0,0,0.0,0,15000.0
0.027829418,54,0,0.282929268,4000.0,8,0,1,0,0.0,0,4000.0
0.9999999,59,1,0.128514893,4800.0,3,0,0,0,0.0,1,4800.0
0.088490478,42,0,0.406922357,4275.0,8,0,1,0,4.0,0,855.0
0.031530573,36,0,0.290463692,8000.0,11,0,2,0,2.0,0,2666.6666666666665
0.042641362,39,0,0.25853077,6710.0,6,0,1,0,0.0,0,6710.0
0.988001263,37,1,0.468790173,7000.0,11,0,1,1,2.0,2,2333.3333333333335
0.008746217,51,1,0.325018039,9700.0,10,0,2,0,0.0,1,9700.0
0.002264523,70,0,0.009498417,6000.0,5,0,0,0,0.0,0,6000.0
0.181749758,56,0,0.553473624,3468.0,12,0,1,0,0.0,0,3468.0
0.207036215,43,2,0.599680064,5000.0,7,0,2,0,0.0,2,5000.0
0.497460102,43,0,0.407017231,11200.0,9,0,3,0,3.0,0,2800.0
1.407.960.199,55,0,0.028964862,2105.0,2,0,0,1,0.0,1,2105.0
0.326076979,55,2,0.635933006,5910.0,15,0,1,0,0.0,2,5910.0
0.095939464,59,0,0.092646079,4500.0,6,0,0,0,0.0,0,4500.0
0.125120552,62,0,0.450103754,5300.0,7,0,3,0,1.0,0,2650.0
0.302085475,50,0,0.37944664,4300.0,11,0,0,0,0.0,0,4300.0
0.129657189,55,0,0.506093369,16000.0,19,0,5,0,2.0,0,5333.333333333333
0.121457877,57,0,0.678837556,2683.0,18,0,2,0,0.0,0,2683.0
0.005132011,54,0,0.075538587,11000.0,9,0,1,0,5.0,0,1833.3333333333333
1.001.807.623,56,0,1.172.394.206,7041.0,5,0,2,0,0.0,0,7041.0
0.842862855,47,0,0.177864275,17726.0,7,0,2,0,4.0,0,3545.2
0.073759266,49,0,0.288536917,12500.0,11,0,3,0,0.0,0,12500.0
0.064238746,61,0,0.314195944,3500.0,4,0,1,0,1.0,0,1750.0
0.355479542,30,0,0.32245843,4750.0,7,0,1,0,3.0,0,1187.5
0.285155511,27,0,0.514871282,4000.0,12,0,1,0,0.0,0,4000.0
0.817143835,51,0,0.279508166,27000.0,10,0,1,0,4.0,0,5400.0
0.056096466,47,0,0.649793776,8000.0,12,0,2,0,2.0,0,2666.6666666666665
0.057415951,80,0,0.019245189,4000.0,5,0,0,0,1.0,0,2000.0
0.186682782,30,0,0.698120752,2500.0,7,0,2,0,2.0,0,833.3333333333334
0.388097499,61,0,0.219323172,11612.0,15,0,0,0,1.0,0,5806.0
0.530148008,37,0,0.200149995,10666.0,15,0,2,0,1.0,0,5333.0
0.089683316,39,0,0.38036957,8333.0,17,0,1,0,0.0,0,8333.0
0.360271979,61,0,0.277280702,11399.0,17,0,1,0,0.0,0,11399.0
0.998030452,40,0,0.109691752,3600.0,1,0,0,0,0.0,0,3600.0
0.508885626,47,0,0.395657763,7000.0,9,0,2,0,2.0,0,2333.3333333333335
0,49,0,0.27883071,6225.0,5,0,3,0,1.0,0,3112.5
0.9999999,22,0,0,1.0,1,0,0,0,0.0,0,1.0
0.551594923,69,0,0.561233853,14166.0,18,0,4,0,0.0,0,14166.0
0.716657234,32,1,0.2020688,4156.0,8,0,0,0,3.0,1,1039.0
0.967193469,26,0,0.253936516,4000.0,7,0,0,0,0.0,0,4000.0
0.083049053,42,1,0.00888494,2250.0,7,0,0,0,0.0,1,2250.0
0.74245151,63,0,0.539054364,4800.0,9,0,1,0,0.0,0,4800.0
0.212927757,64,0,0.357015352,2800.0,5,0,1,0,3.0,0,700.0
0.304182734,35,1,0.307190679,11500.0,10,0,2,0,0.0,1,11500.0
0,53,0,0.306481755,10166.0,8,0,1,0,0.0,0,10166.0
0.325331422,44,0,0.419904479,7746.0,11,0,2,0,1.0,0,3873.0
0.014360712,74,0,0.002908562,5500.0,5,0,0,0,1.0,0,2750.0
0.425779533,33,0,1.777.477.764,6295.0,27,0,5,0,0.0,0,6295.0
0.973421927,38,0,0.175682301,6118.0,3,1,1,1,3.0,2,1529.5
0.680161943,47,4,0.378735696,9000.0,7,0,1,0,2.0,4,3000.0
0.347285913,36,0,0.139151581,3700.0,6,0,0,0,1.0,0,1850.0
0.024982442,49,0,0.627249357,3500.0,6,0,0,0,3.0,0,875.0
0.9999999,47,0,0.264946507,4766.0,5,0,1,0,0.0,0,4766.0
0.174491189,60,0,0.758812059,6666.0,14,0,2,0,0.0,0,6666.0
0.069635206,77,0,0.26510989,2183.0,14,0,0,0,0.0,0,2183.0
0,62,0,0,2300.0,1,0,0,0,0.0,0,2300.0
0.31916571,47,0,0.335505851,6750.0,11,0,2,0,1.0,0,3375.0
0.345934266,46,1,0.233666642,13300.0,13,0,0,0,1.0,1,6650.0
0.254976626,49,0,0.71321499,2534.0,10,0,1,0,0.0,0,2534.0
0.598510037,41,0,0.120200698,9167.0,2,0,0,0,2.0,0,3055.6666666666665
0.466492371,48,0,0.168953242,25000.0,12,0,2,0,1.0,0,12500.0
0.010432191,59,0,0.061319707,4500.0,5,0,0,0,0.0,0,4500.0
0.099683827,40,0,0.393556343,6486.0,17,0,1,0,2.0,0,2162.0
0.140219106,67,0,1.002.971.089,8750.0,10,0,4,0,0.0,0,8750.0
0.319285923,27,0,0.176955761,4000.0,6,0,0,0,2.0,0,1333.3333333333333
0.003767027,61,0,0.440624238,4100.0,20,0,2,0,0.0,0,4100.0
0.277036148,41,0,0.070366204,8000.0,9,0,0,0,2.0,0,2666.6666666666665
0.9999999,58,0,0.072501633,1530.0,1,0,0,0,0.0,0,1530.0
0.189925765,65,0,0.434930746,13500.0,11,0,2,0,0.0,0,13500.0
0.136182234,41,0,0.237403481,7640.0,5,0,1,0,1.0,0,3820.0
0.9999999,39,0,1.436.489.607,1298.0,8,0,1,0,2.0,0,432.6666666666667
0.982253349,50,12,0.529789864,4044.0,15,0,0,1,0.0,13,4044.0
0.547093227,49,1,0.462174941,5075.0,9,0,1,0,2.0,1,1691.6666666666667
0.841451032,31,0,0.297610501,9750.0,10,0,2,0,0.0,0,9750.0
0.565807017,40,0,0.160645247,7500.0,8,0,0,0,1.0,0,3750.0
0.988190673,32,1,0.506079438,3700.0,5,0,0,0,0.0,1,3700.0
0.004922764,87,0,0.001958864,4083.0,6,0,0,0,0.0,0,4083.0
0.003254245,79,0,0.309186352,3809.0,11,0,3,0,1.0,0,1904.5
0.799669494,63,0,1.508.126.604,4675.0,15,0,2,0,0.0,0,4675.0
0.060493895,51,0,0.078603292,6500.0,3,0,0,0,3.0,0,1625.0
0.262942404,37,0,0.218683045,7000.0,11,0,1,0,0.0,0,7000.0
0.288451925,33,0,0.21509434,7419.0,8,0,1,0,0.0,0,7419.0
0.001648118,59,0,0.269251251,9388.0,7,0,1,0,0.0,0,9388.0
0.064297075,62,4,0.278544291,5000.0,11,0,1,0,0.0,4,5000.0
0.81141916,45,0,0.418089525,6500.0,10,0,1,0,1.0,0,3250.0
0,51,0,0.103393844,3800.0,5,0,0,0,0.0,0,3800.0
0.9999999,33,2,0.429633494,7666.0,5,0,2,0,1.0,2,3833.0
0.258334673,47,0,4145,0.0,9,0,2,0,3.0,0,0.0
0.30666748,64,0,0.578453111,7666.0,5,0,1,0,1.0,0,3833.0
0.062026916,79,0,0.126739438,12000.0,17,0,2,0,0.0,0,12000.0
0.06199009,79,0,0.288562028,5166.0,9,0,1,0,0.0,0,5166.0
0.03939606,64,0,0.199659119,4106.0,6,0,1,0,0.0,0,4106.0
0.28720089,62,1,0.152080754,10500.0,13,0,0,0,0.0,1,10500.0
0,49,1,0,2080.0,4,0,0,0,0.0,1,2080.0
0,39,0,0.027339478,6400.0,3,0,0,0,0.0,0,6400.0
0.444171918,43,0,0.445425762,6000.0,9,0,1,1,3.0,1,1500.0
0.361085126,62,0,0.105419084,8100.0,9,0,0,0,0.0,0,8100.0
0.339228247,49,1,0.502971138,4711.0,16,0,1,0,0.0,1,4711.0
0.136221385,37,0,0.301396848,5583.0,30,0,1,0,0.0,0,5583.0
0,28,0,0.235952809,5000.0,8,0,0,0,0.0,0,5000.0
0.455169655,36,0,0.3952006,2666.0,10,0,2,0,0.0,0,2666.0
0.006603678,45,0,0.258353065,3800.0,10,0,1,0,2.0,0,1266.6666666666667
0.586470627,58,0,0.868852459,2500.0,10,0,2,0,1.0,0,1250.0
0.894614555,37,0,0.1535418,7834.0,6,0,0,2,3.0,2,1958.5
0.642543961,47,1,1.329.157.175,3511.0,11,0,2,0,0.0,1,3511.0
0.805116662,48,2,5.167.664.671,500.0,6,0,2,0,2.0,2,166.66666666666666
0,29,0,0.176372712,1802.0,3,0,0,0,0.0,0,1802.0
0.650938432,29,0,0.209386282,3600.0,4,0,0,0,1.0,0,1800.0
0.714535683,36,1,0.171757636,3993.0,10,0,0,0,1.0,1,1996.5
0.029930002,29,0,0.05510851,4100.0,8,0,0,0,0.0,0,4100.0
0.793465739,43,2,0.29135188,11250.0,9,0,2,0,2.0,2,3750.0
0.223145388,53,0,0.332944509,6000.0,11,0,1,0,4.0,0,1200.0
0.012428647,54,0,0.334708161,8000.0,8,0,3,0,3.0,0,2000.0
0.68507686,44,2,0.322989885,5832.0,6,0,1,0,2.0,2,1944.0
0.78910703,61,0,0.556520098,5298.0,8,0,2,0,2.0,0,1766.0
0.207722154,45,0,0.321858572,5896.0,10,0,2,0,2.0,0,1965.3333333333333
0.50732765,47,0,0.778290567,5416.0,11,0,1,0,2.0,0,1805.3333333333333
0.874802735,33,0,0.013448607,5204.0,4,0,0,0,0.0,0,5204.0
0.253119195,43,1,0.163255741,6400.0,8,0,0,0,1.0,1,3200.0
0.069790697,63,0,0.289109722,9760.0,6,0,1,0,1.0,0,4880.0
0.128342485,43,0,0.011198507,7500.0,4,0,0,0,1.0,0,3750.0
0.9999999,49,0,0.273184284,7558.0,5,0,1,0,2.0,0,2519.3333333333335
0.9999999,78,1,0.272370487,1273.0,1,0,0,0,2.0,1,424.3333333333333
0,41,0,0.44925816,3369.0,7,0,1,0,0.0,0,3369.0
0.185800546,36,0,0.358554489,1770.0,6,0,0,0,0.0,0,1770.0
1.265.279.794,43,0,0.446803992,4708.0,5,0,0,0,2.0,0,1569.3333333333333
0.042252127,49,0,0.327717852,8250.0,24,0,1,1,3.0,1,2062.5
0.511972934,38,0,0.413395952,8942.0,16,0,1,0,2.0,0,2980.6666666666665
0.204439778,62,0,0.301385516,7000.0,4,0,2,0,0.0,0,7000.0
0.98960104,34,1,0.19130145,6000.0,5,0,0,1,3.0,2,1500.0
0.202041998,41,0,0.33761264,8100.0,4,0,1,0,2.0,0,2700.0
0.331394741,34,2,0.396095974,7376.0,6,0,2,1,1.0,3,3688.0
0.051134134,48,0,0.4029036,8609.0,13,0,1,0,4.0,0,1721.8
0.299049292,39,0,0.820206981,5700.0,16,0,2,0,3.0,0,1425.0
0.076229675,52,0,2.013.397.321,5000.0,12,0,4,0,0.0,0,5000.0
0,49,0,0.041894737,4749.0,4,0,0,0,1.0,0,2374.5
0.423687266,69,0,0.205025573,4496.0,4,0,0,0,1.0,0,2248.0
0.245912455,59,0,0.166034432,6853.0,8,0,0,0,0.0,0,6853.0
0.004470457,57,0,4,0.0,3,0,0,0,0.0,0,0.0
0.648648649,24,0,0.336442372,1500.0,5,0,0,0,0.0,0,1500.0
0.372235402,68,0,0.995431336,3720.0,13,0,1,0,0.0,0,3720.0
0.262281372,77,0,0.188803199,3500.0,5,0,0,0,0.0,0,3500.0
0.932188655,32,0,0.337065174,2500.0,4,0,0,0,2.0,0,833.3333333333334
0.850037491,41,0,0.229293994,4744.0,7,0,0,0,0.0,0,4744.0
0.154724314,44,0,0.727416799,4416.0,10,0,3,0,0.0,0,4416.0
0.02879661,80,0,0.013424736,3500.0,7,0,0,0,0.0,0,3500.0
0.312272968,40,0,2540,0.0,10,0,2,0,0.0,0,0.0
0.031928918,32,0,0.047994354,8500.0,6,0,0,0,0.0,0,8500.0
0.034311013,58,1,0.281594011,9083.0,13,0,2,0,3.0,1,2270.75
0.126098761,57,0,0.152950129,17083.0,9,0,1,0,2.0,0,5694.333333333333
0.9999999,43,1,0.545292621,3929.0,3,0,1,0,2.0,1,1309.6666666666667
0.566486703,55,1,0.662584054,4163.0,9,0,2,0,0.0,1,4163.0
0.143492873,66,0,0.173016074,7900.0,15,0,1,0,0.0,0,7900.0
0.052210539,47,0,0.479065117,8000.0,10,0,2,0,3.0,0,2000.0
0.32669371,32,0,0.302361357,13000.0,13,0,1,0,0.0,0,13000.0
0.000139997,43,0,0.407703678,11500.0,11,0,2,0,2.0,0,3833.3333333333335
0.080599104,67,0,0.280425094,5833.0,13,0,2,0,0.0,0,5833.0
0.9999999,45,0,3,0.0,2,0,0,0,3.0,0,0.0
0.883978758,65,1,0.379231538,7000.0,16,0,0,0,1.0,1,3500.0
0,24,1,0.069260135,5500.0,7,0,0,1,1.0,2,2750.0
0.9999999,62,0,0.558939781,4300.0,5,0,2,0,0.0,0,4300.0
0.064524618,38,0,1148,0.0,4,0,1,0,0.0,0,0.0
0.174117745,41,0,0.434025148,6600.0,14,0,1,0,1.0,0,3300.0
0.147142764,39,0,0.438312338,5000.0,6,0,2,0,3.0,0,1250.0
0.9999999,26,0,0.085118538,3500.0,2,0,0,0,0.0,0,3500.0
0.002041981,48,0,0.000333222,3000.0,7,0,0,0,1.0,0,1500.0
0.238993068,67,0,0.183176197,8166.0,8,0,1,0,2.0,0,2722.0
0.000592874,89,0,0.045216996,4400.0,15,0,0,0,1.0,0,2200.0
0.11879568,46,0,0.351960893,9000.0,8,0,1,0,1.0,0,4500.0
0.08833137,50,0,0.023795241,5000.0,6,0,0,0,1.0,0,2500.0
0.907872808,30,1,0.061808817,6600.0,2,0,0,0,0.0,1,6600.0
0.867806442,52,2,0.5936016,4000.0,7,1,2,0,2.0,3,1333.3333333333333
0.004855605,87,0,0.0019995,4000.0,11,0,0,0,0.0,0,4000.0
0.019002989,65,0,0.45711477,4068.0,10,0,1,0,1.0,0,2034.0
0.040307447,67,0,0.038301415,1200.0,7,0,0,0,0.0,0,1200.0
0.985119926,68,0,0.618629767,8888.0,17,0,3,0,1.0,0,4444.0
1.001.996.008,51,0,0.00535523,2800.0,1,0,0,2,0.0,2,2800.0
0.00635045,65,0,0.678215768,4819.0,8,0,3,0,0.0,0,4819.0
0.058784151,44,0,0.510863845,13300.0,14,0,3,0,2.0,0,4433.333333333333
0.006917756,53,1,0.211009174,4250.0,7,0,1,0,0.0,1,4250.0
0.088885411,69,0,1.150.626.051,5350.0,14,0,4,0,0.0,0,5350.0
0,59,0,0.111305543,16000.0,5,0,2,0,0.0,0,16000.0
0.153515415,61,1,1.148.366.363,5600.0,23,0,2,0,0.0,1,5600.0
0.175782422,29,0,0.014419226,3744.0,4,0,0,0,0.0,0,3744.0
0.614855406,53,0,0.051105433,9000.0,2,0,0,0,3.0,0,2250.0
0.236021749,64,1,0.518753168,11837.0,17,0,2,0,0.0,1,11837.0
0.967950088,54,0,0.328547622,7800.0,7,0,2,0,0.0,0,7800.0
0.021532853,57,0,0.249147159,8500.0,11,0,1,0,1.0,0,4250.0
0.041278349,43,0,0.506352843,4800.0,5,0,1,0,1.0,0,2400.0
0.314665413,62,0,0.398746322,7816.0,9,0,1,0,0.0,0,7816.0
0.718070636,47,0,0.825490807,3208.0,9,0,1,0,0.0,0,3208.0
0.28742515,31,1,0.284286285,2500.0,6,0,0,0,1.0,1,1250.0
0.008327732,60,0,0.001855288,8084.0,2,0,0,0,0.0,0,8084.0
0.046510326,45,0,0.616730545,6000.0,11,0,3,0,0.0,0,6000.0
0.915839092,58,2,0.436897364,4666.0,10,0,1,0,0.0,2,4666.0
1.061.793.821,47,0,0.477690289,8000.0,5,0,2,0,0.0,0,8000.0
0.026981986,28,0,0.262696383,2736.0,8,0,0,0,0.0,0,2736.0
0.10654232,60,0,0.124751076,15566.0,12,0,2,0,0.0,0,15566.0
0,47,0,0.000170765,5855.0,7,0,0,0,0.0,0,5855.0
0.010341508,61,0,0.383774026,9416.0,11,0,2,0,1.0,0,4708.0
0.060134267,25,0,0.005926902,3036.0,4,0,0,0,0.0,0,3036.0
0,76,3,0.212323064,1200.0,5,0,0,1,0.0,4,1200.0
0.026379456,39,0,0.461923013,6000.0,12,0,2,0,0.0,0,6000.0
0.095180964,58,0,0.006989516,2002.0,1,0,0,0,0.0,0,2002.0
0.211972896,54,0,0.13379331,20000.0,23,0,1,0,2.0,0,6666.666666666667
0.9999999,38,0,1220,0.0,4,0,1,0,2.0,0,0.0
0.02454679,79,0,0.004314995,8342.0,7,0,0,0,0.0,0,8342.0
0,40,0,0.09481753,6000.0,8,0,0,0,2.0,0,2000.0
0.004548532,44,0,0.302436635,8166.0,6,0,1,0,3.0,0,2041.5
0.401605193,37,1,0.333614153,3560.0,9,0,1,0,3.0,1,890.0
0.074330748,57,0,0.121715076,5060.0,9,0,0,0,0.0,0,5060.0
0.371409356,39,0,0.119235096,8000.0,5,0,0,0,0.0,0,8000.0
0.844315568,48,0,0.100414849,9400.0,4,1,0,0,0.0,1,9400.0
0.9999999,58,0,0,3100.0,0,1,0,0,4.0,1,620.0
0.007624809,80,0,0.00182704,4925.0,4,0,0,0,0.0,0,4925.0
0.114283081,56,0,0.473243192,5250.0,10,0,2,0,1.0,0,2625.0
0.065096758,58,0,1.202.319.588,775.0,8,0,1,0,0.0,0,775.0
0.207764047,48,0,0.178388747,12511.0,8,0,1,0,3.0,0,3127.75
0.131501841,31,0,0.17163806,6000.0,12,0,0,0,2.0,0,2000.0
0.425943208,63,0,0.071214393,1333.0,2,0,0,0,0.0,0,1333.0
0.001922094,48,0,0.361088612,6172.0,6,0,1,0,0.0,0,6172.0
0.016299457,68,0,0.001068113,12170.0,2,0,0,0,0.0,0,12170.0
0.021277187,90,0,0.007094486,3100.0,6,0,0,0,0.0,0,3100.0
0.034098295,52,1,0.792003076,2600.0,7,0,1,0,0.0,1,2600.0
0.038028618,55,1,0.500141163,7083.0,19,0,2,0,0.0,1,7083.0
0.73405073,31,1,0.089162183,1300.0,5,0,0,0,1.0,1,650.0
0.533705734,41,0,0.890027493,4000.0,9,0,1,0,2.0,0,1333.3333333333333
0.26224825,78,0,0.16215307,5944.0,5,0,1,0,2.0,0,1981.3333333333333
0.668573703,57,5,0.914111598,5250.0,25,0,2,0,0.0,5,5250.0
0.694902359,38,1,0.382061794,10000.0,8,0,2,0,5.0,1,1666.6666666666667
0.9999999,23,0,0.003822405,3400.0,0,2,0,0,1.0,2,1700.0
0.076997345,75,0,0.141010576,850.0,9,0,1,1,0.0,1,850.0
0.362894458,52,0,0.414930845,6000.0,6,0,1,0,0.0,0,6000.0
0.364933092,56,0,0.173913043,2000.0,7,0,0,0,1.0,0,1000.0
0,31,0,4.421.441.774,540.0,12,0,1,0,0.0,0,540.0
0.736116567,41,1,0.863063324,6900.0,7,0,2,0,0.0,1,6900.0
0.187011811,53,0,0.857121662,6739.0,12,0,1,0,0.0,0,6739.0
1.102.564.103,36,0,0.003578399,3073.0,3,9,0,0,0.0,9,3073.0
0,56,0,0.436165379,2200.0,7,0,1,0,1.0,0,1100.0
0.075971685,56,0,0.006614876,13000.0,6,0,0,0,2.0,0,4333.333333333333
0.113614305,38,0,0.263147371,5000.0,12,0,1,0,3.0,0,1250.0
0.756737263,39,1,1.289.884.046,2500.0,15,1,1,0,0.0,2,2500.0
0.34854529,61,0,0.109849696,6253.0,8,0,0,0,0.0,0,6253.0
0.202631712,38,0,0.602099475,4000.0,10,0,2,0,2.0,0,1333.3333333333333
0.186484649,36,0,0.255539143,8800.0,20,0,1,0,2.0,0,2933.3333333333335
0.050814547,69,0,0.017107309,4500.0,5,0,0,0,0.0,0,4500.0
0.023082172,59,0,0.091580502,8800.0,17,0,0,0,1.0,0,4400.0
0.006298227,66,0,0.005512679,1813.0,8,0,0,0,0.0,0,1813.0
0.977795296,64,0,0.617593602,2750.0,9,0,2,0,0.0,0,2750.0
0.726364015,40,4,0.16133807,3377.0,3,0,0,0,1.0,4,1688.5
0.276786233,41,0,0.069208646,10778.0,3,0,0,0,2.0,0,3592.6666666666665
0.027910491,61,0,0.089588748,6540.0,11,0,0,0,0.0,0,6540.0
0.028483142,65,0,0.312065972,2303.0,7,0,1,0,1.0,0,1151.5
0.027661518,61,0,0.444365091,7000.0,8,0,2,0,0.0,0,7000.0
0.104807051,53,0,0.111675127,4333.0,2,0,1,0,1.0,0,2166.5
0.9999999,30,0,0.173978253,8000.0,6,0,0,0,0.0,0,8000.0
0.016938201,53,0,0.324044124,12056.0,8,0,1,0,2.0,0,4018.6666666666665
0.847531402,64,0,0.411977342,26833.0,27,0,2,0,1.0,0,13416.5
0.187400467,70,0,0.030193961,5000.0,5,0,0,0,0.0,0,5000.0
0.140517653,88,0,1.017.423.593,3500.0,15,1,2,0,0.0,1,3500.0
0.095875191,47,0,0.578357803,9194.0,10,0,3,0,1.0,0,4597.0
0.031609634,64,0,0.528117971,4000.0,8,0,2,0,0.0,0,4000.0
0.190710166,64,0,0.470994248,6084.0,18,0,0,0,0.0,0,6084.0
0.043692361,77,0,0.014496376,4000.0,6,0,0,0,0.0,0,4000.0
0.041927522,65,0,0.153930832,10900.0,11,0,1,0,3.0,0,2725.0
0.010678636,61,0,0.00369963,10000.0,10,0,0,0,0.0,0,10000.0
0.033676644,58,1,0.205060192,4900.0,25,0,0,0,1.0,1,2450.0
0.9999999,36,0,0.478476002,4041.0,3,0,1,0,2.0,0,1347.0
0.169697907,74,0,0.202629544,9050.0,12,0,1,0,2.0,0,3016.6666666666665
0.610529228,36,0,0.131657974,6326.0,5,0,1,0,1.0,0,3163.0
0.517463584,62,0,0.453668988,5600.0,9,0,2,0,0.0,0,5600.0
765,37,0,0.45478786,12750.0,8,0,2,0,1.0,0,6375.0
0.013699658,64,0,0.00159984,10000.0,3,0,0,0,1.0,0,5000.0
0,81,0,0.001030609,9702.0,4,0,0,0,0.0,0,9702.0
0.963355923,29,1,0.476174608,3000.0,13,0,0,0,0.0,1,3000.0
0.057571577,40,0,0.188184664,7667.0,13,0,1,0,0.0,0,7667.0
0.005464267,67,0,0.141387822,7291.0,8,0,1,0,1.0,0,3645.5
0.007299757,32,0,0.529395138,3537.0,6,0,2,0,0.0,0,3537.0
0.9999999,33,0,0.616055846,4583.0,7,0,2,0,2.0,0,1527.6666666666667
0.9999999,83,3,0.703306524,2237.0,4,0,1,0,1.0,3,1118.5
0.031476677,73,0,0.17876149,8267.0,12,0,1,0,0.0,0,8267.0
0.342610162,50,0,0.206226792,3500.0,5,0,0,0,0.0,0,3500.0
0.080997868,57,0,0.190436242,3575.0,5,0,1,0,0.0,0,3575.0
0.785214785,27,0,0.125074985,3333.0,5,0,0,0,0.0,0,3333.0
0.178139797,36,0,0.408918216,5000.0,10,0,2,0,0.0,0,5000.0
0.116474788,47,0,0.315550287,5060.0,12,0,1,0,2.0,0,1686.6666666666667
0.058941059,28,0,0.080894383,5500.0,4,0,0,0,0.0,0,5500.0
0.878546327,60,0,0.284245108,7000.0,8,0,2,0,0.0,0,7000.0
0.050948726,47,0,0.027099067,2250.0,2,0,0,0,0.0,0,2250.0
0.522831469,48,0,0.445605134,6700.0,8,0,1,0,3.0,0,1675.0
0.237073324,65,0,0.848837209,1547.0,26,0,1,0,0.0,0,1547.0
0.129729815,39,0,0.54279219,7477.0,18,0,3,0,0.0,0,7477.0
100.669.933,57,0,0.608595388,4769.0,7,0,1,0,0.0,0,4769.0
0.057075862,54,0,687.05.00,1.0,8,0,1,0,0.0,0,1.0
100.614.198,39,3,1.696.086.595,1200.0,5,0,1,3,2.0,6,400.0
0.058538799,26,0,0.128827267,1730.0,3,0,0,0,0.0,0,1730.0
0.034990855,62,0,0.252558915,4200.0,4,0,1,0,1.0,0,2100.0
0.001444412,53,0,0.188960516,2481.0,5,0,1,0,0.0,0,2481.0
0.459696518,33,0,0.720710716,1800.0,7,0,1,0,2.0,0,600.0
0.811478812,43,0,0.423453447,4800.0,8,0,0,0,1.0,0,2400.0
0.489434249,43,0,0.230681331,7000.0,14,0,0,0,1.0,0,3500.0
0.093295204,70,0,0.031365314,4877.0,5,0,0,0,0.0,0,4877.0
0.003851709,81,0,0.000822143,3648.0,1,0,0,0,1.0,0,1824.0
0.9999999,42,0,0,5871.0,0,0,0,0,3.0,0,1467.75
0.126235637,65,0,0.427143214,4000.0,7,0,1,0,1.0,0,2000.0
0.001452967,60,0,0.125957765,5350.0,7,0,1,0,1.0,0,2675.0
0.064253952,47,0,0.138817481,3500.0,4,0,0,0,3.0,0,875.0
0.13810546,74,0,0.158874638,2416.0,10,0,0,0,0.0,0,2416.0
0.89040932,56,0,1.946.923.077,1299.0,10,0,1,0,1.0,0,649.5
0.191268028,76,0,0.453091151,6000.0,11,0,1,0,0.0,0,6000.0
0,24,0,0,1.0,1,0,0,0,0.0,0,1.0
0.225144629,47,0,0.294877711,6500.0,11,0,1,0,1.0,0,3250.0
0.029487112,66,0,0.37973043,7715.0,11,0,2,0,1.0,0,3857.5
0.573000565,39,0,0.308076822,3800.0,10,0,0,0,2.0,0,1266.6666666666667
0.187134503,42,0,0.547593352,4632.0,12,0,3,0,2.0,0,1544.0
0.010037832,58,0,0.004385965,9803.0,10,0,0,0,0.0,0,9803.0
0.251849877,50,0,2.190.895.742,9533.0,4,0,0,0,4.0,0,1906.6
0.328830046,37,0,0.005999,6000.0,5,0,0,0,0.0,0,6000.0
0.629397343,40,0,0.467869523,11250.0,12,0,1,0,2.0,0,3750.0
0,53,0,0.17709438,6600.0,4,0,1,0,0.0,0,6600.0
0.04191666,70,0,0.080825959,5084.0,10,0,0,0,1.0,0,2542.0
0.030715822,67,0,0.005453306,4400.0,2,0,0,0,0.0,0,4400.0
0.006269883,35,0,0.468133206,11500.0,19,0,2,0,1.0,0,5750.0
0.44725407,72,0,0.281457465,6476.0,4,0,0,0,0.0,0,6476.0
0.167531461,63,1,0.374925551,6715.0,9,0,1,0,0.0,1,6715.0
0.974792261,32,3,1.383.846.356,3800.0,11,0,3,0,4.0,3,760.0
0.9999999,28,0,0.026567633,7000.0,5,0,0,0,2.0,0,2333.3333333333335
0.988496593,52,5,1.729.668.333,2200.0,14,0,3,1,1.0,6,1100.0
0.033074379,55,0,0.296194721,5833.0,11,0,1,0,0.0,0,5833.0
0.41783897,47,0,1.079.673.626,8333.0,8,0,3,0,0.0,0,8333.0
0.427203677,51,0,114.439.993,5740.0,7,0,2,0,5.0,0,956.6666666666666
0.407810677,28,0,0.395920816,1666.0,9,0,0,0,0.0,0,1666.0
0.114263794,59,0,0.400258023,6200.0,20,0,2,0,0.0,0,6200.0
0.000453118,42,0,0.316202551,13250.0,6,0,2,0,3.0,0,3312.5
0.9999999,46,0,0.026194761,5000.0,1,1,0,0,1.0,1,2500.0
0.486612428,43,0,0.437166006,5800.0,8,0,1,0,2.0,0,1933.3333333333333
0.057133763,82,0,0.018774158,3621.0,3,0,0,0,0.0,0,3621.0
0.486753745,36,0,0.738037553,3301.0,13,0,1,0,1.0,0,1650.5
0.198770251,42,0,0.193292582,6052.0,8,0,1,0,2.0,0,2017.3333333333333
0.358666165,42,0,0.067860866,10550.0,4,0,0,0,2.0,0,3516.6666666666665
0.043349437,64,1,0.342299578,7583.0,11,0,3,0,0.0,1,7583.0
0.020967658,87,0,0.013808976,2606.0,8,0,0,0,0.0,0,2606.0
0.015278769,61,0,0.315807619,5800.0,13,0,2,0,2.0,0,1933.3333333333333
0.9999999,23,1,0.030694669,618.0,0,0,0,0,0.0,1,618.0
0.043312973,49,1,0.450814208,10500.0,19,0,3,0,3.0,1,2625.0
0.130231093,36,0,0.578526381,6500.0,8,0,2,0,0.0,0,6500.0
0.019339613,81,1,0.013131313,2969.0,7,0,0,0,0.0,1,2969.0
0.073782867,50,0,0.240207851,22900.0,13,0,1,0,3.0,0,5725.0
0.446057139,63,0,0.264219669,7137.0,11,0,0,0,0.0,0,7137.0
0.9999999,49,0,0.212510711,3500.0,4,0,1,0,3.0,0,875.0
0.820702887,49,0,0.27496657,14208.0,10,0,2,0,0.0,0,14208.0
0.599431339,50,0,0.507309696,5950.0,8,0,3,0,0.0,0,5950.0
0.107817187,69,0,0.007732302,7500.0,7,0,0,0,0.0,0,7500.0
0.056266621,58,0,0.662452592,8700.0,9,0,3,0,0.0,0,8700.0
0.196254699,53,1,0.354470151,3500.0,14,0,0,0,3.0,1,875.0
0.997500208,34,1,0.122175565,5000.0,8,0,0,0,0.0,1,5000.0
0.067853912,56,0,0.845870594,1900.0,5,0,1,0,2.0,0,633.3333333333334
0.501158699,53,0,0.439031725,6650.0,11,0,1,0,0.0,0,6650.0
0.044246197,71,0,0.530940594,5655.0,8,0,1,0,0.0,0,5655.0
0.063527321,33,0,0.052768006,5400.0,5,0,0,0,2.0,0,1800.0
0.530205779,62,0,0.169971671,6000.0,5,0,0,0,0.0,0,6000.0
0.004416483,74,0,0.012550988,3186.0,5,0,0,0,0.0,0,3186.0
0.006563766,88,0,0.223898139,5104.0,8,0,1,0,0.0,0,5104.0
0.056375583,72,0,0.171016751,7700.0,6,0,1,0,0.0,0,7700.0
0,59,0,0.218854341,19167.0,13,0,2,0,0.0,0,19167.0
0.112585515,75,0,1215,0.0,3,0,1,0,1.0,0,0.0
0.620626984,47,0,0.190587294,15000.0,6,0,0,0,1.0,0,7500.0
0.326248805,47,0,0.389861014,10000.0,15,0,2,0,0.0,0,10000.0
0.434874134,29,0,0.689040208,3083.0,5,0,1,0,0.0,0,3083.0
0.052051262,44,0,0.156179885,10250.0,6,0,1,0,3.0,0,2562.5
0.441094655,41,0,0.244748188,10900.0,8,0,2,0,3.0,0,2725.0
0.77092303,45,0,0.312888672,8200.0,6,0,1,0,2.0,0,2733.3333333333335
0.339026439,39,0,0.228517606,6900.0,10,0,1,0,0.0,0,6900.0
0.441186271,39,0,0.200622084,4500.0,5,0,1,0,1.0,0,2250.0
0.029339601,33,0,0.178385729,12500.0,6,0,1,0,1.0,0,6250.0
1.071.785.184,46,3,6243,0.0,9,4,2,0,0.0,7,0.0
0.227457208,72,0,0.042985671,3000.0,6,0,1,0,0.0,0,3000.0
0.017048713,85,0,18,1.0,4,0,0,0,0.0,0,1.0
0.591252177,29,1,0.304259043,3427.0,11,0,0,0,2.0,1,1142.3333333333333
0.488151185,73,0,0.141038305,18221.0,6,0,2,0,0.0,0,18221.0
0.044402615,70,0,0.533740628,3600.0,19,0,2,0,0.0,0,3600.0
0.521146184,53,0,0.413788487,7469.0,9,0,2,0,2.0,0,2489.6666666666665
0.550079195,48,0,0.619342073,4042.0,19,0,2,0,2.0,0,1347.3333333333333
0.013417938,46,0,0.378771956,6660.0,9,0,1,0,2.0,0,2220.0
0,87,0,0.189465984,4100.0,6,0,1,0,0.0,0,4100.0
0.145903584,59,0,0.479955662,5412.0,4,0,1,0,0.0,0,5412.0
0.00077101,45,0,0.184375727,4300.0,7,0,1,0,1.0,0,2150.0
0.9999999,38,0,1.116.470.882,4000.0,5,0,2,0,2.0,0,1333.3333333333333
0.103781132,61,0,0.867655786,5054.0,13,0,2,0,0.0,0,5054.0
0.9999999,30,0,0.098980204,5000.0,1,1,0,1,2.0,2,1666.6666666666667
0.524534489,51,0,0.311177191,5716.0,16,0,0,0,0.0,0,5716.0
0.9999999,31,0,0.069170772,4871.0,2,0,0,0,3.0,0,1217.75
0.060039998,53,0,0.009738001,4312.0,4,0,0,0,0.0,0,4312.0
0.106042332,63,0,0.093951489,9770.0,10,0,1,0,0.0,0,9770.0
0.372820726,57,0,0.456843288,5340.0,9,0,1,0,0.0,0,5340.0
0.662067586,41,1,0.280336451,17000.0,7,0,2,0,0.0,1,17000.0
0,71,0,0.253394061,22833.0,12,0,2,0,0.0,0,22833.0
0.460515156,45,0,0.301415887,16667.0,12,0,1,0,4.0,0,3333.4
0.9999999,53,0,0.811053985,2333.0,9,0,1,0,0.0,0,2333.0
0.014959106,48,0,0.554973822,2100.0,16,0,0,0,0.0,0,2100.0
0,57,0,0.499583403,6000.0,9,0,2,0,3.0,0,1500.0
0.424525158,68,0,0.310567605,4333.0,3,0,1,0,0.0,0,4333.0
0.001596838,77,0,0.001171417,2560.0,6,0,0,0,0.0,0,2560.0
0.422592098,58,2,0.214348206,8000.0,17,0,2,0,0.0,2,8000.0
0.945224251,61,0,0.353220565,12000.0,12,0,2,0,0.0,0,12000.0
0.028823555,49,2,0.510572037,6100.0,14,0,2,0,0.0,2,6100.0
0.700069067,34,0,0.645081317,10083.0,9,0,2,0,0.0,0,10083.0
0.382567755,58,0,1.659.100.704,6960.0,20,0,3,0,0.0,0,6960.0
0.910584194,37,0,0.408966148,7650.0,11,0,2,0,2.0,0,2550.0
0.9999999,55,1,0.062473969,2400.0,0,0,0,0,1.0,1,1200.0
0.329071487,46,0,0.420642345,6413.0,10,0,1,0,3.0,0,1603.25
0.599700025,30,0,0.185185185,5210.0,4,0,0,0,0.0,0,5210.0
0.762155378,50,2,0.185135811,6000.0,5,1,0,0,1.0,3,3000.0
0.102074569,49,0,0.349365036,3700.0,13,0,1,0,2.0,0,1233.3333333333333
0,60,0,0.207737016,16000.0,9,0,2,0,1.0,0,8000.0
0.099998325,70,0,0.531339402,3844.0,7,0,1,0,0.0,0,3844.0
0.975465822,31,0,0.401623585,4680.0,6,0,1,0,1.0,0,2340.0
0.050084048,84,0,0.049160671,833.0,7,0,0,0,0.0,0,833.0
0.643487294,49,0,0.417240913,7400.0,13,0,1,0,1.0,0,3700.0
0.313240966,60,0,1.471.153.846,1039.0,4,0,1,0,1.0,0,519.5
0.033598108,68,0,0.538092382,5000.0,6,0,2,0,0.0,0,5000.0
0.328048419,79,0,0.396484821,4380.0,6,0,1,0,1.0,0,2190.0
0.024589565,63,0,0.136309095,4166.0,18,0,0,0,0.0,0,4166.0
0.9999999,56,0,0.229245681,2372.0,4,0,0,0,0.0,0,2372.0
0.9999999,22,0,0,200.0,1,0,0,0,0.0,0,200.0
0.020643157,53,0,0.899408284,4900.0,11,0,3,0,0.0,0,4900.0
0.875416389,33,0,0.693665301,3172.0,4,0,1,0,2.0,0,1057.3333333333333
0.03089691,47,0,0.241387337,8591.0,4,0,2,0,0.0,0,8591.0
0,32,0,0.04725863,5416.0,7,0,0,0,0.0,0,5416.0
0.468220736,60,0,0.442730555,6093.0,7,0,1,0,0.0,0,6093.0
0.312479399,71,0,1.059.274.059,3002.0,14,0,1,0,0.0,0,3002.0
0.555345375,67,0,8.055.393.586,1028.0,31,0,2,0,0.0,0,1028.0
0.021638288,75,0,0.23266684,3850.0,5,0,1,0,0.0,0,3850.0
0.035763475,69,0,0.200508998,5500.0,9,0,0,0,1.0,0,2750.0
0.276648223,71,0,1.009.406.232,1700.0,8,0,1,0,0.0,0,1700.0
0.127510833,39,0,0.315296959,13250.0,15,0,2,0,2.0,0,4416.666666666667
0,66,0,0.098416813,10800.0,14,0,2,0,1.0,0,5400.0
0.267844905,67,0,0.406158747,3766.0,13,0,0,0,0.0,0,3766.0
0.054469068,41,0,0.28837693,12500.0,10,0,1,0,2.0,0,4166.666666666667
0.057994957,28,0,0.646264626,2221.0,6,0,1,0,1.0,0,1110.5
0.079526227,35,0,0.76801721,2788.0,5,0,2,0,0.0,0,2788.0
0.519553245,34,0,0.234455959,3859.0,10,0,0,0,1.0,0,1929.5
0.028528766,73,0,0.318087318,4809.0,8,0,1,0,1.0,0,2404.5
0.185666958,41,0,0.251218598,8000.0,11,0,2,0,1.0,0,4000.0
0.036518564,26,0,0.183901919,1875.0,3,0,0,0,0.0,0,1875.0
0.565782222,27,1,0.791558682,2700.0,6,0,1,0,0.0,1,2700.0
0,55,0,0,4333.0,3,0,0,0,0.0,0,4333.0
0.005586075,73,0,0.21811496,5166.0,11,0,1,0,0.0,0,5166.0
0,54,0,0.215932914,3815.0,12,0,0,0,0.0,0,3815.0
0,53,0,0.572488273,9166.0,8,0,1,0,0.0,0,9166.0
0.97049592,61,0,0.170324846,3416.0,8,0,0,0,0.0,0,3416.0
0.34488528,40,0,0.483529668,9167.0,13,0,2,0,2.0,0,3055.6666666666665
1.007.459.133,30,3,0.198080118,5416.0,6,0,0,1,0.0,4,5416.0
131.281.198,29,0,0.271469741,1734.0,3,0,0,2,0.0,2,1734.0
0.000380946,78,1,0.000749906,8000.0,8,0,0,0,0.0,1,8000.0
0.584940312,31,0,0.18036286,2810.0,2,0,0,0,2.0,0,936.6666666666666
0.430706343,37,1,0.142294713,5333.0,9,0,0,0,0.0,1,5333.0
1.001.034.126,58,1,0.224329692,10069.0,5,0,1,0,1.0,1,5034.5
0.833070188,40,1,0.141087672,5166.0,8,0,0,1,0.0,2,5166.0
0.07769741,58,0,0.271491403,2500.0,6,0,1,0,1.0,0,1250.0
0.005458396,50,0,0.312585927,8000.0,9,0,2,0,1.0,0,4000.0
0.116792366,84,0,0.434521826,3000.0,10,0,2,0,0.0,0,3000.0
0.460194637,44,0,0.407014682,4903.0,7,0,1,0,0.0,0,4903.0
0.074127212,56,0,0.231268364,8167.0,10,0,2,0,2.0,0,2722.3333333333335
0.023808682,40,0,0.13593165,10416.0,8,0,2,0,0.0,0,10416.0
0.026425668,65,0,0.103089691,10000.0,10,0,1,0,1.0,0,5000.0
0.29162816,52,1,0.261820454,4800.0,7,0,1,0,0.0,1,4800.0
0.094171162,34,0,0.689682751,3750.0,7,0,2,0,0.0,0,3750.0
0.849061772,41,2,2.063.573.883,2327.0,11,2,1,2,0.0,6,2327.0
0.9999999,59,0,0.300472091,3600.0,2,0,1,0,0.0,0,3600.0
0.896983107,33,0,0.531688643,4701.0,8,0,1,0,1.0,0,2350.5
0.036160573,49,1,4.909.454.061,750.0,18,0,2,0,0.0,1,750.0
0.480731987,38,1,0.57010053,9250.0,10,0,4,0,0.0,1,9250.0
0.022157217,76,0,0.008390142,3813.0,5,0,0,0,0.0,0,3813.0
0.057378699,63,0,0.03309669,10000.0,6,0,0,0,1.0,0,5000.0
0.9999999,55,0,0.420079441,7300.0,2,0,2,0,0.0,0,7300.0
0.004530848,79,0,0.00085702,7000.0,5,0,0,0,0.0,0,7000.0
0.9999999,26,0,0.211375865,1300.0,8,0,0,0,1.0,0,650.0
0.129629012,64,0,0.180972628,7525.0,8,0,1,0,0.0,0,7525.0
0.24441916,38,0,0.561049625,5601.0,17,0,1,0,1.0,0,2800.5
0,48,0,0.241925777,4984.0,7,0,1,0,1.0,0,2492.0
0.003324161,73,0,0.002855103,1400.0,4,0,0,0,0.0,0,1400.0
0.274741703,30,0,0.166851811,4500.0,7,0,0,0,0.0,0,4500.0
0.676058898,55,0,0.110889111,1000.0,3,0,0,0,0.0,0,1000.0
0.413400637,45,0,0.413746265,3680.0,9,0,1,0,0.0,0,3680.0
0.750071424,48,3,0.478586902,6000.0,8,0,1,0,0.0,3,6000.0
0.098150308,66,0,0.007080383,2400.0,4,0,0,0,0.0,0,2400.0
0.644149264,61,0,0.569508879,6250.0,10,0,1,0,2.0,0,2083.3333333333335
0.037191471,54,0,0.172349889,10791.0,10,0,1,0,0.0,0,10791.0
0.038294584,70,0,0.383206775,32000.0,9,0,3,0,0.0,0,32000.0
0.931503504,60,0,0.353173484,7089.0,13,0,0,0,1.0,0,3544.5
0.011980539,69,0,0.007197121,2500.0,8,0,0,0,0.0,0,2500.0
0.109292045,45,0,0.56774916,6250.0,22,0,1,0,2.0,0,2083.3333333333335
0.002814763,77,0,0.009488212,3477.0,8,0,0,0,0.0,0,3477.0
0,30,0,0,2500.0,2,0,0,0,0.0,0,2500.0
0.944001965,57,0,0.578416791,6050.0,7,0,2,0,0.0,0,6050.0
0.007074823,32,0,0.07783531,5986.0,3,0,0,0,0.0,0,5986.0
0,53,0,0.630466591,6150.0,13,0,2,0,1.0,0,3075.0
0.126597721,70,0,0.35882194,3700.0,11,0,1,0,0.0,0,3700.0
0.110796777,44,0,0.418516297,5000.0,12,0,2,0,3.0,0,1250.0
0.920776102,64,1,0.720086083,6969.0,16,0,1,0,2.0,1,2323.0
0.379159656,46,0,0.387646945,10377.0,18,0,2,0,3.0,0,2594.25
0.9999999,32,1,0.121794872,5615.0,4,1,0,0,1.0,2,2807.5
0,62,0,0.349946162,6500.0,18,0,0,0,2.0,0,2166.6666666666665
0.197040148,66,0,0.02082598,5665.0,1,0,0,0,0.0,0,5665.0
0.579407068,48,0,0.774896266,5783.0,19,0,2,0,1.0,0,2891.5
0.217561776,47,1,0.387889175,3500.0,14,0,1,0,2.0,1,1166.6666666666667
0.866323559,57,0,0.309406362,5878.0,8,0,2,0,0.0,0,5878.0
0.531996036,39,0,0.501191737,7551.0,7,0,2,0,2.0,0,2517.0
0,73,0,0.237229102,2583.0,9,0,1,0,0.0,0,2583.0
0.899271678,44,3,0.344002269,45833.0,15,0,3,0,3.0,3,11458.25
1.391.014.975,37,1,2.103.792.415,500.0,3,1,1,0,0.0,2,500.0
0.133775392,29,0,0.258802287,9968.0,6,0,2,0,0.0,0,9968.0
0.019139302,43,0,8.007.968.127,250.0,11,0,1,0,2.0,0,83.33333333333333
0.173965207,33,0,0.822483841,4331.0,7,0,3,0,0.0,0,4331.0
0.001113896,75,0,0.250699212,3932.0,9,0,1,0,0.0,0,3932.0
0.833986997,45,3,0.904773807,4000.0,14,1,1,1,1.0,5,2000.0
0.119776045,26,0,17,0.0,2,0,0,0,0.0,0,0.0
0.424715057,63,0,0.021214338,4100.0,2,0,0,0,0.0,0,4100.0
0.935011256,38,0,0.391154367,8116.0,8,0,1,0,2.0,0,2705.3333333333335
0.05234587,65,1,1.280.929.768,4000.0,11,0,4,0,0.0,1,4000.0
0.51454156,56,0,0.767051645,4588.0,11,0,2,0,1.0,0,2294.0
0.031339031,50,1,0.355433171,4720.0,7,1,1,0,3.0,2,1180.0
0.035586651,54,0,0.395606424,5416.0,8,0,2,0,1.0,0,2708.0
0.04395317,37,0,4685,0.0,6,0,1,0,2.0,0,0.0
0.099641745,38,0,0.263962279,12300.0,15,0,1,0,2.0,0,4100.0
0.008690143,56,0,0.328863606,7382.0,14,0,2,0,0.0,0,7382.0
0.642506073,37,0,0.576440647,5500.0,10,0,1,0,0.0,0,5500.0
0.020025925,53,0,0.353411647,4000.0,8,0,1,0,0.0,0,4000.0
0.9999999,51,0,0,6928.0,0,0,0,0,1.0,0,3464.0
0.007352797,75,0,0.0029994,3333.0,7,0,0,0,0.0,0,3333.0
0.991002999,23,0,0.204530313,1500.0,2,0,0,0,0.0,0,1500.0
0.247939468,33,1,0.191269577,3000.0,7,0,0,1,0.0,2,3000.0
0.020699704,51,0,0.265573443,10000.0,8,0,1,0,0.0,0,10000.0
0.049441357,65,0,0.222987872,3627.0,22,0,1,0,0.0,0,3627.0
0.080361738,39,0,0.329374697,4125.0,6,0,1,0,2.0,0,1375.0
0.099330913,59,0,0.100816531,6000.0,22,0,0,0,1.0,0,3000.0
0.488073132,54,0,0.285142971,5000.0,8,0,2,0,0.0,0,5000.0
0.026292219,43,1,0.13451731,16666.0,11,0,1,0,2.0,1,5555.333333333333
0.054760771,56,0,0.727818045,4000.0,5,0,1,0,0.0,0,4000.0
0.469506099,33,0,0.306620209,4591.0,4,0,1,0,3.0,0,1147.75
0.074430852,81,0,0.080669145,5379.0,5,0,1,0,1.0,0,2689.5
0.280059161,36,0,0.458857082,9466.0,19,0,1,0,3.0,0,2366.5
0.049790042,53,0,0.356683587,2954.0,9,0,1,0,2.0,0,984.6666666666666
0.134590228,53,0,0.575542446,10000.0,15,0,3,0,0.0,0,10000.0
0.681682958,68,0,0.293521187,9368.0,8,0,1,0,0.0,0,9368.0
0.00494417,59,0,0.000210504,9500.0,2,0,0,0,0.0,0,9500.0
0.980001942,25,0,0.480288728,1800.0,4,0,0,0,0.0,0,1800.0
0.109708249,55,0,0.245343565,14334.0,10,0,1,0,2.0,0,4778.0
0.050543617,47,0,0.300385659,7000.0,11,0,0,0,1.0,0,3500.0
0.018164574,58,0,0.005580098,4300.0,10,0,0,0,0.0,0,4300.0
0.051687443,44,0,0.00219989,20000.0,7,0,0,0,0.0,0,20000.0
0,72,0,0.276490578,3236.0,4,0,0,0,0.0,0,3236.0
0.33976247,43,0,0.345067483,7186.0,7,0,2,0,2.0,0,2395.3333333333335
0.001863552,77,0,0.068896564,5500.0,5,0,0,0,0.0,0,5500.0
0.512280482,41,0,0.480875956,6666.0,7,0,1,0,2.0,0,2222.0
0.833563618,49,0,1.303.719.447,4704.0,10,0,2,0,2.0,0,1568.0
0.032875784,61,1,0.366211263,3000.0,8,0,2,0,0.0,1,3000.0
0.583927009,54,0,0.283436909,3700.0,9,0,1,0,0.0,0,3700.0
0.030823021,76,0,0.013421707,6034.0,9,0,0,0,1.0,0,3017.0
0.394039899,27,0,0.409683064,5142.0,9,0,1,0,1.0,0,2571.0
0.112688023,50,0,0.236884525,13647.0,19,0,4,0,1.0,0,6823.5
0.911711295,38,1,0.143121816,6476.0,12,0,0,0,0.0,1,6476.0
0,49,0,0.372744155,21000.0,9,0,2,0,2.0,0,7000.0
1.236.684.217,38,0,0.369170477,7654.0,9,0,1,0,2.0,0,2551.3333333333335
0.515310471,56,0,0.641110969,7812.0,10,0,3,0,1.0,0,3906.0
0.439141912,63,1,0.451043876,8956.0,12,0,3,0,1.0,1,4478.0
0.038626081,80,0,0.015996001,4000.0,3,0,0,0,0.0,0,4000.0
0.049761208,70,0,1.119.094.045,6666.0,20,0,4,0,0.0,0,6666.0
0.362885768,49,0,0.418019111,6592.0,13,0,1,0,2.0,0,2197.3333333333335
0.399520096,50,0,0.817891374,1877.0,12,0,1,0,0.0,0,1877.0
0.042992466,74,0,0.173612887,7821.0,7,0,1,0,0.0,0,7821.0
0.182317119,36,0,0.757452324,5400.0,9,0,1,0,0.0,0,5400.0
0,35,0,0.516796641,3333.0,8,0,1,0,2.0,0,1111.0
0.00170965,67,0,0.211857429,8500.0,7,0,1,0,0.0,0,8500.0
0.983350416,72,0,0.311530555,5350.0,5,0,0,0,0.0,0,5350.0
0.214833722,56,0,0.470745939,6340.0,16,0,1,0,0.0,0,6340.0
0.9999999,57,0,0.378332771,2962.0,2,1,1,0,0.0,1,2962.0
0.49912951,80,0,0.513155125,4750.0,14,0,0,0,0.0,0,4750.0
0.467890699,44,0,0.445710858,5000.0,7,0,1,0,0.0,0,5000.0
0.280357852,47,0,0.873590982,3725.0,11,0,1,0,4.0,0,745.0
0.06187785,58,1,0.229855403,16666.0,11,0,2,0,0.0,1,16666.0
0.9999999,60,3,0.400194584,6166.0,2,0,1,1,0.0,4,6166.0
0.997108782,72,0,0.362669503,3760.0,13,0,2,0,0.0,0,3760.0
0.932854339,57,1,0.61277356,8955.0,8,0,2,0,2.0,1,2985.0
0.950238582,47,0,0.237487537,5014.0,7,1,0,0,2.0,1,1671.3333333333333
0.32896076,47,0,0.379675371,2833.0,10,0,0,1,0.0,1,2833.0
0.015569558,51,0,0.153890106,10500.0,12,0,1,0,3.0,0,2625.0
0,54,1,0.141968451,4500.0,6,0,0,0,0.0,1,4500.0
0.909306201,66,0,0.417904204,4780.0,19,0,0,1,0.0,1,4780.0
0.372992255,47,2,0.661725781,11333.0,21,0,3,0,3.0,2,2833.25
0.685213603,28,0,0.241502683,3912.0,5,0,0,0,0.0,0,3912.0
1.013.062.409,32,0,0.900271985,2205.0,5,0,1,0,3.0,0,551.25
0.9999999,60,1,0.248418248,6005.0,1,6,0,4,0.0,11,6005.0
0.957251781,40,1,0.578067597,5443.0,12,0,1,0,2.0,1,1814.3333333333333
0.9999999,34,2,0.654880861,1300.0,4,0,0,0,0.0,2,1300.0
0.528015948,55,0,0.305722211,15500.0,9,0,2,0,2.0,0,5166.666666666667
0.001848239,31,0,0.486978238,2802.0,8,0,1,0,1.0,0,1401.0
0.435599299,64,0,0.234642255,4150.0,13,0,0,0,0.0,0,4150.0
0.188032965,52,0,1.012.204.622,3850.0,14,0,2,0,1.0,0,1925.0
0.571142878,67,0,0.153358682,3155.0,3,0,1,0,0.0,0,3155.0
0.664544515,76,1,0.334314708,15963.0,7,0,3,0,0.0,1,15963.0
0.261268653,49,0,0.028701151,6166.0,7,0,0,0,1.0,0,3083.0
0.13285336,54,0,0.253413353,13329.0,9,0,2,0,0.0,0,13329.0
0.20739658,33,0,0.140747577,4333.0,6,0,0,0,1.0,0,2166.5
4.66E-05,42,0,0.32459513,8582.0,14,0,1,0,2.0,0,2860.6666666666665
0.075881526,41,0,0.384172947,10083.0,16,0,2,0,2.0,0,3361.0
0.9999999,32,0,0.026263165,7500.0,3,1,0,0,0.0,1,7500.0
0.005309457,58,0,0.442843137,10199.0,12,0,1,0,0.0,0,10199.0
0.0590122,79,0,0.028657114,3000.0,6,0,0,0,0.0,0,3000.0
0.131140841,50,0,0.586555663,14533.0,12,0,7,0,2.0,0,4844.333333333333
0.111728815,46,0,2736,0.0,15,0,1,0,3.0,0,0.0
0.651199766,55,0,0.601693561,6258.0,8,0,2,0,0.0,0,6258.0
0.142394223,41,0,0.575486715,8166.0,12,0,2,0,0.0,0,8166.0
0.396180542,82,1,0.40874036,3500.0,5,0,0,1,0.0,2,3500.0
0.036937893,68,0,1.112.203.217,7833.0,14,0,4,0,0.0,0,7833.0
0.23254142,56,1,0.183645614,8058.0,8,0,2,1,0.0,2,8058.0
0.880597015,35,3,0.87534153,8783.0,11,1,4,2,2.0,6,2927.6666666666665
0.033785766,48,0,0.363649202,7080.0,8,0,2,0,2.0,0,2360.0
0.979204159,29,1,0.098725319,4000.0,5,0,0,0,3.0,1,1000.0
0.084636538,59,0,0.435011816,5500.0,8,0,1,0,0.0,0,5500.0
0.737262737,63,0,0.213898164,9583.0,9,1,2,1,0.0,2,9583.0
0.077912029,32,0,0.149962509,4000.0,4,0,0,0,0.0,0,4000.0
0.175434349,47,0,0.149077983,4500.0,9,0,0,0,0.0,0,4500.0
0.075188926,52,0,0.533352378,7000.0,11,0,1,0,1.0,0,3500.0
0.013239914,89,0,0.004521167,4865.0,6,0,0,0,0.0,0,4865.0
0.546227802,66,0,0.242557016,8900.0,4,0,1,0,1.0,0,4450.0
0.001211974,41,0,0.311651405,6333.0,7,0,2,0,2.0,0,2111.0
0.9999999,28,0,0,600.0,1,0,0,0,0.0,0,600.0
0.064062396,47,0,0.298745426,3825.0,5,0,1,0,3.0,0,956.25
0.046076725,61,0,0.594175728,8000.0,9,0,2,0,2.0,0,2666.6666666666665
0.013532431,72,0,0.00239904,2500.0,4,0,0,0,0.0,0,2500.0
0.103356405,62,1,0.59655708,7725.0,17,0,2,0,1.0,1,3862.5
0.063329564,37,0,0.329935275,6179.0,6,0,1,0,3.0,0,1544.75
0.627471745,53,0,1.470.780.994,1830.0,11,0,1,0,2.0,0,610.0
0.9999999,34,1,0.894105894,1000.0,1,0,1,0,3.0,1,250.0
0.634130247,31,0,0.371001986,14600.0,14,0,3,0,3.0,0,3650.0
0.02429919,45,0,0.797250859,3200.0,7,0,2,1,2.0,1,1066.6666666666667
0.303710287,36,1,0.509619755,6600.0,5,9,1,1,2.0,11,2200.0
0.049092712,55,0,0.324469674,3346.0,2,0,1,0,0.0,0,3346.0
0.90290243,39,0,0.329758226,5500.0,12,2,0,1,2.0,3,1833.3333333333333
0.124760567,28,0,0.841541756,1400.0,6,0,0,0,0.0,0,1400.0
0.890246612,47,0,0.220945502,18275.0,7,0,3,0,0.0,0,18275.0
0.024475587,78,0,0.282139184,5833.0,10,0,1,0,0.0,0,5833.0
0.279900008,47,0,0.140242988,20000.0,7,0,2,0,2.0,0,6666.666666666667
0.93276002,47,0,0.934604044,9495.0,14,0,2,0,2.0,0,3165.0
0.197587712,34,1,0.284868319,6416.0,10,0,1,0,1.0,1,3208.0
0.047950098,40,0,0.277446027,2176.0,6,0,0,0,2.0,0,725.3333333333334
0.631688139,47,0,0.51237502,6100.0,15,0,1,0,5.0,0,1016.6666666666666
0.021450498,42,0,0.012794882,2500.0,13,0,0,0,0.0,0,2500.0
0.182486042,53,0,0.217972753,8000.0,8,0,1,0,2.0,0,2666.6666666666665
0.91830129,56,0,0.336536859,18000.0,12,0,2,0,0.0,0,18000.0
0.04103547,60,0,0.261399299,5416.0,27,0,2,0,0.0,0,5416.0
0,52,0,0.400481392,5400.0,13,0,2,0,1.0,0,2700.0
0.003043289,39,2,0.06617234,8900.0,7,0,0,0,0.0,2,8900.0
0.02807998,48,0,0.094932191,1400.0,7,0,0,0,0.0,0,1400.0
0.153956043,79,0,0.23911553,5833.0,17,0,1,0,1.0,0,2916.5
0.007168654,59,0,0.150606174,8000.0,13,0,2,0,0.0,0,8000.0
0.456514495,45,0,0.410894875,11766.0,5,0,3,0,2.0,0,3922.0
0.525173741,41,0,0.473242141,4166.0,6,0,1,0,0.0,0,4166.0
0.083263891,38,0,0.014464425,5115.0,3,0,0,0,0.0,0,5115.0
0.279295885,53,0,0.061459489,7207.0,12,0,0,0,3.0,0,1801.75
0.081035313,64,0,0.282907662,4580.0,8,0,1,0,0.0,0,4580.0
0.667771474,27,0,0.274493002,3500.0,8,0,0,0,2.0,0,1166.6666666666667
0.9999999,25,0,0,820.0,1,0,0,0,0.0,0,820.0
0,53,0,0.421883877,8800.0,14,0,3,0,0.0,0,8800.0
0.252385841,60,0,0.709258148,5000.0,3,0,1,0,0.0,0,5000.0
0.827780063,56,0,0.293633975,11796.0,10,0,0,0,1.0,0,5898.0
0.01013902,30,0,0.00279888,2500.0,4,0,0,0,0.0,0,2500.0
0.100453502,78,0,0.124479253,6000.0,6,0,0,0,0.0,0,6000.0
0.027762241,48,0,0.250121497,6172.0,7,0,1,0,1.0,0,3086.0
0.066049588,46,0,0.366233395,7000.0,11,0,2,0,3.0,0,1750.0
0.318692045,41,0,0.460316043,11200.0,15,0,4,0,3.0,0,2800.0
0.086546813,49,0,0.197943445,3500.0,9,0,0,0,0.0,0,3500.0
0.161111912,68,0,0.464124294,3539.0,11,0,1,0,0.0,0,3539.0
0.52841993,60,0,0.240646613,12000.0,8,0,1,0,1.0,0,6000.0
0.275718451,22,0,0.236085627,1634.0,3,0,0,0,0.0,0,1634.0
0.435761392,47,1,0.125854891,13451.0,11,0,1,0,0.0,1,13451.0
0.939488785,47,0,0.216786818,3883.0,6,0,0,0,4.0,0,776.6
0.070839896,47,0,0.274055595,8417.0,3,0,1,0,0.0,0,8417.0
0.707127093,51,2,0.449044027,5700.0,14,0,2,0,1.0,2,2850.0
0.44766787,55,0,0.212412712,14033.0,13,0,1,0,0.0,0,14033.0
0.046919796,50,0,0.251479043,12000.0,14,0,2,0,1.0,0,6000.0
0.612077584,26,0,0.215892054,2000.0,6,0,0,0,1.0,0,1000.0
0,60,0,0.116359628,6350.0,5,0,1,0,0.0,0,6350.0
0.059033669,40,0,0.273960863,7000.0,11,0,2,0,1.0,0,3500.0
0.082287387,70,0,0.691378592,2400.0,9,0,2,0,1.0,0,1200.0
0.380139152,50,0,0.410239317,15000.0,11,0,3,0,5.0,0,2500.0
0.095295537,51,0,0.215923615,13300.0,11,0,2,0,3.0,0,3325.0
0.165728683,59,0,0.375497871,7280.0,20,0,1,0,0.0,0,7280.0
0.764023211,35,1,0.331487634,5417.0,7,0,1,1,0.0,2,5417.0
0.887571346,41,2,0.690563277,4100.0,10,1,0,1,3.0,4,1025.0
0.92979667,33,0,0.205322013,9657.0,9,0,1,0,2.0,0,3219.0
0.06232264,54,0,1.010.319.174,4166.0,10,0,4,0,1.0,0,2083.0
0,41,0,0.078658074,5275.0,4,0,0,0,2.0,0,1758.3333333333333
0,83,0,0,1998.0,4,0,0,0,0.0,0,1998.0
0,63,3,0.352739321,8450.0,15,0,1,0,0.0,3,8450.0
0,59,0,0.223497824,10800.0,16,0,1,0,1.0,0,5400.0
0.959258622,46,0,0.189431877,5790.0,10,0,0,0,3.0,0,1447.5
0.230288073,70,1,0.345808109,5450.0,14,0,1,0,0.0,1,5450.0
0.123325112,52,0,0.252872096,7833.0,4,0,1,0,0.0,0,7833.0
0.113882749,48,0,0.677655678,1364.0,7,0,0,0,0.0,0,1364.0
0.677013423,44,2,0.477268254,15242.0,19,0,4,0,1.0,2,7621.0
0.202962002,32,1,0.383037407,5800.0,8,0,1,0,1.0,1,2900.0
0.826948541,59,0,0.63621489,3666.0,19,0,1,0,0.0,0,3666.0
0.088703073,53,0,70,0.0,3,0,0,0,0.0,0,0.0
0.101457971,48,0,0.179646819,8833.0,7,0,2,0,3.0,0,2208.25
0.148388129,37,0,0.262028384,8666.0,8,0,2,0,0.0,0,8666.0
0.005921893,64,0,0.250061897,4038.0,18,0,2,0,0.0,0,4038.0
0.879750246,42,0,0.385681909,7500.0,6,0,1,0,3.0,0,1875.0
0.078563095,62,0,0.277581745,4250.0,9,0,1,0,0.0,0,4250.0
0.005841295,46,1,0.247597078,2600.0,8,1,0,0,2.0,2,866.6666666666666
0.0471002,30,0,0.088026981,5929.0,5,0,0,0,1.0,0,2964.5
0.043579946,62,0,0.192840849,5698.0,9,0,1,0,0.0,0,5698.0
0.9999999,48,0,0.000217344,4600.0,1,0,0,0,1.0,0,2300.0
0,77,0,0.310168983,10000.0,6,0,2,0,1.0,0,5000.0
0.031311502,76,0,0.017096882,2982.0,11,0,0,0,0.0,0,2982.0
0.305814788,33,0,0.34755366,7500.0,9,0,1,0,0.0,0,7500.0
0.0506083,62,0,0.003063725,9791.0,5,0,0,0,0.0,0,9791.0
0,34,0,0.35113387,4100.0,5,0,1,0,0.0,0,4100.0
0.563710191,54,0,0.369625597,9000.0,6,0,1,0,0.0,0,9000.0
0.002451723,54,0,0.263615696,10116.0,14,0,1,0,2.0,0,3372.0
0.350188783,54,0,0.493688289,8000.0,18,0,1,0,2.0,0,2666.6666666666665
0.126504247,57,0,0.333817126,6200.0,8,0,2,0,0.0,0,6200.0
0.322466372,62,0,0.556599553,6704.0,17,0,2,0,0.0,0,6704.0
0.325960764,44,0,0.349460216,2500.0,15,0,0,0,2.0,0,833.3333333333334
0.074080947,34,0,0.025437965,4166.0,6,0,0,0,0.0,0,4166.0
0.9999999,25,0,0,2640.0,0,0,0,0,1.0,0,1320.0
0.38149859,48,0,0.432533438,5083.0,5,0,1,0,0.0,0,5083.0
0.233600071,48,2,0.260111531,15600.0,22,0,1,0,0.0,2,15600.0
0.065258947,53,0,0.172982774,5514.0,13,0,1,0,0.0,0,5514.0
0,49,0,0.151983395,8671.0,5,0,1,0,0.0,0,8671.0
0.164192764,53,0,0.410678972,1516.0,5,0,0,0,2.0,0,505.3333333333333
0.383251543,27,0,0.888888889,800.0,15,0,0,0,2.0,0,266.6666666666667
0.363246347,61,0,0.128885657,5500.0,5,0,0,0,0.0,0,5500.0
0.260534014,63,0,3.941.386.901,3633.0,13,0,1,0,0.0,0,3633.0
0.580373767,56,0,0.177358491,12454.0,7,0,2,0,1.0,0,6227.0
0.146492675,33,0,0.152369526,5000.0,5,0,0,0,0.0,0,5000.0
0.398519324,34,2,0.218392352,7426.0,11,0,0,0,0.0,2,7426.0
0.786839361,32,0,0.071436507,9000.0,6,2,0,1,4.0,3,1800.0
0.176534755,55,2,0.420998456,1942.0,5,0,1,0,1.0,2,971.0
0.010265982,63,0,0.299915038,2353.0,2,0,1,0,0.0,0,2353.0
0.13563706,47,1,0.505325603,7416.0,17,0,3,0,1.0,1,3708.0
0.020219157,74,0,0.10286603,4500.0,7,0,0,0,1.0,0,2250.0
0,33,0,0.522191124,2500.0,6,0,1,0,0.0,0,2500.0
0.1143356,42,0,0.330291071,8107.0,9,0,1,0,3.0,0,2026.75
0.045875279,50,0,0.148570643,7275.0,12,0,2,0,2.0,0,2425.0
0.489699164,61,0,0.054784333,4033.0,9,0,0,0,0.0,0,4033.0
0.293824993,42,0,0.161827594,4442.0,3,0,0,0,3.0,0,1110.5
0.879941337,36,0,"0,348611111",3999.0,6,0,2,0,1.0,0,1999.5
0.048469163,44,0,0.103403141,4583.0,4,0,0,0,0.0,0,4583.0
0.747354387,49,1,2.472.204.872,1600.0,9,5,2,2,1.0,8,800.0
0.202042107,41,0,0.350271285,9583.0,13,0,2,0,1.0,0,4791.5
0.258855586,34,1,0.018681319,7279.0,7,1,0,0,1.0,2,3639.5
0.382755329,67,0,0.568300984,10870.0,10,0,2,0,0.0,0,10870.0
0.137694496,62,0,0.600399886,3500.0,16,0,1,0,0.0,0,3500.0
0.610778443,78,1,0.005291005,1700.0,3,0,0,1,0.0,2,1700.0
0.005731607,79,0,0.204914619,2400.0,12,0,0,0,0.0,0,2400.0
0.180818107,44,0,0.289551068,5100.0,24,0,0,0,2.0,0,1700.0
0.640011338,48,1,0.380431064,8768.0,9,0,3,0,0.0,1,8768.0
0.110652098,82,0,0.149970006,5000.0,4,0,1,0,0.0,0,5000.0
0.671517276,37,0,0.387526779,4200.0,12,0,0,0,0.0,0,4200.0
0.051751069,40,0,0.301857262,9583.0,13,0,2,0,4.0,0,1916.6
0.9999999,36,0,1612,0.0,3,0,1,0,1.0,0,0.0
0.06253873,59,1,0.235650957,15000.0,10,0,2,0,0.0,1,15000.0
0,37,0,0.343001443,6929.0,5,0,1,0,3.0,0,1732.25
0.268666521,27,1,0.538764783,760.0,9,0,0,0,0.0,1,760.0
0.008987806,74,0,0.415146213,4000.0,27,0,2,0,0.0,0,4000.0
0.1246441,39,0,0.010427082,7000.0,4,0,0,1,0.0,1,7000.0
0.017317919,69,0,0.288602533,4500.0,9,0,1,0,0.0,0,4500.0
0.02506611,46,0,0.008999182,3666.0,4,0,0,0,0.0,0,3666.0
0.666002322,73,1,0.341584505,14300.0,14,0,2,0,2.0,1,4766.666666666667
0.056483707,40,0,0.323191201,14000.0,12,0,1,0,0.0,0,14000.0
0.9999999,45,0,0.337066069,6250.0,11,0,1,0,2.0,0,2083.3333333333335
0.079708692,49,0,0.629109671,8333.0,15,0,3,0,3.0,0,2083.25
0.324249599,44,0,0.262032823,7250.0,9,0,1,0,0.0,0,7250.0
0.205287676,61,0,0.365565175,8200.0,8,0,2,0,1.0,0,4100.0
0.031794732,85,1,0.60516129,1549.0,7,0,1,0,0.0,1,1549.0
0.37217336,74,0,0.94865643,2083.0,8,0,1,0,0.0,0,2083.0
0.016997241,78,0,0.008498938,8000.0,9,0,0,0,0.0,0,8000.0
0.061846723,40,0,0.235487241,6700.0,5,0,1,0,0.0,0,6700.0
0,50,0,0.358836086,8900.0,8,0,1,0,0.0,0,8900.0
0.135637005,61,0,0.103494825,20000.0,9,0,1,0,0.0,0,20000.0
0.981818182,28,1,0.199636474,3300.0,5,0,0,1,3.0,2,825.0
0.9999999,23,0,0.02247191,800.0,1,0,0,0,0.0,0,800.0
0.020726695,61,0,0.745133454,4982.0,17,0,3,0,1.0,0,2491.0
0,46,0,0.241732121,9675.0,15,0,1,0,2.0,0,3225.0
0.137376372,30,0,0.820051414,3500.0,28,0,1,0,0.0,0,3500.0
0.033256032,52,0,0.319679565,6615.0,8,0,1,0,3.0,0,1653.75
0,37,0,0.460615754,2500.0,5,0,1,0,0.0,0,2500.0
0.019455253,65,0,0.00259948,5000.0,4,0,0,0,0.0,0,5000.0
0.352288748,50,0,0.183236202,5833.0,7,0,0,0,0.0,0,5833.0
0.012600792,44,0,1.219.945.014,4000.0,10,0,3,0,3.0,0,1000.0
0.405442425,40,0,0.177634834,4041.0,4,0,0,1,2.0,1,1347.0
0.164887502,62,0,0.340376291,23332.0,13,0,4,0,0.0,0,23332.0
0,44,0,0.062393647,3525.0,5,0,0,0,1.0,0,1762.5
0.9999999,32,2,0.020583717,9764.0,2,0,0,0,4.0,2,1952.8
0.767113743,68,2,0.061191841,7500.0,8,0,0,0,1.0,2,3750.0
0.884682042,44,0,0.386661334,10000.0,2,0,1,0,2.0,0,3333.3333333333335
0.378989473,54,0,0.333440274,9350.0,5,0,1,0,3.0,0,2337.5
0.054569696,56,0,0.519437979,11600.0,5,0,2,0,0.0,0,11600.0
0.093490651,41,0,0.224409449,5333.0,7,0,2,0,3.0,0,1333.25
0.654756959,28,0,0.078314687,4200.0,10,0,0,0,0.0,0,4200.0
0.051938748,57,0,0.446944132,8000.0,6,0,1,0,2.0,0,2666.6666666666665
0.102641509,50,0,0.871595331,3083.0,12,0,2,0,0.0,0,3083.0
0.985018727,64,0,0.148961077,3416.0,2,4,0,0,0.0,4,3416.0
0.029709423,48,0,0.310922269,4000.0,16,0,1,0,3.0,0,1000.0
0.025887011,82,1,0.016198704,925.0,1,0,0,0,0.0,1,925.0
0.009605363,48,0,0.218664079,6182.0,7,0,1,0,3.0,0,1545.5
0.016748821,52,1,0.195182131,15400.0,14,0,3,0,3.0,1,3850.0
0.327191531,59,0,0.381167493,22800.0,17,0,2,0,1.0,0,11400.0
0.122738815,49,1,0.149508039,8333.0,10,0,1,1,0.0,2,8333.0
0.9999999,41,0,0,3300.0,0,1,0,0,1.0,1,1650.0
0.040956663,60,0,0.093681386,4098.0,9,0,0,0,2.0,0,1366.0
0.703317656,59,2,0.117018481,11416.0,7,0,0,0,0.0,2,11416.0
0.9999999,34,0,0.39869281,7343.0,8,0,1,0,1.0,0,3671.5
0.934106873,54,0,0.650206681,8950.0,12,0,2,0,0.0,0,8950.0
1.426.294.821,37,1,1.066.404.855,2800.0,5,1,1,0,0.0,2,2800.0
0.326858646,47,0,0.433244043,7092.0,20,0,1,0,0.0,0,7092.0
0.141192513,63,0,0.146092695,6666.0,5,0,1,0,0.0,0,6666.0
0.576933681,48,0,0.534296029,3600.0,5,0,1,0,1.0,0,1800.0
0,42,0,0.107048375,10583.0,6,0,1,0,0.0,0,10583.0
0.004796973,75,0,0.000315507,6338.0,3,0,0,0,0.0,0,6338.0
0.054860487,49,0,0.201336877,12416.0,10,0,1,0,2.0,0,4138.666666666667
0.282912933,66,0,0.600291606,4800.0,22,0,3,0,0.0,0,4800.0
0.895701433,27,0,0.45508982,500.0,4,0,0,0,0.0,0,500.0
0.091051011,45,0,0.386300787,4700.0,9,0,2,0,4.0,0,940.0
1,48,0,0.628058104,2615.0,9,0,0,0,0.0,0,2615.0
0.689250396,58,0,0.485873736,8600.0,13,0,2,0,0.0,0,8600.0
0.22076797,36,0,0.49350415,5541.0,16,0,2,0,0.0,0,5541.0
0.43348384,48,0,0.241789624,2100.0,6,0,0,0,0.0,0,2100.0
0.271564858,54,0,228.047.968,1500.0,16,0,2,0,0.0,0,1500.0
0.061875169,62,1,0.46566949,5548.0,6,1,2,3,1.0,5,2774.0
0.001452346,76,0,0.000243843,4100.0,7,0,0,0,0.0,0,4100.0
0.9999999,40,0,0.154759022,4128.0,2,5,2,0,0.0,5,4128.0
0.093447921,35,0,0.595563658,3290.0,10,0,0,0,0.0,0,3290.0
0.176102987,38,0,0.644701692,4491.0,4,0,2,0,3.0,0,1122.75
0.323876095,49,0,0.122748858,11160.0,11,0,0,0,2.0,0,3720.0
0.168724047,32,0,0.298081214,2240.0,9,0,0,0,1.0,0,1120.0
0.027034098,39,0,0.264957265,8891.0,10,0,5,0,0.0,0,8891.0
0.411821894,34,0,0.229577042,10000.0,7,0,2,0,0.0,0,10000.0
0.204575253,43,0,0.260972716,5900.0,11,0,1,0,3.0,0,1475.0
0.9999999,35,98,0,1700.0,1,98,0,98,1.0,294,850.0
0.030383225,50,0,0.259894852,10080.0,13,0,2,0,3.0,0,2520.0
0.010359631,65,0,0.19054183,9430.0,13,0,2,0,0.0,0,9430.0
0.239902613,57,0,0.77316152,4500.0,5,0,1,0,0.0,0,4500.0
0.259592583,35,0,0.570595457,6515.0,11,0,4,0,0.0,0,6515.0
0.12614576,50,0,0.03446227,1682.0,4,0,0,0,0.0,0,1682.0
0.101534554,60,0,0.059737234,15450.0,10,0,2,0,0.0,0,15450.0
1.071.713.147,30,2,0.296064959,1600.0,2,0,0,0,0.0,2,1600.0
0.614564239,28,0,0.073690057,5400.0,2,0,0,0,3.0,0,1350.0
1.080.983.803,40,1,0.376108503,3833.0,5,0,0,0,1.0,1,1916.5
0.480934883,36,0,0.08627339,7000.0,5,0,0,0,0.0,0,7000.0
0.025529317,34,0,0.380161984,10000.0,10,0,2,0,2.0,0,3333.3333333333335
0.04472998,37,1,0.328206706,3250.0,16,0,1,0,3.0,1,812.5
0.030132005,36,0,0.575217886,7916.0,7,0,2,0,0.0,0,7916.0
0.10179488,64,0,0.196139984,8600.0,8,0,2,0,0.0,0,8600.0
0.502958866,47,0,0.431543299,6200.0,9,0,1,0,1.0,0,3100.0
0.563218391,45,0,0.364115615,5500.0,3,0,1,0,3.0,0,1375.0
0.255220664,60,1,0.456865359,5250.0,12,0,2,0,0.0,1,5250.0
0.044770149,38,0,0.208604731,5833.0,5,0,2,0,0.0,0,5833.0
0.364099146,44,0,0.340091022,4833.0,6,0,1,0,2.0,0,1611.0
0.001455331,47,0,0.139834121,12900.0,4,0,1,0,1.0,0,6450.0
0.043134358,75,0,0.016701952,4250.0,10,0,0,0,1.0,0,2125.0
0.06697405,69,0,0.013769598,7334.0,8,0,0,0,0.0,0,7334.0
0.278581428,48,0,0.205579582,16416.0,8,0,1,0,2.0,0,5472.0
0.213385119,35,0,0.215254591,9583.0,7,0,1,0,1.0,0,4791.5
0.022334361,32,0,0.410066617,1350.0,9,0,0,0,0.0,0,1350.0
0.479200184,39,0,0.31681494,13600.0,7,0,2,0,1.0,0,6800.0
0.647272448,60,3,0.940190723,10800.0,11,2,1,4,1.0,9,5400.0
0.072463768,51,0,0.293815169,7000.0,14,0,2,0,2.0,0,2333.3333333333335
0.007095529,73,1,0.806835742,11000.0,12,0,5,0,0.0,1,11000.0
0.306956451,63,0,1.353.646.354,1000.0,15,0,1,0,0.0,0,1000.0
0.187050809,61,0,0.354272779,1766.0,4,0,0,0,0.0,0,1766.0
0,64,0,0.185953512,4000.0,7,0,1,0,1.0,0,2000.0
0.502084412,52,0,0.525805707,13000.0,14,0,4,0,1.0,0,6500.0
0.005600301,78,0,0.005623243,3200.0,11,0,0,0,0.0,0,3200.0
0,83,0,0.0671875,2559.0,6,0,1,0,0.0,0,2559.0
0.249545471,29,0,0.194742688,2700.0,10,0,0,0,0.0,0,2700.0
0.435320307,53,0,0.205989111,4407.0,9,0,0,0,1.0,0,2203.5
0.410553127,65,0,0.555086732,2132.0,10,0,0,0,0.0,0,2132.0
0.046239383,62,0,0.253016977,14666.0,10,0,1,0,0.0,0,14666.0
0.429956497,60,0,4.747.006.973,7600.0,20,0,3,0,1.0,0,3800.0
0,40,0,0.413509343,11665.0,18,0,3,0,3.0,0,2916.25
0.126321842,32,0,0.303831764,7750.0,7,0,1,0,3.0,0,1937.5
0.550448318,49,1,0.464325628,17000.0,12,0,5,0,0.0,1,17000.0
0.994011976,30,2,0.00999643,2800.0,3,0,0,1,0.0,3,2800.0
0.684129177,45,0,0.315514191,13000.0,11,0,2,0,2.0,0,4333.333333333333
0.005485872,57,0,0.142143012,4600.0,10,0,1,0,1.0,0,2300.0
0.12366498,47,0,0.447553989,4537.0,4,0,1,0,0.0,0,4537.0
0.010342562,73,0,0.108502129,7750.0,7,0,1,0,0.0,0,7750.0
0.650401589,40,0,0.443738604,17000.0,12,0,5,0,4.0,0,3400.0
0.267408902,63,0,0.64083979,4000.0,8,0,1,0,0.0,0,4000.0
0.908865822,30,0,0.333065003,4968.0,8,0,1,0,0.0,0,4968.0
0.02189296,65,0,0.548085407,5666.0,10,0,2,0,0.0,0,5666.0
0.040635132,58,0,0.214850367,7083.0,5,0,3,0,2.0,0,2361.0
0.199667221,29,1,0.067893211,10000.0,5,3,0,0,2.0,4,3333.3333333333335
0.009640985,90,0,0.079624782,4583.0,16,0,0,0,1.0,0,2291.5
0.311981115,60,0,0.759762574,3200.0,6,0,1,0,0.0,0,3200.0
1.012.987.013,48,0,0.025270758,3600.0,2,0,0,1,0.0,1,3600.0
0,42,0,0.019939717,8625.0,9,0,0,0,0.0,0,8625.0
0.819753219,39,0,0.215171618,10400.0,10,0,0,0,3.0,0,2600.0
0.257639023,46,0,0.620673743,6500.0,14,0,2,0,3.0,0,1625.0
0.029323098,42,0,0.130271157,10362.0,6,0,1,0,0.0,0,10362.0
0.775591308,59,0,0.575027729,6310.0,12,0,2,0,3.0,0,1577.5
0.416352822,48,0,0.787070976,3000.0,14,0,1,0,2.0,0,1000.0
0.114931753,49,0,0.263376072,10372.0,12,0,2,0,2.0,0,3457.3333333333335
0.973847337,48,1,0.356128835,6550.0,7,0,1,0,2.0,1,2183.3333333333335
0.024035428,77,0,0.571728849,5708.0,16,0,1,0,0.0,0,5708.0
0.001499925,63,0,0.112481253,6000.0,11,0,1,0,0.0,0,6000.0
0.01270545,59,0,0.335677838,7250.0,13,0,2,0,2.0,0,2416.6666666666665
1064,81,0,0.002980483,10400.0,4,0,0,0,0.0,0,10400.0
0.377551871,34,0,0.199520192,2500.0,3,0,0,0,4.0,0,500.0
0.096229095,50,0,0.513236391,5363.0,6,0,2,0,3.0,0,1340.75
0.040567053,79,0,0.415045396,3083.0,8,0,0,0,1.0,0,1541.5
0.033944111,27,1,0.041522491,2600.0,6,0,0,0,0.0,1,2600.0
0.300283286,42,0,0.06919388,4378.0,5,0,0,0,1.0,0,2189.0
0.056693273,60,0,0.163484692,11627.0,8,0,1,0,0.0,0,11627.0
0.101573016,46,0,0.467253275,10000.0,7,0,3,0,2.0,0,3333.3333333333335
0.107766958,42,0,0.339457568,8000.0,6,0,2,0,0.0,0,8000.0
0.106228402,85,0,0.059495478,2100.0,14,0,0,0,0.0,0,2100.0
0.001939127,44,0,0.405518896,5000.0,4,0,1,0,0.0,0,5000.0
0.9999999,52,0,0.163576881,1833.0,1,0,0,0,0.0,0,1833.0
0.9999999,59,0,0.363262252,2672.0,2,0,1,0,1.0,0,1336.0
0.170544204,56,0,0.108880866,6924.0,9,0,1,0,0.0,0,6924.0
1.019.207.251,34,1,0.223316913,7916.0,10,0,0,0,3.0,1,1979.0
0.108587106,46,0,0.305174644,7729.0,17,0,2,0,3.0,0,1932.25
0.036927074,58,0,0.070175439,6497.0,5,0,1,0,1.0,0,3248.5
0.085941332,50,0,3740,0.0,11,0,2,0,1.0,0,0.0
0.359307196,41,3,0.362321813,9750.0,14,0,2,0,2.0,3,3250.0
0.066551922,53,2,0.586611606,4600.0,5,1,1,0,3.0,3,1150.0
0.04919754,36,0,0.037404637,13500.0,5,0,0,0,1.0,0,6750.0
0.521264119,58,2,0.366711773,4433.0,9,0,0,0,1.0,2,2216.5
0.124055998,42,1,0.116989673,7068.0,6,0,0,1,2.0,2,2356.0
0.014676108,79,0,0.060745278,3917.0,14,0,0,0,0.0,0,3917.0
0.071184949,41,0,1.943.873.179,2333.0,18,0,2,0,0.0,0,2333.0
0.100569345,56,1,0.251404628,10500.0,14,0,1,0,0.0,1,10500.0
0.199219455,61,0,3.537.089.872,1401.0,12,0,4,0,0.0,0,1401.0
0.003939889,81,0,0.00239904,2500.0,9,0,0,0,0.0,0,2500.0
0.751469829,38,0,0.709842257,4500.0,5,0,1,0,2.0,0,1500.0
0,80,0,0.151953245,3250.0,7,0,1,0,0.0,0,3250.0
0.159340898,42,3,0.512186548,8533.0,13,0,1,0,2.0,3,2844.3333333333335
0.040721775,27,0,0.300599867,4500.0,5,0,1,0,0.0,0,4500.0
0.136432267,36,0,0.182604093,5667.0,20,0,0,0,0.0,0,5667.0
0.243449572,35,0,0.534846515,10000.0,17,0,1,0,3.0,0,2500.0
0.779895294,49,0,0.586978131,8047.0,14,0,1,0,0.0,0,8047.0
0.352465551,36,1,0.657787377,8333.0,24,0,0,0,2.0,1,2777.6666666666665
0,76,0,0.454199012,7084.0,14,0,2,0,0.0,0,7084.0
0.00119976,64,0,0.689265537,2300.0,5,0,1,0,1.0,0,1150.0
0.207912699,59,0,0.036396942,12555.0,7,0,0,0,1.0,0,6277.5
0.510802074,58,1,0.437861002,5366.0,9,0,1,0,0.0,1,5366.0
0.539763113,27,0,0.111143355,3445.0,9,0,0,0,1.0,0,1722.5
0.013618788,76,0,0.089152868,8333.0,10,0,0,0,0.0,0,8333.0
0.001669435,56,0,0.001666111,3000.0,9,0,0,0,0.0,0,3000.0
0.49988585,64,1,0.266273373,10000.0,5,0,0,0,0.0,1,10000.0
0.402624874,40,0,0.454916123,8583.0,9,0,2,0,1.0,0,4291.5
0.273369698,70,0,1.592.512.599,4166.0,20,0,6,0,0.0,0,4166.0
0.9999999,36,1,0.131467133,4000.0,3,0,0,0,2.0,1,1333.3333333333333
0.123325859,63,0,0.52131726,3400.0,8,0,1,0,0.0,0,3400.0
0.769046191,78,0,0.26183844,1435.0,6,0,1,0,0.0,0,1435.0
0.047969703,59,0,0.105916425,4833.0,10,0,1,0,0.0,0,4833.0
0,40,0,0.585784623,7920.0,9,0,2,0,0.0,0,7920.0
0.00812774,71,0,0.0979565,18252.0,16,0,1,0,1.0,0,9126.0
0.347933539,45,0,0.087433406,3190.0,5,0,0,0,0.0,0,3190.0
0.017537787,42,0,0.169536985,14167.0,6,0,1,0,2.0,0,4722.333333333333
0.179225721,53,0,0.18996209,12133.0,15,0,2,0,0.0,0,12133.0
0.282806965,41,1,0.149845584,8094.0,19,0,0,1,2.0,2,2698.0
0.98609001,58,2,0.425431711,5095.0,16,1,2,0,0.0,3,5095.0
0.559171161,38,1,0.346766863,16500.0,9,0,2,0,1.0,1,8250.0
0.510906498,44,0,0.160486626,12000.0,12,0,2,0,1.0,0,6000.0
0.566921946,49,0,0.483856894,9167.0,13,0,2,0,1.0,0,4583.5
0.085636984,44,0,0.524459845,4905.0,7,0,2,0,0.0,0,4905.0
0.924430228,43,0,0.016424661,4200.0,2,0,0,0,0.0,0,4200.0
0.9999999,35,0,0.499786962,2346.0,2,0,1,0,1.0,0,1173.0
0.005585305,71,0,57,56.0,6,0,2,0,0.0,0,56.0
0,44,1,0.071873897,8500.0,8,0,0,0,2.0,1,2833.3333333333335
0.853894063,35,0,0.346487766,3800.0,6,0,0,0,0.0,0,3800.0
0.340753527,27,0,0.111318491,7500.0,14,0,0,0,0.0,0,7500.0
0.287203698,39,0,0.502336744,7916.0,7,0,1,0,5.0,0,1319.3333333333333
0.067348581,40,1,0.440473986,5400.0,7,0,2,0,2.0,1,1800.0
0.233614464,42,0,0.103448276,2116.0,6,0,0,0,4.0,0,423.2
0.051218377,34,0,0.203306226,7500.0,7,0,1,0,2.0,0,2500.0
0,57,0,0.18612192,10793.0,6,0,1,0,0.0,0,10793.0
0.127728024,36,0,0.159460135,4000.0,4,0,0,0,0.0,0,4000.0
0.282537706,37,0,0.4252386,6600.0,12,0,1,0,0.0,0,6600.0
0.918329738,39,3,0.89601733,6000.0,9,0,1,0,0.0,3,6000.0
0.033805361,52,0,0.003262288,9195.0,4,0,0,0,1.0,0,4597.5
0.316489177,46,0,0.289921466,4583.0,10,0,0,0,0.0,0,4583.0
0.000554613,62,0,0.080016247,7385.0,5,0,0,0,1.0,0,3692.5
0.607310866,61,1,0.731126887,10000.0,18,0,5,0,1.0,1,5000.0
0.09426332,56,0,0.443477338,9420.0,7,0,3,0,0.0,0,9420.0
0.014133325,61,0,0.003249729,12000.0,13,0,0,0,0.0,0,12000.0
0,67,0,0.429329641,8666.0,5,0,1,0,0.0,0,8666.0
0.046665348,36,0,0.375017603,7100.0,3,0,1,0,3.0,0,1775.0
0,54,0,0.179325843,6674.0,5,0,1,0,0.0,0,6674.0
0.833881357,63,0,0.336943843,6000.0,8,0,0,0,0.0,0,6000.0
0.035480465,53,0,0.441414972,8508.0,5,0,1,0,1.0,0,4254.0
0.309559665,38,0,0.940901112,3417.0,13,0,2,0,3.0,0,854.25
0.101515428,54,0,0.412517497,5000.0,9,0,2,0,0.0,0,5000.0
0.254149074,39,0,0.197522928,23333.0,27,0,1,1,3.0,1,5833.25
0.814432406,44,0,0.348235646,13375.0,16,0,2,0,1.0,0,6687.5
0.03569643,36,0,0.455572944,5750.0,4,0,1,0,0.0,0,5750.0
0.064557936,45,2,0.259561703,12000.0,12,0,3,0,3.0,2,3000.0
0,45,0,0.177344475,14000.0,10,0,0,0,2.0,0,4666.666666666667
0.206297426,63,0,2.099.078.341,433.0,12,0,1,0,1.0,0,216.5
0.171471421,26,0,0.208496965,2800.0,5,0,0,0,0.0,0,2800.0
0.837028365,36,0,0.317280453,6000.0,5,0,0,0,2.0,0,2000.0
0.100691543,50,0,0.346652268,8333.0,11,0,3,0,1.0,0,4166.5
0.106647334,46,0,0.266368715,8949.0,5,0,1,0,4.0,0,1789.8
0.9999999,48,1,0.684958898,4500.0,10,0,1,0,2.0,1,1500.0
0,22,0,0,929.0,2,0,0,0,0.0,0,929.0
0.9999999,51,0,0.012395042,2500.0,1,0,0,0,0.0,0,2500.0
0.106664296,54,0,1.289.276.808,400.0,6,0,0,0,0.0,0,400.0
0.9999999,63,0,0.083371789,6500.0,6,1,0,0,1.0,1,3250.0
0,43,0,0.209966134,6200.0,7,0,1,0,2.0,0,2066.6666666666665
0.78962805,34,1,0.862112112,3995.0,10,0,1,0,2.0,1,1331.6666666666667
0.563743626,51,0,0.410378481,4200.0,6,0,0,0,0.0,0,4200.0
0.078534312,53,1,0.162238276,8166.0,7,0,0,0,1.0,1,4083.0
0.961618682,53,1,0.913139124,15000.0,15,1,3,1,0.0,3,15000.0
0.993145714,62,0,1.017.469.429,4006.0,12,0,2,0,0.0,0,4006.0
0.556601251,40,1,0.166006414,5300.0,6,0,0,0,0.0,1,5300.0
0.245930854,39,0,0.537720414,5500.0,11,0,1,0,1.0,0,2750.0
0.112537496,36,0,0.079780016,14000.0,11,0,0,0,1.0,0,7000.0
0.038721222,73,0,0.232775484,4600.0,9,0,2,0,0.0,0,4600.0
0.059022738,39,1,0.611194403,2000.0,5,0,1,0,2.0,1,666.6666666666666
0.239842149,54,1,0.132178563,8601.0,27,1,0,0,1.0,2,4300.5
0.122277614,42,1,0.339732602,5833.0,14,0,1,0,0.0,1,5833.0
0.806225034,47,0,0.5053809,11800.0,16,0,2,0,2.0,0,3933.3333333333335
0.010027652,66,0,0.101582015,1200.0,16,0,0,0,2.0,0,400.0
0.004407374,46,0,0.289156627,3236.0,5,0,1,0,2.0,0,1078.6666666666667
0.9999999,66,1,0.202671312,3443.0,1,3,1,0,0.0,4,3443.0
0.79194276,44,4,0.59757827,9166.0,13,0,1,2,1.0,6,4583.0
0.372615167,46,1,0.40920691,10187.0,16,0,2,0,1.0,1,5093.5
1.136.116.152,47,1,0.08113392,3068.0,3,1,0,0,0.0,2,3068.0
0.280775562,47,0,0.479014068,8600.0,8,0,2,0,0.0,0,8600.0
0.087964814,37,0,0.687132439,4250.0,8,0,1,0,1.0,0,2125.0
0.961121555,40,2,0.336224055,7033.0,14,0,1,0,1.0,2,3516.5
0.160968363,38,0,0.392660734,10000.0,20,0,2,0,1.0,0,5000.0
0.030786023,40,0,0.22068658,8971.0,8,0,1,0,3.0,0,2242.75
0.45756758,62,0,0.679577792,21505.0,25,0,6,0,1.0,0,10752.5
0.00737822,67,0,0.00389922,3333.0,6,0,0,0,0.0,0,3333.0
0.113196672,75,0,0.287101843,7000.0,13,0,1,0,0.0,0,7000.0
0.125485275,36,0,572,0.0,4,0,0,0,0.0,0,0.0
0.058901659,56,0,0.252482811,7853.0,14,0,2,0,3.0,0,1963.25
0.570373297,43,0,1.144.781.145,5939.0,16,0,3,0,0.0,0,5939.0
0.531049379,42,0,0.150986274,11000.0,4,0,1,0,0.0,0,11000.0
0.025260894,43,0,1.467.440.361,1550.0,14,0,3,0,3.0,0,387.5
0.499651244,32,0,0.125349487,4291.0,6,0,0,0,0.0,0,4291.0
0.878400524,43,0,0.02763893,3400.0,7,0,0,0,4.0,0,680.0
0.210196712,45,0,0.589282144,5000.0,16,0,1,0,2.0,0,1666.6666666666667
0.855424857,52,0,0.532419309,3500.0,12,0,0,1,0.0,1,3500.0
0.851850364,72,1,0.624418779,6666.0,9,0,3,0,0.0,1,6666.0
0.026133722,39,0,0.186499795,9747.0,13,0,1,0,0.0,0,9747.0
0,47,0,0,2666.0,4,0,0,0,0.0,0,2666.0
0.690366008,48,0,1.213.274.091,3600.0,14,0,3,0,2.0,0,1200.0
0,44,1,503,1.0,4,0,1,0,2.0,1,0.3333333333333333
0.213785748,46,0,0.367816092,2000.0,5,0,1,0,0.0,0,2000.0
0.975209916,43,0,0.079205366,3875.0,3,0,0,0,4.0,0,775.0
0.046753061,62,0,0.091704421,6400.0,9,0,2,0,0.0,0,6400.0
0.137565352,57,0,0.048412632,12000.0,12,0,0,0,0.0,0,12000.0
0.179131139,62,0,0.34656564,6070.0,6,0,2,0,0.0,0,6070.0
0.212262579,36,0,0.532733369,5666.0,8,0,2,0,2.0,0,1888.6666666666667
0.246424187,53,1,0.588601267,9000.0,17,0,3,1,1.0,2,4500.0
0,48,0,0.351529694,5000.0,10,0,0,0,3.0,0,1250.0
0.609770924,67,1,0.645495094,5604.0,9,0,2,0,0.0,1,5604.0
0.870981182,40,2,0.978010995,2000.0,6,0,1,0,0.0,2,2000.0
0,39,0,0.226823529,4249.0,8,0,2,0,2.0,0,1416.3333333333333
0.039986951,63,0,0.620211361,9083.0,8,0,3,0,0.0,0,9083.0
0.037717444,32,1,0.3424598,2300.0,8,0,1,0,0.0,1,2300.0
0.201210571,39,1,0.207975532,8500.0,14,0,0,0,1.0,1,4250.0
0.687732342,33,1,0.549571603,4084.0,8,0,1,0,2.0,1,1361.3333333333333
0.452795449,40,1,0.57904818,6786.0,10,0,1,0,4.0,1,1357.2
0.965968344,40,0,0.577979206,3750.0,9,0,0,0,0.0,0,3750.0
0.170445226,34,0,0.525245792,6000.0,9,0,2,0,0.0,0,6000.0
0.273772612,42,0,0.624641834,5583.0,12,0,2,0,1.0,0,2791.5
0.556459139,32,0,1.006.015.282,6150.0,5,0,2,0,0.0,0,6150.0
0.142846112,50,0,0.239434742,7500.0,15,0,1,0,0.0,0,7500.0
0,35,0,0.518384725,7750.0,5,0,2,0,1.0,0,3875.0
0.069422139,27,2,0.302024989,2320.0,8,1,0,0,2.0,3,773.3333333333334
0.896604136,52,0,0.782822086,2444.0,11,0,0,0,0.0,0,2444.0
0.600057963,31,1,0.232929164,3133.0,4,0,0,0,0.0,1,3133.0
0.9999999,27,1,0.011254019,1865.0,0,0,0,0,2.0,1,621.6666666666666
0.281812558,79,1,0.304637654,10500.0,16,0,2,0,1.0,1,5250.0
0.008277855,65,0,0.004329004,7160.0,6,0,0,0,0.0,0,7160.0
0.889466301,46,1,0.246462974,13287.0,13,0,0,0,3.0,1,3321.75
0.018342821,48,0,0.492929581,7000.0,11,0,2,0,3.0,0,1750.0
0,28,0,0,4445.0,1,0,0,0,0.0,0,4445.0
0.510128913,36,0,0.616966581,3500.0,4,0,1,0,1.0,0,1750.0
0.389167582,53,0,0.697629415,4133.0,11,0,2,0,0.0,0,4133.0
0.20401162,38,0,0.087065195,4800.0,7,0,0,0,0.0,0,4800.0
0.794333683,38,1,0.065856996,5845.0,5,0,0,0,0.0,1,5845.0
0,53,0,0,2600.0,4,0,0,0,0.0,0,2600.0
0.187638695,52,1,0.296300362,9108.0,10,0,1,0,0.0,1,9108.0
0.10319656,70,0,0.287428143,4000.0,5,0,1,0,0.0,0,4000.0
0.197035643,48,0,0.010926573,4575.0,2,0,0,0,1.0,0,2287.5
0.022091413,38,0,0.815145127,6166.0,13,0,1,0,2.0,0,2055.3333333333335
0.716533033,55,1,0.375637172,7650.0,7,0,1,0,0.0,1,7650.0
0.9999999,21,98,0,1400.0,0,98,0,98,0.0,294,1400.0
0,59,1,0.227422615,9400.0,14,0,1,0,1.0,1,4700.0
0.642277379,28,0,0.64583854,4000.0,9,0,1,0,0.0,0,4000.0
0.101164258,63,0,0.290087864,7283.0,8,0,1,0,1.0,0,3641.5
0.260205795,41,1,0.368348307,4340.0,8,0,1,0,2.0,1,1446.6666666666667
0.039684388,64,0,0.637727045,6000.0,10,0,3,0,0.0,0,6000.0
0.9999999,42,0,0.164708823,4000.0,1,0,0,0,0.0,0,4000.0
0.03479913,62,0,0.353164684,10000.0,9,0,1,0,0.0,0,10000.0
0.239933263,65,2,0.582722304,7500.0,15,0,2,0,0.0,2,7500.0
0.106976012,59,0,0.554243669,5843.0,16,0,3,0,0.0,0,5843.0
0.054368606,43,1,0.364892679,3400.0,13,0,1,0,0.0,1,3400.0
0.9999999,34,98,0,3144.0,0,98,0,98,2.0,294,1048.0
0.031799091,83,0,0.009272267,3558.0,5,0,0,0,0.0,0,3558.0
0.01185112,41,0,0.888691402,4500.0,7,0,2,0,3.0,0,1125.0
0.103167394,54,0,0.20679743,11827.0,18,0,1,0,2.0,0,3942.3333333333335
0.194812295,29,0,0.139534884,2708.0,5,0,0,0,0.0,0,2708.0
0.038778096,63,0,0.009618132,10500.0,7,0,0,0,0.0,0,10500.0
0.793741314,44,0,0.540592606,10900.0,20,0,3,0,1.0,0,5450.0
0.009924908,72,0,0.203945615,3750.0,11,0,1,0,0.0,0,3750.0
0.014684175,52,0,0.675255442,2250.0,18,0,2,0,3.0,0,562.5
0.00906779,52,0,0.151667867,8333.0,16,0,1,0,0.0,0,8333.0
0.439308476,62,0,0.468150298,6200.0,9,0,1,0,1.0,0,3100.0
0.061526501,86,0,0.012548263,7251.0,7,0,0,0,0.0,0,7251.0
0,71,0,0.042652449,3000.0,9,2,0,0,0.0,2,3000.0
0.441138682,46,0,0.103718665,8416.0,11,0,0,0,0.0,0,8416.0
0.032421479,48,0,0.188030436,6833.0,3,0,1,0,0.0,0,6833.0
0.519252674,50,0,0.350397081,9317.0,18,0,1,0,1.0,0,4658.5
0.073312191,49,0,76,0.0,2,0,0,0,1.0,0,0.0
0.027078591,62,0,0.338410496,6630.0,15,0,1,0,0.0,0,6630.0
0.167739516,63,0,0.43854972,3750.0,11,0,1,0,0.0,0,3750.0
0.067983004,25,0,03.05,1.0,2,0,0,0,0.0,0,1.0
0.290596839,39,0,0.167977379,11316.0,20,1,0,0,1.0,1,5658.0
0.450885201,49,0,0.65042216,6750.0,7,0,1,0,2.0,0,2250.0
0.061651145,46,0,0.292123109,7667.0,12,0,2,0,2.0,0,2555.6666666666665
0.9999999,62,0,0.059927456,6340.0,1,0,0,1,2.0,1,2113.3333333333335
0.008283334,40,0,0.241394087,7000.0,11,0,2,0,0.0,0,7000.0
0.062052377,71,0,0.016074856,4167.0,7,0,0,0,0.0,0,4167.0
0.232053422,54,0,0.913397363,6142.0,14,0,4,0,0.0,0,6142.0
0.654638727,38,0,0.05399568,4166.0,4,0,0,0,0.0,0,4166.0
0.106456549,48,0,2352,0.0,8,0,2,0,2.0,0,0.0
0.734161667,46,0,0.438546788,12000.0,13,0,3,0,2.0,0,4000.0
0.071856287,27,0,1,0.0,3,0,0,0,0.0,0,0.0
0.936075995,50,0,0.642196045,4753.0,9,0,2,0,4.0,0,950.6
0,64,0,0.129025468,4750.0,12,0,0,0,1.0,0,2375.0
0.426977527,65,0,0.238258416,4960.0,3,0,1,0,1.0,0,2480.0
0.092228132,43,0,0.471700249,8833.0,11,0,3,0,0.0,0,8833.0
0.446655334,46,0,0.266933267,4000.0,9,0,0,0,1.0,0,2000.0
0.841513207,66,1,0.213615302,8416.0,5,0,1,0,0.0,1,8416.0
0.031904415,39,0,0.373311428,5477.0,5,0,1,0,3.0,0,1369.25
0.697413583,63,0,0.175214811,11288.0,12,0,1,0,3.0,0,2822.0
0.066997767,66,0,0.004719811,25000.0,6,0,0,0,0.0,0,25000.0
0.310031943,57,3,0.530503413,4687.0,17,0,1,0,0.0,3,4687.0
0.014422204,61,0,0.628685657,2000.0,8,0,1,0,0.0,0,2000.0
0.405133431,28,0,0.550979608,2500.0,7,0,1,0,0.0,0,2500.0
0.948051948,33,0,0.067528073,6500.0,2,0,0,0,0.0,0,6500.0
0.66553275,50,0,0.380451128,7314.0,7,0,0,0,2.0,0,2438.0
0.014028999,40,0,0.250100482,9951.0,5,0,2,0,3.0,0,2487.75
0.573178713,32,0,0.385108086,3746.0,9,0,0,0,3.0,0,936.5
0.576952661,61,0,156.803.995,800.0,7,0,1,0,0.0,0,800.0
0.396323338,59,0,0.428782652,6086.0,7,0,1,1,0.0,1,6086.0
1100,36,0,0.206034637,5600.0,4,0,1,0,1.0,0,2800.0
0.150971778,53,0,0.465404613,7500.0,8,0,3,0,0.0,0,7500.0
1.022.703.603,44,2,0.200471991,8050.0,6,2,0,2,1.0,6,4025.0
1.033.630.249,48,1,0.539093091,7916.0,4,5,1,2,4.0,8,1583.2
0.595654075,53,1,0.322879738,11000.0,9,0,1,0,0.0,1,11000.0
0.9999999,39,0,0.247412982,2125.0,2,0,0,0,0.0,0,2125.0
0.323220238,34,0,0.304616849,2100.0,6,0,0,0,0.0,0,2100.0
0.500893502,41,0,0.379260751,6952.0,11,0,2,0,2.0,0,2317.3333333333335
0.054058674,56,0,0.338863338,6087.0,11,0,1,0,0.0,0,6087.0
0.014404587,81,1,0.324509617,5250.0,4,0,1,0,0.0,1,5250.0
0.06357457,35,0,0.189400883,12000.0,11,0,2,0,4.0,0,2400.0
0.16337034,39,0,0.395017794,5900.0,8,0,2,0,1.0,0,2950.0
0.9999999,34,0,0,0.0,0,0,0,0,0.0,0,0.0
0,38,0,0.452364941,4460.0,3,1,1,1,0.0,2,4460.0
0.061496925,62,0,0.179251,8250.0,3,0,1,0,1.0,0,4125.0
0.02413269,63,0,765,0.0,4,0,0,0,0.0,0,0.0
0.974155834,40,2,0.600924054,3462.0,2,0,1,0,0.0,2,3462.0
0.802079924,44,0,0.226835964,2913.0,3,0,0,0,2.0,0,971.0
0.625084785,65,0,0.813998409,8800.0,28,0,2,0,0.0,0,8800.0
0.706629337,33,0,0.400401909,3980.0,2,0,1,0,2.0,0,1326.6666666666667
0.351443124,32,0,0.636363636,9250.0,5,0,2,0,1.0,0,4625.0
0,68,0,0.269023828,1300.0,5,0,0,0,0.0,0,1300.0
0.335552005,42,0,0.386165346,40000.0,8,0,2,0,5.0,0,6666.666666666667
0.9999999,55,0,0.156259612,3250.0,5,0,0,0,4.0,0,650.0
1.035.171.863,40,3,0.651304831,1800.0,6,3,0,1,3.0,7,450.0
0.388404838,35,0,0.312152408,8450.0,8,0,2,0,3.0,0,2112.5
0.01090843,51,0,0.221111325,5200.0,3,0,1,0,4.0,0,1040.0
0.212002316,63,0,0.239883629,3780.0,7,0,1,0,1.0,0,1890.0
0.056665131,50,1,0.349564808,4250.0,10,0,1,0,2.0,1,1416.6666666666667
0.016279054,69,0,0.504199664,4166.0,12,0,1,0,0.0,0,4166.0
0.9999999,42,0,0.893328308,5305.0,5,0,2,0,0.0,0,5305.0
0.9999999,51,1,0.291170883,10000.0,9,0,2,0,0.0,1,10000.0
0.377550561,56,0,0.328572147,19882.0,8,0,2,0,1.0,0,9941.0
1.180.327.869,49,1,0.616717771,7500.0,9,0,2,0,0.0,1,7500.0
0.065244563,88,0,0.011788826,1950.0,2,0,0,0,0.0,0,1950.0
0.158461099,54,1,0.084971676,3000.0,6,0,0,0,0.0,1,3000.0
0.223677632,67,0,0.326283407,5200.0,4,0,1,0,2.0,0,1733.3333333333333
0.121641596,34,0,0.238547969,2313.0,4,0,0,0,0.0,0,2313.0
0.003881557,71,0,0.117237953,6038.0,5,0,1,0,0.0,0,6038.0
0.386479384,32,0,0.504623844,4000.0,9,0,2,0,1.0,0,2000.0
0.903123346,47,0,0.342544069,8395.0,8,0,2,0,0.0,0,8395.0
0.765085128,64,1,4.480.542.663,2800.0,19,3,2,0,0.0,4,2800.0
0.013449664,51,0,0.118347772,12927.0,3,0,1,0,0.0,0,12927.0
0.9999999,26,0,0.16872428,1457.0,1,0,0,0,1.0,0,728.5
0.169241956,26,0,0.005623828,4800.0,5,0,0,0,0.0,0,4800.0
0.581513568,74,2,0.634363718,8863.0,17,0,4,1,1.0,3,4431.5
0.9999999,61,0,0,4167.0,0,0,0,0,0.0,0,4167.0
0.277921202,52,0,0.451249719,4440.0,15,0,0,0,1.0,0,2220.0
0.009237802,66,0,0.334547532,14000.0,14,0,2,0,0.0,0,14000.0
0,38,0,0.637093367,7100.0,10,0,1,0,0.0,0,7100.0
0.94011976,38,0,0.248978075,2690.0,4,1,0,1,1.0,2,1345.0
0.063324061,69,0,0.363797468,3949.0,16,0,2,0,1.0,0,1974.5
0.07247511,70,0,0.284716919,9166.0,5,0,2,0,1.0,0,4583.0
0.015451114,65,0,1.729.459.499,6900.0,14,0,4,0,1.0,0,3450.0
0.959537803,29,0,0.399000416,2400.0,3,0,0,0,1.0,0,1200.0
0.011544817,51,0,0.408287968,9000.0,17,0,2,0,1.0,0,4500.0
0.034332618,35,0,0.289311091,6473.0,10,0,2,0,0.0,0,6473.0
0.9999999,52,0,0.234618916,6533.0,8,1,2,0,1.0,1,3266.5
0.00531022,67,0,0.006569552,3500.0,24,0,0,0,0.0,0,3500.0
0.9999999,85,0,0.169491525,2418.0,3,0,0,0,0.0,0,2418.0
0,64,0,0,2500.0,3,0,0,0,0.0,0,2500.0
0.0829481,66,0,0.413161183,2400.0,4,0,1,0,0.0,0,2400.0
0.069731009,55,0,0.327367263,10000.0,7,0,1,0,0.0,0,10000.0
0,33,0,0,1732.0,2,0,0,0,0.0,0,1732.0
0.45416272,46,0,0.314644608,3263.0,5,0,1,0,1.0,0,1631.5
0.012812333,68,0,0.254758419,6146.0,11,0,1,0,0.0,0,6146.0
3.067.762.719,40,0,0.361046432,7300.0,7,1,2,0,4.0,1,1460.0
0.836014517,41,1,0.148932995,6700.0,11,0,0,0,0.0,1,6700.0
0.188514357,51,0,0.704329461,946.0,4,0,1,0,0.0,0,946.0
0.2208056,51,0,0.307025465,5536.0,5,0,1,0,2.0,0,1845.3333333333333
0.317984571,64,0,0.251974347,18866.0,12,0,2,0,0.0,0,18866.0
0.028620229,76,0,0.009073769,8485.0,13,0,0,0,0.0,0,8485.0
0.014341335,36,0,0.05265789,6000.0,11,0,0,0,0.0,0,6000.0
0.142620944,55,1,0.795693412,3900.0,22,0,3,0,1.0,1,1950.0
0.020639901,77,0,0.186513995,3929.0,13,0,1,0,0.0,0,3929.0
0.863136863,51,0,0.149306675,3100.0,3,0,0,0,0.0,0,3100.0
0.030506931,52,0,0.127838287,10833.0,13,0,0,0,2.0,0,3611.0
0.357452446,42,1,0.35110601,9583.0,11,0,2,0,2.0,1,3194.3333333333335
0.00049995,47,0,0.668586513,8333.0,5,0,2,0,0.0,0,8333.0
0.9999999,50,0,0.061082737,4894.0,2,0,0,0,0.0,0,4894.0
0.024739048,72,0,0.462306994,1100.0,3,0,0,0,0.0,0,1100.0
1.016.469.619,34,0,0.202399859,5666.0,4,0,0,0,2.0,0,1888.6666666666667
0.31694169,38,0,0.614967152,3500.0,13,0,1,0,1.0,0,1750.0
0.289236921,36,0,0.388502616,13950.0,9,0,2,0,0.0,0,13950.0
1.060.091.253,36,0,0.601358149,3975.0,10,0,2,0,1.0,0,1987.5
0,32,1,0.502874281,4000.0,10,0,1,0,1.0,1,2000.0
0.241546731,26,0,0.040602489,3053.0,4,0,0,0,0.0,0,3053.0
0.67218469,47,0,0.538637338,7000.0,6,0,1,0,0.0,0,7000.0
0.13291791,39,0,0.200535136,7100.0,22,0,0,0,2.0,0,2366.6666666666665
0,62,0,0.501249375,2000.0,6,0,0,0,0.0,0,2000.0
0.419302183,31,0,0.44419004,3493.0,7,0,1,0,0.0,0,3493.0
0.222555489,44,0,0.139472106,3333.0,6,0,0,0,3.0,0,833.25
0.207056117,37,1,0.532917063,7366.0,17,0,1,0,2.0,1,2455.3333333333335
0.239509374,54,1,0.247357992,9083.0,15,0,1,0,0.0,1,9083.0
0.609560994,46,4,0.282960954,14008.0,7,0,1,0,2.0,4,4669.333333333333
0.902819436,29,0,0.909718056,3333.0,7,0,1,0,0.0,0,3333.0
0.154802825,63,1,0.484404159,3750.0,6,0,1,0,2.0,1,1250.0
0,66,0,0.332365747,6200.0,4,0,1,0,0.0,0,6200.0
0.011591895,88,0,0.00056243,5333.0,2,0,0,0,0.0,0,5333.0
0.027165912,67,0,0.264155331,8600.0,10,0,2,0,1.0,0,4300.0
0.213304852,30,0,0.184359296,3183.0,7,0,0,0,0.0,0,3183.0
0.626408777,71,0,0.409400124,3233.0,9,0,1,0,1.0,0,1616.5
0.307192695,36,0,0.358906346,4900.0,8,0,1,0,2.0,0,1633.3333333333333
0.315912315,44,0,0.148514851,1817.0,5,0,0,0,1.0,0,908.5
1.086.373.944,62,2,0.4174872,2538.0,6,1,0,0,0.0,3,2538.0
0.346970458,39,0,0.096829477,2333.0,3,0,0,0,0.0,0,2333.0
0.465537928,27,0,0.190615836,3750.0,6,0,0,0,0.0,0,3750.0
0.213883365,45,0,0.305105287,6600.0,21,0,1,0,2.0,0,2200.0
0.407119763,37,0,0.741029641,8332.0,10,0,3,0,1.0,0,4166.0
0.292231736,33,0,5.423.529.412,84.0,2,0,0,0,0.0,0,84.0
0.766747607,27,0,0.877613987,2916.0,9,0,2,0,1.0,0,1458.0
0.437186552,37,1,0.430443395,6562.0,8,0,1,0,1.0,1,3281.0
0.482385848,39,0,0.380089374,12083.0,21,0,2,0,2.0,0,4027.6666666666665
0.056198939,54,0,0.130722279,7863.0,16,0,1,0,4.0,0,1572.6
0,55,0,0.326552795,6439.0,10,0,1,0,0.0,0,6439.0
0.040448989,36,0,0.070133205,6230.0,4,0,0,0,1.0,0,3115.0
0.499750025,60,0,2.009.569.378,417.0,2,0,1,0,0.0,0,417.0
0.123224705,65,0,0.426769685,8800.0,14,0,2,0,0.0,0,8800.0
0.229371389,54,0,0.351329734,5000.0,11,0,1,0,1.0,0,2500.0
0.001135322,74,0,0.129350556,5573.0,6,0,1,0,1.0,0,2786.5
0.303335733,38,0,0.315640881,7083.0,12,0,2,0,0.0,0,7083.0
0.112876573,31,0,0.096527904,5500.0,9,0,0,0,0.0,0,5500.0
0.736991057,40,0,0.38769171,5150.0,6,0,1,0,2.0,0,1716.6666666666667
0.019910226,43,0,0.083144025,2200.0,3,0,0,0,0.0,0,2200.0
0.25707796,65,0,0.33727712,6000.0,18,0,1,0,1.0,0,3000.0
0.392637582,49,0,0.325794956,7295.0,14,0,1,0,3.0,0,1823.75
0.243221622,60,0,255,0.0,5,0,0,0,0.0,0,0.0
0.945505449,48,0,0.152711822,4000.0,4,0,0,1,0.0,1,4000.0
1.021.932.654,62,0,0.282202267,6792.0,6,0,2,1,1.0,1,3396.0
0.006591029,67,0,0.328318257,10833.0,14,0,2,0,1.0,0,5416.5
0.12059822,61,0,0.834866054,2500.0,15,0,1,0,0.0,0,2500.0
0.228067125,72,0,0.344472362,3979.0,6,0,1,0,2.0,0,1326.3333333333333
0.013160866,55,0,0.302696753,5450.0,15,0,4,0,0.0,0,5450.0
0.071271016,39,0,0.568250481,3640.0,10,0,2,0,0.0,0,3640.0
0.158178964,52,0,0.286856798,6626.0,6,0,1,0,0.0,0,6626.0
0.567755229,54,0,0.223847019,8000.0,11,0,1,0,0.0,0,8000.0
0.194669757,55,0,0.392921416,3333.0,9,0,0,0,0.0,0,3333.0
0.9999999,22,0,0.545060659,1153.0,4,0,0,0,0.0,0,1153.0
0.498010795,48,0,0.374909091,8249.0,8,1,1,0,3.0,1,2062.25
0.026417428,68,0,0.117492788,7625.0,11,0,0,0,1.0,0,3812.5
0.000978155,42,0,0,7500.0,3,0,0,0,2.0,0,2500.0
0.785049709,40,2,0.19542966,4200.0,5,0,0,0,1.0,2,2100.0
0.030183679,51,0,0.524702172,5707.0,11,0,2,0,1.0,0,2853.5
0.00319936,62,0,0,0.0,2,0,0,0,0.0,0,0.0
0.9999999,33,0,0.110935024,4416.0,2,0,0,0,0.0,0,4416.0
0.9999999,39,0,0.016431621,7728.0,1,0,0,0,2.0,0,2576.0
0.051592604,60,1,0.124886384,5500.0,10,0,0,0,0.0,1,5500.0
0.290919318,43,0,0.629237076,10000.0,13,0,4,0,0.0,0,10000.0
0.098850506,82,0,0.016610188,18000.0,8,0,0,0,1.0,0,9000.0
0.369232503,57,0,0.590996352,10417.0,11,0,4,0,0.0,0,10417.0
0,68,0,0.634674923,1614.0,9,0,1,0,1.0,0,807.0
0.03524973,70,0,0.005332622,7500.0,9,0,0,0,0.0,0,7500.0
0.601609658,37,0,0.29054975,4401.0,6,0,0,0,0.0,0,4401.0
0.126658223,36,0,0.28969697,4949.0,4,0,1,0,2.0,0,1649.6666666666667
0.451438181,60,0,0.748898678,5220.0,16,0,2,0,0.0,0,5220.0
0.004579803,50,0,0.131676664,3500.0,7,0,0,0,0.0,0,3500.0
0,32,0,0.673864895,5417.0,8,0,3,0,1.0,0,2708.5
0.291585756,49,0,0.470569263,6200.0,12,0,1,0,0.0,0,6200.0
0.844157581,54,1,0.224955009,5000.0,7,0,0,0,1.0,1,2500.0
0.368930001,65,0,0.425809822,5741.0,7,0,2,0,0.0,0,5741.0
0.140535221,70,0,0.177468309,5600.0,6,0,1,0,0.0,0,5600.0
0.9999999,24,0,0,250.0,1,0,0,0,0.0,0,250.0
0.9999999,80,0,0.027243189,4000.0,0,0,0,0,0.0,0,4000.0
0.104748408,40,0,0.588983821,5500.0,20,0,2,0,2.0,0,1833.3333333333333
0.026511548,51,0,0.297629249,3500.0,8,0,1,0,4.0,0,700.0
0.727003379,56,0,0.520957469,9733.0,5,0,2,0,0.0,0,9733.0
0.028025649,72,0,0.145941623,5001.0,6,0,0,0,0.0,0,5001.0
0.366164567,53,0,0.369908016,4565.0,9,0,0,0,0.0,0,4565.0
0.011392245,74,0,36,0.0,4,0,0,0,0.0,0,0.0
0.039870539,67,1,0.248480756,10366.0,14,0,1,0,1.0,1,5183.0
0.006503614,63,0,0.090306032,11305.0,8,0,0,0,0.0,0,11305.0
0,41,0,0.2426784,7272.0,8,0,1,0,2.0,0,2424.0
0.170185762,50,0,0.441662334,25000.0,6,0,4,0,5.0,0,4166.666666666667
0.003343747,83,0,0.15663186,4500.0,13,0,0,0,1.0,0,2250.0
0.059358693,56,0,0.428742834,7500.0,12,0,2,0,0.0,0,7500.0
0.025862288,62,0,0.005086827,5700.0,6,0,0,0,1.0,0,2850.0
0.780481985,48,0,0.977404519,5000.0,10,0,2,0,2.0,0,1666.6666666666667
0.169432728,48,0,1095.05.00,1.0,13,0,1,0,2.0,0,0.3333333333333333
0.663046289,43,1,0.785476349,1500.0,6,0,1,0,0.0,1,1500.0
0.307642014,73,1,0.265762171,1252.0,15,0,0,0,0.0,1,1252.0
0.982007197,33,1,0.24221651,3500.0,5,1,0,0,0.0,2,3500.0
0.009207238,83,0,0.003427592,3500.0,6,0,0,0,0.0,0,3500.0
0,34,0,0.423366423,9166.0,6,0,1,0,1.0,0,4583.0
0.884798909,51,0,0.459466459,3860.0,10,0,1,0,1.0,0,1930.0
0.043298557,67,0,1055,0.0,6,0,1,0,0.0,0,0.0
0.093543836,50,0,0.241024664,10500.0,15,0,1,0,0.0,0,10500.0
1.148.335.223,30,0,0.975609756,1680.0,16,0,0,0,0.0,0,1680.0
0.868065967,35,7,0.345936156,4416.0,14,0,2,3,1.0,10,2208.0
0.9999999,49,0,0.788971451,12784.0,5,0,4,0,3.0,0,3196.0
0.983813378,51,0,0.151426286,3750.0,7,1,0,0,0.0,1,3750.0
0.910635093,59,0,0.366842319,7400.0,9,0,2,0,0.0,0,7400.0
0.387215271,37,0,0.284518159,18750.0,12,0,1,0,2.0,0,6250.0
0.046484285,85,0,0.103800452,10182.0,10,0,1,0,0.0,0,10182.0
0,23,0,0,3500.0,1,0,0,0,1.0,0,1750.0
0.109017377,30,0,0.367763432,2400.0,6,0,1,0,3.0,0,600.0
0.032988283,74,0,0.048427359,2002.0,16,0,0,0,0.0,0,2002.0
0.069897343,51,0,0.324307692,14624.0,15,0,1,0,1.0,0,7312.0
0.112559113,52,0,0.371942778,6500.0,18,0,1,0,0.0,0,6500.0
0.349498941,55,0,0.370691856,7833.0,10,0,1,0,0.0,0,7833.0
0.020955475,72,0,0.286442711,3333.0,10,0,1,0,0.0,0,3333.0
0.631032494,43,1,0.363545485,3000.0,7,0,0,0,0.0,1,3000.0
0.155894919,32,0,0.264391091,3456.0,5,0,1,0,0.0,0,3456.0
0.30413402,60,2,0.354237716,15833.0,14,0,2,0,1.0,2,7916.5
0.020536084,61,0,0.065804935,5105.0,3,0,0,0,0.0,0,5105.0
0.366185701,54,0,0.756097561,3771.0,11,0,1,0,1.0,0,1885.5
0.146135168,60,0,0.083602054,8372.0,9,0,0,0,0.0,0,8372.0
0.111422481,54,0,0.284543091,5000.0,7,0,1,0,2.0,0,1666.6666666666667
100.465.437,38,2,4.258.823.529,1189.0,5,0,2,0,1.0,2,594.5
0.54162696,46,0,0.493619261,7600.0,11,0,1,0,0.0,0,7600.0
0.585518335,56,0,0.261797342,8200.0,10,0,1,0,0.0,0,8200.0
0.014213778,42,0,0.146903638,3600.0,7,0,0,0,0.0,0,3600.0
0.042636637,65,0,0.56686306,5600.0,9,0,5,0,0.0,0,5600.0
0.01339933,71,0,0.01283697,2336.0,3,0,0,0,1.0,0,1168.0
0.3959901,58,0,0.277340332,5714.0,10,0,1,0,0.0,0,5714.0
0.9999999,52,0,0,4200.0,0,1,0,0,5.0,1,700.0
0.876241485,54,0,0.550430594,6850.0,19,0,1,0,1.0,0,3425.0
0,62,0,0,12600.0,6,0,0,0,1.0,0,6300.0
0.9999999,33,1,0.13197196,3280.0,2,1,0,0,0.0,2,3280.0
0.02215552,62,0,0.31596674,9500.0,6,0,2,0,1.0,0,4750.0
0.257446451,52,0,0.531682363,8600.0,11,0,4,0,2.0,0,2866.6666666666665
0.006862611,70,0,0.141746111,3985.0,11,0,1,0,1.0,0,1992.5
0.058085205,60,0,0.467565682,4300.0,5,0,1,0,1.0,0,2150.0
0.016695973,73,0,0.018920813,1426.0,4,0,0,0,0.0,0,1426.0
0.9999999,28,0,0.058439062,2600.0,2,2,0,0,2.0,2,866.6666666666666
0.001015157,59,0,0.2296717,7218.0,10,0,1,0,0.0,0,7218.0
0,40,0,0.143107112,8000.0,3,0,0,0,0.0,0,8000.0
0.667941418,55,0,0.5217995,3600.0,10,0,1,0,1.0,0,1800.0
0.503864207,67,0,1.272.756.308,3130.0,13,0,2,0,0.0,0,3130.0
0.751619627,56,4,0.353699697,11554.0,12,0,2,0,2.0,4,3851.3333333333335
0.187741374,44,0,0.718122084,10500.0,19,0,3,0,3.0,0,2625.0
0.382486054,43,0,0.231208713,5600.0,6,0,1,0,0.0,0,5600.0
0.082207897,67,0,0.404836051,5458.0,16,0,2,0,0.0,0,5458.0
0.241312697,48,0,0.345003287,6083.0,14,0,2,0,1.0,0,3041.5
0.17812163,57,0,0.408559233,18038.0,24,0,4,0,0.0,0,18038.0
0.357025953,37,0,0.454848384,3000.0,10,1,0,1,0.0,2,3000.0
0.001679539,60,0,0.176676458,16000.0,14,0,1,0,0.0,0,16000.0
0.015746829,74,0,0.117024405,3400.0,10,0,0,0,0.0,0,3400.0
0.079967174,58,0,0.477596625,8770.0,8,0,3,0,1.0,0,4385.0
0.200506461,57,0,0.015723808,5850.0,4,0,0,0,1.0,0,2925.0
0.985602879,53,1,0.381117001,13016.0,5,0,1,0,4.0,1,2603.2
0.292296173,32,0,0.570085983,5000.0,16,0,2,0,2.0,0,1666.6666666666667
0.353858457,50,0,0.938530735,2000.0,5,0,1,0,1.0,0,1000.0
0.236657966,67,0,0.421223355,2157.0,8,0,0,0,0.0,0,2157.0
0.00146756,51,0,0.222336947,5810.0,14,0,1,0,0.0,0,5810.0
0.21466808,53,0,0.1979901,6666.0,12,0,0,0,1.0,0,3333.0
0.863213679,29,0,0.102670277,18836.0,4,0,1,0,2.0,0,6278.666666666667
0,40,0,0.013607331,3600.0,1,1,0,0,4.0,1,720.0
0.181352331,35,1,0.504427306,3500.0,5,0,1,0,0.0,1,3500.0
0.244603565,60,0,0.482172609,3000.0,8,0,1,0,1.0,0,1500.0
0.336146168,48,1,0.359528094,5000.0,14,0,1,0,1.0,1,2500.0
1.009.464.204,38,2,0.115267508,4597.0,6,0,0,0,0.0,2,4597.0
0.071309805,48,0,0.180882644,15158.0,11,0,2,0,3.0,0,3789.5
0.002281516,43,1,0.178974394,14800.0,7,0,2,0,2.0,1,4933.333333333333
0.898033126,55,1,0.506091846,3200.0,11,0,1,0,1.0,1,1600.0
0.013820003,83,0,0.036758404,10500.0,11,0,2,0,0.0,0,10500.0
0.309871757,47,0,0.281337372,8583.0,10,0,1,0,0.0,0,8583.0
0.337288362,45,1,0.01659292,4519.0,1,0,0,0,4.0,1,903.8
0.083446959,28,0,0.188550587,6305.0,7,0,0,0,3.0,0,1576.25
0.032525935,72,0,0.230713422,8269.0,7,0,2,0,0.0,0,8269.0
0.116640482,68,0,0.180023923,1671.0,7,0,1,0,0.0,0,1671.0
0,67,0,0.021000276,7237.0,3,0,0,0,0.0,0,7237.0
0.718080791,32,0,455.904.059,1083.0,5,0,2,0,0.0,0,1083.0
0.508511213,23,0,0.182752294,2724.0,2,0,0,0,2.0,0,908.0
0.331414857,54,2,0.799634651,10400.0,5,0,3,0,0.0,2,10400.0
0.141581805,60,0,0.653789004,5383.0,15,0,2,0,0.0,0,5383.0
1.029.436.268,46,0,0.074973224,2800.0,10,0,0,0,1.0,0,1400.0
0.493014083,54,0,0.516291087,6966.0,11,0,1,0,1.0,0,3483.0
0.916016797,33,1,0.297907795,5400.0,8,0,1,0,2.0,1,1800.0
0.005618869,77,0,0.214637579,4262.0,9,0,1,1,0.0,1,4262.0
0.004712387,31,0,0.390025876,4250.0,18,0,1,1,1.0,1,2125.0
0,65,0,0.323632031,11750.0,6,0,2,0,0.0,0,11750.0
1.071.547.421,31,4,0.097503189,5486.0,6,1,0,3,2.0,8,1828.6666666666667
0.663352462,25,2,0.173930428,2500.0,14,0,0,0,2.0,2,833.3333333333334
0.270693178,54,0,0.486849683,5208.0,13,0,1,1,2.0,1,1736.0
0.904019196,30,3,0.137643726,6000.0,7,0,0,0,1.0,3,3000.0
0.011865779,43,1,0.451077446,20000.0,9,0,3,0,4.0,1,4000.0
0.147426795,40,0,0.542397396,5530.0,17,0,1,0,2.0,0,1843.3333333333333
0.821835633,36,1,0.412165036,2350.0,5,0,0,0,0.0,1,2350.0
0.136356659,43,0,0.072081764,24166.0,4,0,1,0,2.0,0,8055.333333333333
0.788166424,59,0,0.602232961,6000.0,13,0,0,0,0.0,0,6000.0
0.138401932,62,0,103.814.965,5425.0,16,0,7,0,0.0,0,5425.0
0.317278045,50,0,0.573416977,5100.0,8,0,1,0,2.0,0,1700.0
0.337406653,45,0,0.162930793,14275.0,14,0,0,0,1.0,0,7137.5
0.123279929,36,0,0.30591819,2297.0,7,0,0,0,0.0,0,2297.0
0.771147506,59,3,0.39661746,10228.0,11,4,1,0,0.0,7,10228.0
0.328528148,83,0,0.463089485,6000.0,6,0,2,0,0.0,0,6000.0
0.010239227,61,0,0.005982427,5348.0,13,0,0,0,0.0,0,5348.0
0.009866535,53,1,0.24888757,6741.0,13,0,2,0,2.0,1,2247.0
0.346254522,46,0,0.582536164,17143.0,14,0,5,0,3.0,0,4285.75
0.360382932,51,0,0.876749682,5500.0,20,0,1,0,1.0,0,2750.0
0.343730185,57,0,0.237847504,6150.0,9,0,0,0,0.0,0,6150.0
0.336605818,53,1,0.175374963,10200.0,8,0,1,0,1.0,1,5100.0
0.194640268,43,0,4139,0.0,5,0,1,0,3.0,0,0.0
0.000435477,62,0,0,4700.0,6,0,0,0,0.0,0,4700.0
0.627858098,54,0,0.164475316,4030.0,6,0,0,0,1.0,0,2015.0
0.9999999,25,0,0.206164098,2400.0,4,0,0,0,0.0,0,2400.0
0.9999999,30,0,0,2400.0,0,1,0,0,0.0,1,2400.0
0.000535695,59,0,0.972507582,10220.0,11,0,4,0,0.0,0,10220.0
0.018310297,64,0,1722,0.0,10,0,1,0,0.0,0,0.0
0.151721529,52,0,0.515871032,4000.0,8,0,1,0,0.0,0,4000.0
0.034198171,64,0,1.336.658.354,400.0,16,0,1,0,1.0,0,200.0
0.207212438,50,0,0.122671353,2844.0,3,0,0,0,2.0,0,948.0
0.491415076,59,0,0.538665981,11663.0,12,0,2,0,0.0,0,11663.0
0.9999999,26,0,0.001796212,6123.0,0,0,0,0,0.0,0,6123.0
0.01383828,55,0,0.173557232,9408.0,7,0,2,0,3.0,0,2352.0
0.011343317,48,0,0.173707254,8450.0,16,0,3,0,0.0,0,8450.0
0.167363132,64,0,0.234269953,5800.0,13,0,1,0,1.0,0,2900.0
0.085625324,67,0,0.386176632,3645.0,8,0,1,0,0.0,0,3645.0
0.337966203,64,0,0.275272162,4500.0,4,0,1,0,1.0,0,2250.0
0.013974129,53,0,0.135480289,1800.0,15,0,0,0,2.0,0,600.0
0.004859662,67,0,0.174281677,4245.0,6,0,0,0,0.0,0,4245.0
0.165977203,49,0,0.487172706,3780.0,9,0,1,0,2.0,0,1260.0
0.483694074,40,0,0.181127549,2500.0,7,0,0,0,2.0,0,833.3333333333334
0.044045522,57,0,0.12407802,6100.0,5,0,0,0,0.0,0,6100.0
0.506020582,60,2,0.156284372,10000.0,7,0,0,0,0.0,2,10000.0
0.608778203,39,0,0.346413397,4000.0,5,0,0,0,3.0,0,1000.0
0.075649442,62,0,0.157576775,5958.0,16,0,0,0,0.0,0,5958.0
0.005285463,51,0,0.219657483,9400.0,8,0,1,0,0.0,0,9400.0
0.02567635,79,0,0.011247188,4000.0,6,0,0,0,0.0,0,4000.0
0.437312537,26,1,0.259884496,2250.0,3,0,0,0,0.0,1,2250.0
0.493657995,45,0,0.063913244,4333.0,10,0,0,0,0.0,0,4333.0
0.0098059,80,0,0.109041345,2200.0,10,0,0,0,0.0,0,2200.0
0,49,0,0.129211865,10416.0,4,0,1,0,3.0,0,2604.0
0.493789941,38,0,0.541235136,5213.0,8,0,1,0,2.0,0,1737.6666666666667
0.022131858,90,0,0.008370895,1552.0,3,0,0,0,0.0,0,1552.0
1.247.375.628,35,2,0.793259208,2877.0,5,1,2,2,0.0,5,2877.0
0.356440593,38,1,0.346776973,2900.0,4,0,0,0,3.0,1,725.0
0.6001999,70,2,0.424484774,3250.0,9,0,2,0,0.0,2,3250.0
0.9999999,73,0,0,5766.0,2,0,0,0,0.0,0,5766.0
0.008162623,65,0,0.361165049,3604.0,11,0,2,0,0.0,0,3604.0
0.909942042,48,2,0.400789177,3547.0,8,2,1,0,1.0,4,1773.5
0.926147705,26,0,34,0.0,2,0,0,0,0.0,0,0.0
0.952748143,41,0,0.113108889,10900.0,9,0,0,0,3.0,0,2725.0
0.080083629,69,0,1248,0.0,8,0,1,0,1.0,0,0.0
0.16375345,31,0,0.068772491,2500.0,5,0,0,0,0.0,0,2500.0
0.038313859,43,0,459.05.00,1.0,12,0,2,0,2.0,0,0.3333333333333333
0,45,3,1.151.927.438,3968.0,7,1,4,3,2.0,7,1322.6666666666667
0.158306393,53,0,0.641247834,7500.0,13,0,3,0,1.0,0,3750.0
0.9999999,60,0,0.275265957,2255.0,3,3,0,0,0.0,3,2255.0
0.30167036,72,1,0.482585775,11570.0,9,0,2,0,0.0,1,11570.0
0.421840238,46,1,0.186414512,5181.0,8,0,0,0,2.0,1,1727.0
0.004179437,51,0,3780,0.0,5,0,1,0,1.0,0,0.0
0.4688064,39,0,0.699357296,4200.0,6,0,2,0,3.0,0,1050.0
0.135143243,63,0,0.117150396,9474.0,5,0,1,0,0.0,0,9474.0
1.006.955.514,66,0,0.214392804,2000.0,3,0,0,0,0.0,0,2000.0
0.9999999,38,0,0.164964138,4600.0,3,2,0,0,0.0,2,4600.0
0.064080259,46,0,0.400092507,10809.0,5,0,2,0,1.0,0,5404.5
0.9999999,59,2,0.65823061,9166.0,6,1,2,1,0.0,4,9166.0
0.62334123,41,0,2.333.666.334,1000.0,4,0,1,0,2.0,0,333.3333333333333
0.835318336,43,1,0.658447184,3000.0,8,1,0,0,0.0,2,3000.0
0.141765844,31,0,0.407026564,3500.0,6,0,1,0,2.0,0,1166.6666666666667
0.116858039,45,0,0.008228101,17500.0,2,0,0,0,0.0,0,17500.0
1.045.954.046,27,0,0.257425743,2120.0,6,0,0,0,0.0,0,2120.0
0.000498331,58,0,0.169954736,11708.0,12,0,2,0,0.0,0,11708.0
0.788608531,30,0,0.272787869,6000.0,6,0,0,0,0.0,0,6000.0
0.084686518,48,0,0.392967942,2900.0,7,0,2,0,1.0,0,1450.0
0.413143937,50,0,0.293835682,10430.0,10,0,1,0,3.0,0,2607.5
0.002565378,92,0,0.00059988,5000.0,6,0,0,0,0.0,0,5000.0
1.070.428.794,32,2,0.717183425,3450.0,14,1,1,4,1.0,7,1725.0
0.012046741,47,0,0.539147671,7062.0,12,0,3,0,1.0,0,3531.0
0,66,0,0.705024311,1850.0,7,0,2,0,0.0,0,1850.0
1.743.493.131,54,0,0.984471558,6310.0,15,0,3,0,1.0,0,3155.0
0.008954458,79,0,0.005220884,2489.0,5,0,0,0,0.0,0,2489.0
0.20713904,36,0,0.375453068,8000.0,11,0,2,0,2.0,0,2666.6666666666665
0.9999999,31,0,0.288177956,4000.0,4,0,0,0,0.0,0,4000.0
0.065446728,72,0,1.787.286.064,817.0,5,0,1,0,0.0,0,817.0
0.657342657,23,1,0.510496672,1952.0,3,0,0,0,0.0,1,1952.0
0.377333522,62,0,0.178832242,29166.0,6,0,2,0,0.0,0,29166.0
0.772074327,59,0,0.31086716,11750.0,16,0,2,0,0.0,0,11750.0
0.015463064,58,0,0.240791756,9800.0,8,0,1,0,0.0,0,9800.0
0,43,0,0.614815767,15550.0,7,0,2,0,2.0,0,5183.333333333333
0.241225292,36,0,0.376148148,6749.0,5,0,1,0,1.0,0,3374.5
0.391753426,51,0,0.071232192,4000.0,2,0,0,0,0.0,0,4000.0
0.066124924,66,0,0.184050212,5416.0,7,0,1,0,0.0,0,5416.0
0.346384078,45,0,0.37688262,8365.0,10,0,1,0,2.0,0,2788.3333333333335
0.9999999,43,0,0.168121442,5269.0,0,3,0,0,3.0,3,1317.25
0.9999999,31,0,0,6500.0,0,0,0,1,0.0,1,6500.0
0.18879528,49,0,0.670951157,3500.0,5,0,1,0,0.0,0,3500.0
0.157951263,64,0,0.49396188,6872.0,16,0,1,0,0.0,0,6872.0
1.108.420.351,48,0,0.16522041,2880.0,4,2,0,2,2.0,4,960.0
0.449956062,32,0,0.165708573,4000.0,6,0,0,0,0.0,0,4000.0
0.030896358,78,0,0.206066161,12000.0,17,0,2,0,0.0,0,12000.0
0.915394707,58,2,0.603046775,14900.0,14,0,6,0,0.0,2,14900.0
0.302882422,32,0,0.423017326,7098.0,15,0,2,0,0.0,0,7098.0
0.9999999,21,0,0,1.0,1,0,0,0,0.0,0,1.0
0.003321619,77,0,0.08747813,4000.0,14,0,0,0,0.0,0,4000.0
0.005383235,55,0,0.032459226,12507.0,3,0,0,0,2.0,0,4169.0
0.088731817,63,0,0.532001355,2952.0,10,0,2,0,0.0,0,2952.0
0.421347077,46,0,0.297329335,14340.0,8,0,1,0,6.0,0,2048.5714285714284
0.9999999,40,0,0.362341772,1895.0,2,0,0,0,1.0,0,947.5
0.034357216,53,0,0.335332762,3500.0,6,0,1,0,3.0,0,875.0
0.10046561,51,1,0.445230819,6216.0,12,0,2,0,1.0,1,3108.0
0.9999999,53,0,0.16003729,3217.0,1,2,0,0,0.0,2,3217.0
0.755122439,46,4,0.648972914,5500.0,7,4,1,1,0.0,9,5500.0
0.117647059,49,1,0.210125841,6833.0,10,0,2,0,2.0,1,2277.6666666666665
0.405952791,34,0,0.702061212,1600.0,5,0,0,0,0.0,0,1600.0
0.007651419,75,0,840,0.0,12,0,1,0,0.0,0,0.0
0.809177392,40,1,0.796228841,4666.0,7,0,2,0,3.0,1,1166.5
0.943891214,57,3,0.837265094,2500.0,20,0,0,0,0.0,3,2500.0
0.191205155,51,0,0.135381725,7452.0,8,0,1,0,0.0,0,7452.0
0.422384241,60,0,0.468291159,3200.0,7,0,1,0,0.0,0,3200.0
0.751436973,44,0,0.847275335,8367.0,15,0,2,0,0.0,0,8367.0
0,71,4,0.168536829,9000.0,13,0,1,1,0.0,5,9000.0
0.06004476,70,0,0.441082803,3139.0,6,0,1,0,0.0,0,3139.0
0.697887699,32,0,0.239417842,9000.0,10,0,1,0,1.0,0,4500.0
0.076646168,50,0,0.414258574,10000.0,4,0,2,0,2.0,0,3333.3333333333335
0.001161597,63,0,0.097774347,7772.0,8,0,0,0,0.0,0,7772.0
0.245939299,49,0,0.381223755,6667.0,12,0,1,0,1.0,0,3333.5
0.598322383,49,1,0.406291479,7533.0,6,0,2,0,0.0,1,7533.0
0.936719566,40,0,0.528497409,7333.0,6,0,2,0,0.0,0,7333.0
0.0651489,57,0,0.061403509,5813.0,5,0,0,0,3.0,0,1453.25
0.078955767,57,0,0.185454163,9500.0,17,0,1,0,1.0,0,4750.0
0.217158931,42,0,0.5788988,3250.0,12,0,2,0,2.0,0,1083.3333333333333
0.075649419,49,0,0.341197618,8900.0,12,0,2,0,1.0,0,4450.0
0.334637539,62,2,0.37744902,2500.0,5,0,1,0,0.0,2,2500.0
0.077665036,66,0,0.291598269,6700.0,16,0,1,0,0.0,0,6700.0
0.830209612,47,5,0.866595518,2810.0,12,0,0,1,0.0,6,2810.0
0.659006779,50,0,0.564160685,7940.0,10,0,3,0,2.0,0,2646.6666666666665
0.035354169,75,0,0.019902866,10500.0,9,0,0,0,0.0,0,10500.0
0.878837784,53,1,0.667996808,1252.0,5,0,0,0,1.0,1,626.0
0.295319271,26,0,0.184016242,5417.0,10,0,0,0,0.0,0,5417.0
0.529911681,76,1,0.934579439,427.0,7,1,0,0,0.0,2,427.0
0,59,0,0.293320731,6347.0,8,0,1,0,0.0,0,6347.0
0.004531171,52,1,0.52195029,10500.0,10,0,1,0,0.0,1,10500.0
0.01497329,85,0,0.189650862,12000.0,14,0,1,0,0.0,0,12000.0
0,63,0,0.369441816,8455.0,6,0,2,0,0.0,0,8455.0
0.001726366,57,0,1.660.678.643,500.0,15,0,1,0,0.0,0,500.0
0.428668386,44,0,0.330872174,6500.0,7,0,2,0,0.0,0,6500.0
0.33240751,66,1,0.284008828,9967.0,5,0,1,0,0.0,1,9967.0
0.956886461,70,0,0.179937952,1933.0,4,0,0,0,1.0,0,966.5
0.231832634,58,1,0.390804598,2000.0,10,0,0,0,0.0,1,2000.0
0.184153851,46,0,1.288.347.391,3200.0,12,0,2,0,1.0,0,1600.0
0.061198037,40,0,0.416116777,5000.0,6,0,1,0,0.0,0,5000.0
0.011679691,83,0,0.04797891,5689.0,7,0,0,0,0.0,0,5689.0
0.9999999,45,0,0.107778819,3200.0,2,1,0,0,1.0,1,1600.0
1.025.206.432,31,0,0.134818623,3500.0,2,0,0,1,4.0,1,700.0
0.166863136,38,1,0.383077472,2800.0,9,0,1,0,1.0,1,1400.0
0.036131339,73,0,0.226841518,10751.0,7,0,1,0,0.0,0,10751.0
0.447390932,46,0,0.378468461,12000.0,9,0,2,0,0.0,0,12000.0
0.567542943,64,0,0.297160379,7500.0,7,0,1,0,0.0,0,7500.0
0.629229766,54,0,2.298.507.463,200.0,6,0,0,0,1.0,0,100.0
0.394605395,51,0,0.416206262,3800.0,7,1,1,0,1.0,1,1900.0
0.399293286,34,0,0.372061605,3700.0,5,0,0,0,0.0,0,3700.0
0.9999999,64,0,0.306736921,5313.0,7,0,1,0,0.0,0,5313.0
0,50,0,0,3400.0,3,0,0,0,0.0,0,3400.0
0,69,0,0.195573923,7500.0,6,0,1,0,0.0,0,7500.0
0.097648892,61,0,0.042852245,2916.0,3,0,0,0,0.0,0,2916.0
0.006947003,42,0,0.364695727,6950.0,9,0,2,0,0.0,0,6950.0
0.847496053,42,0,0.316623822,4667.0,8,0,0,0,5.0,0,777.8333333333334
0.13664859,52,0,0.340970631,4800.0,6,0,1,0,0.0,0,4800.0
0.581655328,31,0,0.246516783,6315.0,17,0,0,0,1.0,0,3157.5
0.152021799,55,0,0.379814725,2050.0,9,0,1,0,0.0,0,2050.0
0.256291152,49,0,0.354243542,8400.0,11,0,1,0,5.0,0,1400.0
0.24625028,44,2,0.350329934,5000.0,19,0,1,0,0.0,2,5000.0
0.041263916,54,0,0.002879539,6250.0,1,0,0,0,0.0,0,6250.0
0.844840487,28,1,0.300708038,2400.0,10,0,0,0,0.0,1,2400.0
0.236067721,72,0,0.383360766,13365.0,10,0,3,0,0.0,0,13365.0
0,31,0,0.351820995,4200.0,6,0,1,0,0.0,0,4200.0
0.9999999,56,0,0.028836251,970.0,1,0,0,0,0.0,0,970.0
0.013166506,72,0,0.273377785,6148.0,10,0,0,0,1.0,0,3074.0
0.005467896,29,0,0.362683023,5053.0,8,0,1,0,0.0,0,5053.0
0.06653136,30,0,0.276436303,1200.0,4,0,1,0,0.0,0,1200.0
0.000281895,86,0,0,4166.0,5,0,0,0,0.0,0,4166.0
0.86499091,27,0,0.194847021,4346.0,5,0,0,1,0.0,1,4346.0
0.166183382,40,0,0.042346714,4533.0,2,0,0,0,0.0,0,4533.0
0.547498906,59,0,0.382468128,12000.0,7,0,2,0,1.0,0,6000.0
0.315611714,62,0,0.468803565,5833.0,11,0,1,0,0.0,0,5833.0
0.9999999,43,0,0.129623459,3000.0,1,0,0,0,0.0,0,3000.0
0.387109524,50,0,0.720519194,3620.0,12,0,1,0,2.0,0,1206.6666666666667
0.564775945,69,0,0.491413474,9083.0,12,0,3,0,1.0,0,4541.5
0.813296676,39,1,0.213514594,2500.0,4,0,0,0,2.0,1,833.3333333333334
0.120313281,49,0,0.577676034,6333.0,7,0,2,0,2.0,0,2111.0
0.022500585,71,0,1.748.803.828,417.0,12,0,1,0,0.0,0,417.0
0,37,0,3.242.144.177,540.0,7,0,1,0,1.0,0,270.0
1.008.330.556,63,0,0.786570743,2084.0,6,0,1,0,0.0,0,2084.0
0.1007041,44,3,0.63384154,4000.0,7,1,2,4,3.0,8,1000.0
0.697762332,41,0,0.527148462,7900.0,17,0,1,0,3.0,0,1975.0
0.073388451,43,0,0.186101737,8000.0,6,0,1,0,0.0,0,8000.0
0.295212824,54,1,0.423914154,9784.0,4,0,2,0,2.0,1,3261.3333333333335
0.798334064,31,1,0.475724919,9000.0,11,2,3,1,0.0,4,9000.0
0.876555938,61,0,1.404.865.733,4356.0,11,0,2,0,1.0,0,2178.0
1.009.993.338,31,0,0.037981009,2000.0,3,0,0,0,0.0,0,2000.0
0.011548483,80,0,0.002498438,1600.0,3,0,0,0,0.0,0,1600.0
0.9999999,55,0,0.641611083,7795.0,4,0,3,0,2.0,0,2598.3333333333335
0.063808913,59,0,0.075191355,2220.0,9,0,0,0,0.0,0,2220.0
0.392114532,39,0,0.05294635,5684.0,4,0,0,0,1.0,0,2842.0
0.931227509,46,0,0.080342796,5600.0,2,0,0,0,1.0,0,2800.0
0.282826252,43,0,0.428248952,3100.0,16,0,0,0,0.0,0,3100.0
0.005597079,39,0,0.404046415,3360.0,10,0,1,0,3.0,0,840.0
0.006300078,64,0,1.173.117.155,3823.0,11,0,3,0,0.0,0,3823.0
0.00524919,78,0,49,0.0,9,0,0,0,0.0,0,0.0
0.312074564,55,1,0.520847915,10000.0,13,0,1,1,2.0,2,3333.3333333333335
0.018932175,75,0,0.688341544,3044.0,9,0,2,0,1.0,0,1522.0
0.402024265,54,0,0.706083976,3500.0,11,0,1,0,2.0,0,1166.6666666666667
0.430569431,25,0,0.026512576,1470.0,1,0,0,0,0.0,0,1470.0
0.408499455,32,1,0.1193251,5748.0,4,0,0,0,3.0,1,1437.0
0,60,0,0.431784108,2000.0,3,0,1,2,2.0,2,666.6666666666666
1.411.532.678,81,0,0.615732218,5974.0,7,0,1,0,1.0,0,2987.0
0.077751426,56,2,0.284687216,12100.0,7,0,2,0,0.0,2,12100.0
0,37,0,0.514048595,10000.0,8,0,4,0,0.0,0,10000.0
0.817948295,47,0,0.458756874,6000.0,13,0,2,0,2.0,0,2000.0
0.051072609,70,0,0.021652943,3278.0,5,0,0,0,0.0,0,3278.0
0.120540834,58,0,0.277908721,14000.0,13,0,2,0,2.0,0,4666.666666666667
0.030701549,44,0,0.363464209,7920.0,8,0,2,0,3.0,0,1980.0
0.049847508,45,0,0.193056021,5961.0,3,0,1,0,0.0,0,5961.0
0.9999999,54,1,0.147386461,3500.0,1,0,0,0,1.0,1,1750.0
0,67,0,0.097385373,7916.0,18,0,1,0,0.0,0,7916.0
0,68,0,0.293588301,2666.0,3,0,1,0,0.0,0,2666.0
0.164691765,34,0,0.056977847,11600.0,5,0,0,0,0.0,0,11600.0
0.074767296,47,0,0.20913047,12178.0,16,0,1,0,3.0,0,3044.5
0.318409066,30,0,0.170164918,2667.0,8,0,0,0,0.0,0,2667.0
0.001027128,39,0,0.192401689,4500.0,6,0,0,0,0.0,0,4500.0
0.260356388,53,0,0.094781044,5000.0,6,0,0,0,0.0,0,5000.0
0.550784128,42,0,0.330278287,6000.0,7,0,1,0,0.0,0,6000.0
0.252037398,35,0,0.088200935,1711.0,2,0,0,0,0.0,0,1711.0
0.876084194,50,0,0.440239963,4333.0,8,0,1,0,3.0,0,1083.25
0.029832339,61,0,0.477397331,9666.0,8,0,2,0,1.0,0,4833.0
0.013937686,63,0,0.003570154,2800.0,8,0,0,0,0.0,0,2800.0
0.016134735,61,0,0.020947393,4200.0,19,0,0,0,1.0,0,2100.0
0.948217769,57,0,0.827442192,9816.0,14,0,2,0,1.0,0,4908.0
0.033914876,55,0,1559,0.0,7,0,1,0,0.0,0,0.0
0.040603591,53,0,0.368357902,5833.0,8,0,1,0,0.0,0,5833.0
0,36,0,0.637020144,2630.0,3,0,1,0,3.0,0,657.5
0,33,0,0.69132981,7000.0,8,0,3,0,0.0,0,7000.0
0.024139682,46,0,0.49770046,5000.0,15,0,2,0,3.0,0,1250.0
0.857544535,56,0,121.695.245,8222.0,14,0,3,0,2.0,0,2740.6666666666665
0.00266052,70,0,0.012684989,3783.0,15,0,0,0,0.0,0,3783.0
0.780012643,41,0,1.044.475.011,2180.0,8,0,1,0,1.0,0,1090.0
1.011.997.001,39,0,0.100192678,7784.0,3,2,0,0,3.0,2,1946.0
0.989006987,62,3,0.466096116,6075.0,14,0,1,0,1.0,3,3037.5
0,35,2,0.217477808,6533.0,6,0,2,0,1.0,2,3266.5
0.376673694,36,0,0.056033481,4300.0,4,0,0,0,0.0,0,4300.0
0.874541051,28,0,0.529778786,3525.0,10,0,1,0,2.0,0,1175.0
0.009310714,62,0,0.092896175,8600.0,8,0,0,0,2.0,0,2866.6666666666665
0.594848404,63,0,1232,0.0,4,0,0,0,0.0,0,0.0
0.785617151,58,0,1.146.297.948,3362.0,12,2,3,0,0.0,2,3362.0
0.647920515,32,0,0.349958828,8500.0,13,0,1,0,0.0,0,8500.0
0.037154437,67,0,0.309020677,4400.0,8,0,2,0,0.0,0,4400.0
0.15145657,37,0,0.138972206,5000.0,10,0,0,0,0.0,0,5000.0
0.070112185,73,0,0.230861531,8333.0,7,0,2,0,0.0,0,8333.0
0.16913534,47,0,0.310682583,9800.0,14,0,2,0,2.0,0,3266.6666666666665
0.502749542,44,1,0.427402863,4400.0,7,0,1,0,2.0,1,1466.6666666666667
0.077555792,53,0,0.229488958,9372.0,4,0,1,0,0.0,0,9372.0
0.25454909,75,0,0.802158273,1667.0,10,0,1,0,0.0,0,1667.0
0.973026973,81,3,576,0.0,6,0,0,0,0.0,3,0.0
0.16968534,53,0,0.242177053,7477.0,12,0,2,0,1.0,0,3738.5
0,43,2,0.365489001,10500.0,12,1,2,0,4.0,3,2100.0
0.9999999,34,0,0,3300.0,0,0,0,0,0.0,0,3300.0
0.059411752,38,0,0.917937927,1900.0,11,0,1,0,0.0,0,1900.0
0.032983603,62,0,0.272417828,9400.0,16,0,3,0,1.0,0,4700.0
0.105051578,46,0,0.461408993,8317.0,14,0,1,0,4.0,0,1663.4
0.048966776,78,0,0.020595881,5000.0,4,0,0,0,0.0,0,5000.0
0.013638276,53,0,0.002758145,5800.0,6,0,0,0,0.0,0,5800.0
0.03465099,54,0,0.879664051,7262.0,18,0,3,0,1.0,0,3631.0
0.01635059,45,0,0.202830801,7700.0,8,0,1,0,2.0,0,2566.6666666666665
0.275781624,30,0,0.141277129,9583.0,25,0,1,0,0.0,0,9583.0
1.011.332.794,52,0,1.080.049.875,400.0,8,0,1,0,2.0,0,133.33333333333334
0.069791478,52,0,0.110103972,3750.0,7,0,1,0,0.0,0,3750.0
0.9999999,63,0,0.070182448,7508.0,2,0,0,0,0.0,0,7508.0
0.000959819,30,1,0.12071982,4000.0,11,0,0,0,0.0,1,4000.0
0.322875573,59,0,0.606969437,3500.0,14,0,1,0,0.0,0,3500.0
0.034080639,70,0,0.302339532,5000.0,8,0,1,0,0.0,0,5000.0
0.737763112,37,0,0.232691827,4000.0,6,0,0,0,0.0,0,4000.0
0.002665778,38,0,0.316676885,3261.0,3,0,1,0,0.0,0,3261.0
0.022693781,60,0,0.227373068,7700.0,8,0,2,0,1.0,0,3850.0
0.157283271,61,2,0.348687641,5752.0,13,0,1,1,1.0,3,2876.0
0.603274795,35,0,0.231015188,1250.0,1,0,0,0,0.0,0,1250.0
0,44,0,0.477124183,2600.0,3,0,1,0,0.0,0,2600.0
0.272046237,52,0,0.498031865,5334.0,9,0,2,0,1.0,0,2667.0
0.199028606,46,6,0.47453808,8875.0,9,0,2,0,4.0,6,1775.0
0.138874445,74,0,0.337904435,14000.0,8,0,2,0,1.0,0,7000.0
0.103964388,51,0,0.347301329,7373.0,3,0,1,0,0.0,0,7373.0
0.011749706,54,0,0.171432219,7833.0,7,0,2,0,3.0,0,1958.25
0,48,0,0.250515955,6298.0,4,0,1,0,2.0,0,2099.3333333333335
0.016379533,47,0,0.246344207,8000.0,11,0,1,0,2.0,0,2666.6666666666665
0.327748125,43,0,0.323383085,6833.0,12,0,1,0,2.0,0,2277.6666666666665
0.480273068,45,0,0.04063267,11000.0,9,0,0,0,0.0,0,11000.0
0.013810236,64,0,0.074509804,11984.0,4,0,1,0,1.0,0,5992.0
0.9999999,54,0,0.480040733,4909.0,5,0,3,0,0.0,0,4909.0
0.114342855,39,0,0.515844436,5553.0,3,0,1,0,3.0,0,1388.25
0.022842414,36,0,0.711119459,5323.0,11,0,3,0,2.0,0,1774.3333333333333
0.022781404,62,0,0.184578744,6717.0,8,0,2,0,1.0,0,3358.5
0.9999999,62,0,0.244159622,11000.0,11,0,2,0,2.0,0,3666.6666666666665
0.000219172,37,1,0.373893173,3500.0,4,0,1,0,0.0,1,3500.0
0.153183149,49,0,0.617504543,3301.0,15,0,2,0,0.0,0,3301.0
1.053.259.962,36,0,0.420687261,2880.0,7,0,0,0,0.0,0,2880.0
0.05473883,52,0,0.178343034,13916.0,10,0,1,0,3.0,0,3479.0
0.002285671,80,0,0.001043841,2873.0,4,0,0,0,0.0,0,2873.0
0.923688916,35,0,1.890.140.845,2129.0,9,0,2,0,0.0,0,2129.0
0.02831317,66,0,0.3174142,11013.0,9,0,2,0,1.0,0,5506.5
0.759560834,36,0,0.258393853,9500.0,5,0,1,0,2.0,0,3166.6666666666665
0.500518974,64,0,0.10965479,5416.0,12,1,0,0,0.0,1,5416.0
0.334724242,72,0,1.159.970.376,5400.0,12,0,2,0,1.0,0,2700.0
0.063147697,68,1,0.476053502,6952.0,14,1,2,0,1.0,2,3476.0
0.428613238,50,0,0.312132187,4417.0,12,0,1,0,2.0,0,1472.3333333333333
0.022511868,56,0,0.245793709,4100.0,12,0,1,0,0.0,0,4100.0
0.9999999,56,1,0.428103602,3358.0,3,0,1,2,1.0,3,1679.0
0.344960986,60,1,0.331073849,2802.0,10,0,1,1,0.0,2,2802.0
0.9999999,37,0,0.028747604,12000.0,1,1,0,0,1.0,1,6000.0
0.028309062,43,0,0.683829043,4000.0,8,0,1,0,0.0,0,4000.0
0.319018643,34,0,0.554028732,1600.0,8,0,0,0,0.0,0,1600.0
0.067061927,55,0,0.117481643,6400.0,5,0,1,0,0.0,0,6400.0
0.018701251,57,0,0.173751113,12350.0,7,0,1,0,2.0,0,4116.666666666667
0.002342723,37,0,0.000266596,3750.0,2,0,0,0,0.0,0,3750.0
0.916726182,32,0,0.387227936,4180.0,9,3,0,0,1.0,3,2090.0
0.025905772,54,0,0.194144468,8333.0,10,0,1,0,2.0,0,2777.6666666666665
0.015665622,88,0,0.003294118,2124.0,2,0,0,0,0.0,0,2124.0
0.180222631,50,0,0.246938265,4000.0,9,0,1,0,3.0,0,1000.0
0.384608477,58,0,0.235127479,6000.0,9,0,0,0,5.0,0,1000.0
0,56,0,0.457530575,5968.0,4,0,2,0,1.0,0,2984.0
0.001857054,31,0,0.000486618,2054.0,6,0,0,0,0.0,0,2054.0
1.041.545.707,43,1,0.119352089,9383.0,7,0,0,0,0.0,1,9383.0
0.700441466,71,0,1.039.966.694,1200.0,5,0,0,0,0.0,0,1200.0
0.198981947,50,0,0.349330134,5000.0,17,0,0,0,3.0,0,1250.0
0.423600124,61,0,0.770872737,3700.0,13,0,1,0,2.0,0,1233.3333333333333
0.288183715,38,0,0.406247024,10500.0,9,0,2,0,3.0,0,2625.0
0.042162894,58,1,0.372719481,8166.0,23,0,2,0,0.0,1,8166.0
0.452343075,42,0,1.114.614.122,3044.0,6,0,2,0,0.0,0,3044.0
0.882990812,34,0,0.764446176,7700.0,9,0,1,0,4.0,0,1540.0
0.000428952,60,0,0.323648912,17966.0,15,0,3,0,0.0,0,17966.0
0.030725016,36,0,0.265559587,7165.0,9,0,2,0,1.0,0,3582.5
0.117564069,45,0,0.395920816,5000.0,14,0,1,0,1.0,0,2500.0
0.9999999,44,0,0.315531519,11833.0,7,0,2,0,2.0,0,3944.3333333333335
0.017049148,61,0,0.221656291,5300.0,7,0,1,0,2.0,0,1766.6666666666667
0.033024214,52,1,0.364521917,3900.0,10,0,1,0,0.0,1,3900.0
0.001694874,43,0,0.061970638,7083.0,4,0,0,0,0.0,0,7083.0
0.360305588,59,0,0.081274104,7000.0,6,0,0,0,0.0,0,7000.0
0.791683327,29,0,0.138145315,4183.0,5,0,0,0,0.0,0,4183.0
0.013361087,65,0,0.370626203,8830.0,12,0,2,0,1.0,0,4415.0
0.02515242,65,0,0.148497689,10383.0,7,0,2,0,0.0,0,10383.0
0.90171906,43,0,0.761709121,3650.0,5,0,1,0,0.0,0,3650.0
0,73,0,1.008.739.076,1601.0,4,0,0,0,0.0,0,1601.0
0.01559844,29,0,0.001198681,3336.0,1,0,0,0,0.0,0,3336.0
0.033259868,54,0,0.152961981,7916.0,12,0,2,0,2.0,0,2638.6666666666665
0.444815615,63,0,0.647243197,7018.0,17,0,4,0,1.0,0,3509.0
0.060235835,49,0,0.254874903,16666.0,12,0,2,0,0.0,0,16666.0
0.198225222,33,2,0.252276999,6916.0,8,2,1,0,0.0,4,6916.0
0.229725392,61,0,0.535240937,11392.0,21,0,2,0,0.0,0,11392.0
0.1160782,39,0,0.523400474,13503.0,18,0,4,0,1.0,0,6751.5
0.163941462,53,0,0.189156935,11730.0,3,0,1,0,0.0,0,11730.0
0.175988267,39,0,0.27129716,7500.0,4,0,1,0,1.0,0,3750.0
0.22485934,65,0,0.20555962,4100.0,10,0,0,0,0.0,0,4100.0
0.298301573,56,1,0.370103557,2220.0,9,0,0,0,0.0,1,2220.0
0.178723241,60,0,0.909318101,2800.0,19,0,1,0,0.0,0,2800.0
0.037055944,51,0,0.385630718,6666.0,16,0,1,0,0.0,0,6666.0
0.073435833,62,0,0.476200826,4600.0,12,0,1,0,0.0,0,4600.0
0.061876248,35,0,0.039055404,1100.0,1,1,0,1,1.0,2,550.0
0.006257213,79,0,0.003066258,7500.0,9,0,0,0,1.0,0,3750.0
0.093036672,58,0,0.223561487,6968.0,6,0,1,0,0.0,0,6968.0
0.690279163,37,0,0.226190476,5375.0,12,0,0,0,2.0,0,1791.6666666666667
0.095267291,29,0,0.195658383,3500.0,16,0,0,0,0.0,0,3500.0
0.018798926,31,0,0.172303473,2187.0,4,0,0,0,0.0,0,2187.0
1.035.953.551,45,2,0.26094781,5000.0,6,1,1,1,0.0,4,5000.0
0.419697538,56,2,0.48187953,4000.0,7,1,1,1,0.0,4,4000.0
0.748550097,58,0,174.450.803,5416.0,8,0,3,0,0.0,0,5416.0
0.859218892,28,0,0.098657962,2756.0,1,1,0,1,0.0,2,2756.0
0,54,0,0.261412487,4884.0,12,1,1,1,1.0,2,2442.0
0.020659988,66,0,0.474613687,7700.0,12,0,2,0,1.0,0,3850.0
0.119507863,65,0,0.240026054,6140.0,8,0,1,0,0.0,0,6140.0
0.117364303,63,0,0.431251047,5970.0,7,0,2,0,0.0,0,5970.0
0.091116355,42,0,0.047980808,2500.0,4,0,0,0,0.0,0,2500.0
0.066799674,54,2,4.586.789.555,650.0,18,0,2,0,0.0,2,650.0
0.005767188,67,0,0.117294135,13333.0,7,0,1,0,1.0,0,6666.5
0.054994501,67,0,0.452432046,8387.0,4,0,2,0,0.0,0,8387.0
0.873711737,54,0,0.208816178,4400.0,5,0,0,0,2.0,0,1466.6666666666667
0,49,0,0.399925825,8088.0,9,0,2,0,1.0,0,4044.0
0,24,0,0.207916833,2500.0,4,0,0,0,0.0,0,2500.0
0.900420816,40,1,0.131174452,6700.0,6,1,0,0,1.0,2,3350.0
0.30369391,60,0,1.145.723.602,3986.0,14,0,1,0,0.0,0,3986.0
0.020601555,61,0,0.67237932,3500.0,11,0,1,0,0.0,0,3500.0
0.797756717,42,0,0.500874781,4000.0,5,0,1,0,1.0,0,2000.0
0.326231365,77,1,0.356331691,14000.0,17,0,1,0,0.0,1,14000.0
0.809522894,56,0,0.404364424,17550.0,7,0,2,0,1.0,0,8775.0
0.428720598,58,0,0.191404865,14100.0,8,0,1,0,0.0,0,14100.0
1.091.514.143,44,1,0.024487756,2000.0,2,2,0,0,1.0,3,1000.0
1.059.742.532,56,6,0.460605253,7500.0,6,0,3,2,0.0,8,7500.0
0,61,0,0.13486921,8333.0,3,0,0,0,0.0,0,8333.0
0.006925669,27,0,0.001904308,4200.0,5,0,0,0,0.0,0,4200.0
0.001291426,38,0,0.40223616,7333.0,13,0,1,0,0.0,0,7333.0
0.9999999,37,0,0.077200807,9416.0,3,0,0,0,0.0,0,9416.0
0.454220826,78,0,0.873533246,2300.0,7,0,1,0,2.0,0,766.6666666666666
0,38,0,0.09031828,6000.0,8,0,0,0,0.0,0,6000.0
0.047116943,59,0,0.015393724,15200.0,15,0,0,0,2.0,0,5066.666666666667
0.9999999,55,0,0.387661234,10000.0,9,0,1,0,4.0,0,2000.0
1.076.923.077,41,0,0.016211835,3700.0,1,2,0,1,3.0,3,925.0
0.141793918,47,0,1.477.261.369,2000.0,13,0,2,0,0.0,0,2000.0
0.802028282,45,1,0.35915493,5395.0,4,1,1,3,3.0,5,1348.75
0.06715899,48,0,0.782013239,4380.0,18,0,1,0,0.0,0,4380.0
0.263474221,74,0,0.046003149,17150.0,7,0,0,0,0.0,0,17150.0
0.008266483,48,0,0.972410203,1920.0,11,0,1,0,0.0,0,1920.0
0.15855338,67,0,0.112281977,2751.0,7,0,0,0,0.0,0,2751.0
0.035543839,40,1,0.373702422,2600.0,10,0,1,0,0.0,1,2600.0
0.22486989,43,0,0.423139259,8020.0,11,0,2,0,2.0,0,2673.3333333333335
0.299113392,77,0,0.043705153,3065.0,3,0,0,0,0.0,0,3065.0
5893,35,0,2367,0.0,4,0,2,0,0.0,0,0.0
0.64395707,45,0,0.630715905,7500.0,5,0,2,0,0.0,0,7500.0
0.811518848,52,0,138.483.965,2400.0,10,0,1,0,2.0,0,800.0
0.089011457,47,0,0.077644118,6400.0,3,0,0,0,2.0,0,2133.3333333333335
0.000919316,56,0,0.163199484,6200.0,13,1,2,0,3.0,1,1550.0
0.9999999,69,0,0.284673618,7000.0,6,0,2,0,0.0,0,7000.0
0.020951906,50,0,0.485959503,12000.0,9,0,2,0,2.0,0,4000.0
0.793420416,86,1,0.908223535,2200.0,10,0,1,0,0.0,1,2200.0
0.87406838,40,2,0.176905691,9733.0,12,0,0,0,4.0,2,1946.6
0.9999999,56,0,0.008181074,3666.0,0,0,0,0,2.0,0,1222.0
1.011.511.634,62,0,1.696.655.133,2600.0,11,0,1,0,0.0,0,2600.0
0.008830939,50,0,0.295745176,4300.0,10,0,1,0,1.0,0,2150.0
0.583147228,46,0,0.689862028,5000.0,7,0,2,0,2.0,0,1666.6666666666667
0.024999219,54,1,0.477480034,24666.0,15,0,6,0,0.0,1,24666.0
0.660616969,63,0,0.420697413,5333.0,8,0,2,0,0.0,0,5333.0
0.715180559,31,1,1.018.511.662,2700.0,15,0,2,0,0.0,1,2700.0
0.013797241,42,0,0.277388944,7000.0,8,0,1,0,0.0,0,7000.0
0.840866486,59,0,0.229676787,4083.0,5,0,0,0,1.0,0,2041.5
0.052863142,46,0,0.332693385,12500.0,6,0,3,0,3.0,0,3125.0
0.178719541,49,0,1.221.837.755,2600.0,7,0,1,1,0.0,1,2600.0
0.001749563,51,0,0.282660967,3742.0,7,0,1,0,0.0,0,3742.0
0.007421597,47,0,0.425508277,9000.0,16,0,4,0,1.0,0,4500.0
0.09670209,58,0,0.200999853,6800.0,11,0,2,1,0.0,1,6800.0
0.049075248,76,0,0.122705674,10732.0,16,0,1,0,1.0,0,5366.0
0.706594886,38,0,0.230368311,2877.0,3,0,0,0,0.0,0,2877.0
0.070353992,43,0,0.231085619,26500.0,4,0,1,0,3.0,0,6625.0
0.052991819,47,0,0.27507215,5543.0,4,0,1,0,0.0,0,5543.0
0.022790884,62,0,0.233680227,3170.0,11,0,1,0,0.0,0,3170.0
0.131570951,48,0,0.099177552,6200.0,7,0,0,0,2.0,0,2066.6666666666665
0,58,0,0.285264178,4125.0,11,0,1,0,0.0,0,4125.0
0.125242868,63,0,0.698325419,4000.0,9,0,1,0,0.0,0,4000.0
0,86,0,0,1113.0,1,0,0,0,1.0,0,556.5
0.955474852,31,0,0.563641175,7557.0,17,0,2,0,2.0,0,2519.0
0.066516919,59,0,0.244269341,5583.0,5,0,2,0,0.0,0,5583.0
0.118402365,75,0,0.230256581,3000.0,7,0,0,0,0.0,0,3000.0
0.026613334,66,0,0.135051401,7100.0,8,0,1,0,1.0,0,3550.0
0.063161716,50,0,1.242.888.403,8225.0,14,0,3,0,0.0,0,8225.0
0.01210543,63,0,0.007037981,8240.0,13,0,0,0,0.0,0,8240.0
0.18268957,45,0,0.139774761,9500.0,11,0,0,0,0.0,0,9500.0
0.006202102,61,1,0.450455276,7467.0,21,0,2,0,0.0,1,7467.0
0.406689833,59,0,0.400782439,4600.0,11,0,0,0,0.0,0,4600.0
0.9999999,40,0,0,4300.0,0,1,0,0,1.0,1,2150.0
0,72,0,0.042794294,7500.0,3,0,0,0,0.0,0,7500.0
0.129025617,56,0,0.063684736,18041.0,4,0,0,0,1.0,0,9020.5
0.049860115,48,0,0.473905219,5000.0,7,0,2,0,0.0,0,5000.0
0.97980202,62,0,0.236060671,4680.0,10,0,1,0,0.0,0,4680.0
0.855606474,35,0,0.180920773,11750.0,10,0,0,0,1.0,0,5875.0
0.021184332,60,0,0.715350224,1341.0,6,0,1,0,0.0,0,1341.0
0.018282157,41,0,0.052662278,12000.0,18,0,0,0,1.0,0,6000.0
0.432555692,38,0,0.32266819,7000.0,6,0,3,0,0.0,0,7000.0
0.485508933,61,1,0.725065167,21866.0,34,0,9,0,0.0,1,21866.0
0.037992402,73,0,0.002163566,2310.0,1,0,0,0,0.0,0,2310.0
0.047179674,46,0,0.252431174,7300.0,5,0,2,0,4.0,0,1460.0
0.291773174,52,0,0.635415547,9300.0,16,0,3,0,1.0,0,4650.0
0.757539204,31,0,0.142831796,5635.0,8,0,0,0,0.0,0,5635.0
0.006344936,63,0,0.002166306,6000.0,8,0,0,0,0.0,0,6000.0
1.255.489.022,29,1,867,0.0,5,0,0,0,1.0,1,0.0
0.119040018,42,0,0.43375481,5456.0,12,0,2,0,0.0,0,5456.0
0.083583283,26,0,0.450392577,1400.0,6,0,0,0,0.0,0,1400.0
0.155707651,39,0,0.513684817,3470.0,15,0,1,0,2.0,0,1156.6666666666667
0.214185601,68,0,0.420215957,3333.0,13,0,2,0,0.0,0,3333.0
0.032499044,78,0,0.03036239,1020.0,5,0,0,0,0.0,0,1020.0
0.038864515,54,0,0.268987191,21000.0,9,0,1,0,0.0,0,21000.0
0.028543357,66,0,0.085242325,6416.0,11,0,1,0,0.0,0,6416.0
0.276593085,62,0,0.121835693,19000.0,8,0,1,0,0.0,0,19000.0
0.460941641,35,0,0.856028794,3333.0,6,0,2,0,2.0,0,1111.0
0.134081481,61,0,0.255406967,6056.0,11,0,0,0,2.0,0,2018.6666666666667
0.037108692,70,0,0.100208354,10078.0,10,0,1,0,0.0,0,10078.0
0.000886898,48,1,0.142222222,2924.0,4,0,1,0,0.0,1,2924.0
0.02481178,77,0,0.286560484,7596.0,12,0,2,0,0.0,0,7596.0
0.9999999,35,1,0.489742241,1900.0,6,0,0,0,0.0,1,1900.0
0.255709758,61,0,0.104087033,3400.0,7,0,0,0,0.0,0,3400.0
0.094312044,42,1,0.357594937,7583.0,12,0,1,1,2.0,2,2527.6666666666665
0,48,0,0.48547329,3200.0,6,0,2,0,1.0,0,1600.0
0.296034153,67,0,0.340829585,2000.0,4,0,1,0,0.0,0,2000.0
0.356300483,40,0,7.068.181.818,351.0,20,0,1,1,5.0,1,58.5
0.280621413,43,0,0.35572327,3974.0,9,0,0,0,2.0,0,1324.6666666666667
0.282130262,47,2,0.077084583,3333.0,3,0,0,0,1.0,2,1666.5
0.955196541,37,0,0.271611887,8883.0,16,0,2,0,0.0,0,8883.0
0.052523729,65,0,0.112877264,4969.0,5,0,0,0,0.0,0,4969.0
0.265466744,33,0,0.023203169,5300.0,3,0,0,0,3.0,0,1325.0
0.830725797,50,0,0.263945327,5413.0,4,0,1,0,1.0,0,2706.5
0.322873508,38,1,0.699081578,1850.0,12,0,1,0,2.0,1,616.6666666666666
0.171992182,62,0,0.020964718,5866.0,2,0,0,1,0.0,1,5866.0
0.717905462,35,0,0.650231674,8416.0,10,0,1,0,2.0,0,2805.3333333333335
0.46588287,35,0,0.193899124,6621.0,7,0,0,0,2.0,0,2207.0
0.003518097,64,0,0.224905776,13000.0,7,0,1,0,0.0,0,13000.0
0.213885812,56,1,0.407257286,5180.0,9,0,2,0,0.0,1,5180.0
0.018946601,46,0,0.922447389,2565.0,10,0,1,0,1.0,0,1282.5
0,57,0,0.483712354,4880.0,6,0,1,0,1.0,0,2440.0
0.999898426,48,1,0.246246429,16450.0,5,0,2,0,2.0,1,5483.333333333333
0.016970944,64,0,0.140258297,7200.0,7,0,1,0,0.0,0,7200.0
0.9999999,75,1,0.233869708,6400.0,7,0,0,1,0.0,2,6400.0
0.002057828,55,1,0.277367185,11500.0,15,0,2,0,2.0,1,3833.3333333333335
0.241839017,60,2,0.793310307,5500.0,26,0,1,0,1.0,2,2750.0
0.526170453,60,0,1.032.786.885,2500.0,16,0,1,0,0.0,0,2500.0
0.161541074,68,0,3.782.370.047,2750.0,8,0,4,0,0.0,0,2750.0
0.587779162,49,0,0.256820454,7000.0,7,0,1,0,0.0,0,7000.0
0.010377715,57,0,0.162690298,4400.0,6,0,1,0,0.0,0,4400.0
0.730538922,25,0,0.004997501,2000.0,1,0,0,0,0.0,0,2000.0
0.504661628,57,0,0.179481076,4200.0,7,0,0,0,0.0,0,4200.0
0.572669837,62,5,0.317097317,10100.0,12,0,2,0,0.0,5,10100.0
0.650716948,45,1,0.306942432,7590.0,8,0,0,0,4.0,1,1518.0
0.9999999,53,0,0,690.0,0,0,0,0,0.0,0,690.0
0.023189372,72,0,0.278313965,5076.0,3,0,1,0,0.0,0,5076.0
0.914050509,51,0,0.110643865,10700.0,5,0,0,0,5.0,0,1783.3333333333333
0,65,0,0,12600.0,5,0,0,0,1.0,0,6300.0
1.034.182.522,51,1,0.251655081,12083.0,3,0,1,1,1.0,2,6041.5
0.099525677,39,0,0.713406819,3900.0,9,0,2,0,0.0,0,3900.0
0.638272346,71,0,0.147123088,2745.0,2,0,0,0,0.0,0,2745.0
0,46,0,0.168207948,4000.0,6,0,0,0,0.0,0,4000.0
0.955888457,60,0,0.486388853,7750.0,10,0,1,0,0.0,0,7750.0
0.032299024,37,0,0.469006887,4500.0,11,0,1,0,1.0,0,2250.0
0.460551315,80,0,0.758465011,3100.0,5,0,1,0,1.0,0,1550.0
0.028657838,46,0,0.177552653,3750.0,8,0,2,0,0.0,0,3750.0
0.008787346,40,0,0.32128758,3292.0,5,0,1,0,0.0,0,3292.0
0.242524917,28,0,0.19089626,2833.0,9,5,0,0,0.0,5,2833.0
0.011352273,43,0,0.095272104,7000.0,4,0,1,0,0.0,0,7000.0
0.361435813,85,0,0.138888889,5291.0,6,0,1,0,0.0,0,5291.0
0.376855498,36,0,1.977.348.434,1500.0,4,0,1,0,0.0,0,1500.0
0.01087466,82,0,0.001287001,7769.0,6,0,0,0,0.0,0,7769.0
0.115929328,68,0,0.188601511,4368.0,6,0,0,0,0.0,0,4368.0
206,25,1,0.085317082,5250.0,4,0,0,0,0.0,1,5250.0
0.169060233,53,0,0.295269618,7250.0,8,0,1,0,2.0,0,2416.6666666666665
0.577474175,22,0,0.062365591,929.0,4,0,0,0,0.0,0,929.0
0.00679864,50,0,0.097650392,6000.0,2,0,0,0,0.0,0,6000.0
0.421290087,48,0,0.510414931,6000.0,5,1,1,1,1.0,2,3000.0
0.409270043,32,0,0.126104505,9166.0,3,0,1,0,1.0,0,4583.0
0.015132395,69,0,1.030.895.048,2200.0,13,0,3,0,0.0,0,2200.0
0,65,0,0.23951486,10800.0,5,0,2,1,0.0,1,10800.0
0.006964634,69,1,0.38583127,5250.0,10,1,2,0,1.0,2,2625.0
0.248693633,48,0,0.391658335,7000.0,10,0,2,0,1.0,0,3500.0
0.592229489,41,0,0.702259812,7566.0,14,0,2,0,3.0,0,1891.5
0.005385477,42,0,0.078792121,10000.0,8,0,0,0,0.0,0,10000.0
0.05520939,31,1,0.390502968,3200.0,6,0,1,0,1.0,1,1600.0
0.182662331,53,1,0.256482,10721.0,11,0,1,0,4.0,1,2144.2
0.882823495,56,0,0.308588847,5576.0,8,0,0,0,0.0,0,5576.0
0.994001,47,1,0.152457651,3600.0,5,0,0,0,1.0,1,1800.0
0.166379564,66,0,0.320094971,4632.0,7,0,2,0,0.0,0,4632.0
0.96216262,62,1,2.162.583.742,10000.0,12,0,2,0,1.0,1,5000.0
0.002590179,85,0,0.008152174,367.0,6,0,0,0,0.0,0,367.0
0.468421719,29,0,0.05492601,7500.0,5,0,0,0,0.0,0,7500.0
0.111048405,69,0,0.394123028,8745.0,10,0,2,0,1.0,0,4372.5
0.389221557,34,1,0.184345282,4100.0,3,2,0,1,0.0,4,4100.0
0.796407186,29,0,0.136575616,1500.0,2,0,0,0,2.0,0,500.0
0.036374318,29,0,0.006955766,9200.0,10,0,0,0,3.0,0,2300.0
0.656904425,50,2,0.194363972,3796.0,9,1,0,0,2.0,3,1265.3333333333333
0.183497379,62,0,0.015399384,25000.0,5,0,0,0,2.0,0,8333.333333333334
0.81524739,47,0,1.118.461.538,6499.0,7,0,3,0,1.0,0,3249.5
0.035528199,82,0,0.337527352,3655.0,17,0,2,0,0.0,0,3655.0
0.178849145,30,0,1.904.063.957,1500.0,12,0,1,0,0.0,0,1500.0
0.748821563,51,0,0.336943442,4985.0,15,0,0,0,0.0,0,4985.0
0,34,1,0.409421087,4542.0,11,0,1,0,0.0,1,4542.0
0.9999999,31,0,0.143114853,3325.0,5,0,0,0,0.0,0,3325.0
0.504450234,33,0,0.486776673,8847.0,10,0,2,0,2.0,0,2949.0
0.013745595,69,0,0.00299925,4000.0,3,0,0,0,0.0,0,4000.0
0.221191316,58,0,0.436152003,5841.0,10,0,1,0,0.0,0,5841.0
0.365495242,46,0,0.295603128,7800.0,10,0,1,0,2.0,0,2600.0
0.012352739,44,0,0.311486336,4500.0,7,0,1,0,0.0,0,4500.0
1.201.554.692,27,3,0.264273504,2924.0,7,0,0,0,0.0,3,2924.0
0.02372989,77,0,0.01126863,5501.0,15,0,0,0,0.0,0,5501.0
0.544760802,47,0,1.272.273.106,1200.0,4,0,1,0,2.0,0,400.0
0.011819764,71,0,0.382414935,3320.0,7,0,1,0,1.0,0,1660.0
0.033657221,77,0,0.030476936,23000.0,14,0,1,0,1.0,0,11500.0
0.777057154,56,0,0.290506397,9300.0,8,0,1,0,0.0,0,9300.0
0.017702589,55,0,0.246555862,11250.0,14,0,1,0,0.0,0,11250.0
0.74423736,74,0,0.382083643,4040.0,9,0,0,0,0.0,0,4040.0
0.030526899,64,0,0.296198055,7916.0,12,0,2,0,0.0,0,7916.0
0.395164901,36,1,0.087984003,5500.0,6,0,0,1,0.0,2,5500.0
0.074783877,61,0,0.018175209,2750.0,7,0,0,0,0.0,0,2750.0
0.027549896,85,0,0.012787724,1563.0,6,0,0,0,0.0,0,1563.0
0.251986882,46,0,0.653586603,4000.0,7,0,1,0,2.0,0,1333.3333333333333
0.9999999,70,0,0.199450137,4000.0,3,0,2,0,0.0,0,4000.0
0.297214452,55,2,0.312442396,8679.0,28,0,2,0,0.0,2,8679.0
1.089.552.239,44,0,0.447188897,4250.0,8,0,1,0,1.0,0,2125.0
0.423483478,30,0,710.05.00,1.0,8,0,2,0,2.0,0,0.3333333333333333
0.032007179,78,0,0.454426895,6900.0,12,0,3,0,0.0,0,6900.0
0.9999999,65,0,0.466952344,7700.0,3,0,2,0,0.0,0,7700.0
0.346181743,55,0,0.041132349,4132.0,10,1,0,0,0.0,1,4132.0
0.15522035,77,0,0.281985901,6666.0,25,0,1,0,0.0,0,6666.0
0,45,0,0.08283742,4200.0,9,0,0,0,0.0,0,4200.0
0.74065187,34,0,0.445555159,2800.0,9,0,1,0,0.0,0,2800.0
0.173664667,49,0,0.225411158,3100.0,6,0,0,0,0.0,0,3100.0
0.047551964,54,0,1.138.817.481,3500.0,21,0,3,0,1.0,0,1750.0
0.011148144,76,0,0.000666445,3000.0,1,0,0,0,0.0,0,3000.0
0.206938684,34,0,0.130177515,4900.0,19,0,0,0,0.0,0,4900.0
0.714260318,55,0,0.43151171,5635.0,9,0,2,0,0.0,0,5635.0
0.032198927,56,0,0.124082466,15666.0,5,0,1,0,2.0,0,5222.0
0.220059995,53,0,0.307173207,4000.0,5,0,1,0,0.0,0,4000.0
0.676043194,50,0,0.588773789,4150.0,11,0,1,0,0.0,0,4150.0
0.029230207,63,0,0.004965138,9465.0,12,0,0,0,0.0,0,9465.0
0.126541495,66,0,0.003561701,9545.0,1,0,0,0,0.0,0,9545.0
0.098305172,58,0,0.195328978,19438.0,7,0,3,0,1.0,0,9719.0
0.357221725,38,0,0.613483788,7000.0,7,0,1,0,3.0,0,1750.0
0.000182475,64,0,0.44380501,5907.0,10,0,1,0,0.0,0,5907.0
0,29,1,0.145075206,2060.0,2,0,0,0,0.0,1,2060.0
0.035261272,83,0,0.018718503,4166.0,15,0,0,0,0.0,0,4166.0
0.562838206,53,1,0.336035718,17021.0,12,0,2,0,2.0,1,5673.666666666667
0.288487786,55,0,0.672037056,9930.0,12,0,3,0,0.0,0,9930.0
0.9999999,50,1,0.648468708,750.0,2,0,0,0,1.0,1,375.0
0.145370926,53,9,0.148315964,6620.0,12,0,1,0,0.0,9,6620.0
0.592067044,51,0,0.474687705,6083.0,7,0,1,0,3.0,0,1520.75
0.303093938,43,0,0.313137373,3333.0,6,0,0,0,2.0,0,1111.0
0.024121078,37,0,0.476080603,6500.0,9,0,1,0,2.0,0,2166.6666666666665
0.533010152,50,0,0.388755571,8750.0,4,0,1,0,4.0,0,1750.0
0.9999999,41,2,0.078839159,12645.0,2,3,0,1,1.0,6,6322.5
1.458.471.761,55,1,1.180.455.303,1800.0,3,1,1,0,0.0,2,1800.0
0.14971411,58,0,0.688856376,4100.0,5,0,1,0,0.0,0,4100.0
1.003.322.259,34,0,0.093057607,2030.0,4,1,0,0,1.0,1,1015.0
0.369785588,32,0,0.356918024,7306.0,6,0,1,0,0.0,0,7306.0
0.012715073,52,0,0.145931718,12916.0,12,0,2,1,0.0,1,12916.0
0.731427789,57,0,0.285790456,3750.0,7,0,0,0,0.0,0,3750.0
0.111709475,55,0,0.313136132,12575.0,11,0,2,0,2.0,0,4191.666666666667
0.212034966,53,0,0.033744727,6400.0,9,0,1,0,0.0,0,6400.0
0.019344161,71,0,0.144454677,7600.0,5,0,1,0,0.0,0,7600.0
0.131352384,39,0,0.133609878,10365.0,11,0,1,0,0.0,0,10365.0
0.008246998,52,0,0.363145096,3700.0,3,0,1,0,2.0,0,1233.3333333333333
0.10088331,52,1,0.280494456,5500.0,6,1,1,0,2.0,2,1833.3333333333333
0,42,0,0.234553089,5000.0,3,0,1,0,1.0,0,2500.0
0.023282424,59,0,0.002772826,5048.0,8,0,0,0,0.0,0,5048.0
0.263241513,76,0,0.140358184,2400.0,14,0,0,0,0.0,0,2400.0
0.048580638,47,0,0.084101157,5100.0,4,0,0,0,3.0,0,1275.0
0.980960762,66,0,0.151984239,10658.0,5,0,1,0,1.0,0,5329.0
0.020407569,47,0,0.266630829,14881.0,24,0,3,0,2.0,0,4960.333333333333
0.91093608,47,0,0.076549557,3500.0,4,0,0,0,1.0,0,1750.0
0.525466097,69,0,0.193636988,4368.0,5,0,0,0,0.0,0,4368.0
0.057138322,28,0,0.169009684,3200.0,6,0,0,0,0.0,0,3200.0
0.154338582,62,0,0.509677419,1239.0,8,0,1,0,0.0,0,1239.0
0.202192971,34,3,0.498984678,5416.0,14,0,1,0,3.0,3,1354.0
0.38380789,48,0,0.364572523,12526.0,13,0,2,0,1.0,0,6263.0
0.138503362,54,0,0.266244585,3000.0,7,0,1,0,0.0,0,3000.0
0.011215698,37,0,0.059988002,5000.0,9,0,0,0,2.0,0,1666.6666666666667
0.125453558,59,0,0.742376271,6000.0,7,0,2,0,2.0,0,2000.0
0.236220472,55,0,0.291354323,2000.0,7,0,1,0,0.0,0,2000.0
0.058505544,80,0,0.348825587,2000.0,11,0,1,0,0.0,0,2000.0
0.338607173,45,0,0.41669506,2934.0,5,0,0,0,0.0,0,2934.0
0.135155698,47,0,0.266821602,9035.0,8,0,2,0,2.0,0,3011.6666666666665
0.021334236,64,0,0.13830309,6116.0,6,0,1,0,0.0,0,6116.0
0.26454556,42,0,0.312364966,12033.0,11,0,2,0,2.0,0,4011.0
0.02992382,59,0,0.171166258,11000.0,14,0,1,1,0.0,1,11000.0
0.707144156,61,0,0.175989673,2323.0,4,0,0,0,0.0,0,2323.0
0.065570258,62,0,0.154199843,8916.0,8,0,1,0,1.0,0,4458.0
0.174370778,71,0,0.333133373,5000.0,16,0,0,0,0.0,0,5000.0
0.9999999,40,0,0.165573508,6250.0,4,0,1,0,0.0,0,6250.0
0.514917082,37,0,0.684126349,2500.0,4,0,1,0,0.0,0,2500.0
0,67,0,0.022846264,2100.0,3,0,1,0,0.0,0,2100.0
0.258674133,55,0,0.032990574,2333.0,1,0,0,0,0.0,0,2333.0
0.031564062,39,0,0.352451048,7200.0,11,0,1,0,2.0,0,2400.0
0.151252481,57,0,0.083542189,9575.0,9,0,0,0,3.0,0,2393.75
0.894471827,50,0,0.251582806,3000.0,3,0,0,0,1.0,0,1500.0
0.023744428,68,0,0.169261534,7000.0,6,0,1,0,0.0,0,7000.0
0.9999999,55,1,0.129395541,4350.0,1,0,0,0,0.0,1,4350.0
0.9999999,72,0,0.129304599,4500.0,1,0,0,0,1.0,0,2250.0
0.039568602,61,0,0.242454231,8083.0,6,0,2,0,0.0,0,8083.0
0,66,0,0.374375089,7000.0,11,0,1,0,0.0,0,7000.0
0.006307956,47,0,0.32691827,4000.0,7,0,1,0,2.0,0,1333.3333333333333
0.242940468,53,0,0.047817916,4788.0,8,0,0,0,0.0,0,4788.0
0,60,0,0.202867818,9902.0,12,0,2,0,1.0,0,4951.0
0.167835331,37,0,0.716118685,3740.0,20,0,2,0,1.0,0,1870.0
0.219706428,60,0,0.339509441,17000.0,10,0,2,0,0.0,0,17000.0
0.042891325,73,0,0.013594562,2500.0,4,0,0,0,1.0,0,1250.0
0.059836435,71,0,0.73742086,3000.0,24,0,2,1,0.0,1,3000.0
0,60,0,2.214.955.218,4800.0,10,0,3,0,1.0,0,2400.0
0.072464251,52,0,0.00706445,9200.0,2,0,0,0,2.0,0,3066.6666666666665
0.232935306,66,0,0.599715775,2110.0,17,0,0,0,0.0,0,2110.0
0.858164908,64,0,0.922420731,6212.0,27,0,1,0,0.0,0,6212.0
0.9999999,34,0,0,1200.0,0,2,0,0,0.0,2,1200.0
0.029604043,35,1,0.372340426,5921.0,13,0,1,1,3.0,2,1480.25
0.01124707,82,0,0.003938041,3808.0,2,0,0,0,0.0,0,3808.0
0.920931456,69,1,0.838058626,2080.0,12,0,2,0,0.0,1,2080.0
0.042611237,61,0,0.279111018,19167.0,10,0,1,0,2.0,0,6389.0
0.030811858,70,0,0.008966911,7917.0,8,0,0,0,0.0,0,7917.0
0.048697425,56,0,0.14377474,13388.0,6,0,2,0,2.0,0,4462.666666666667
0.721283926,55,1,0.398591931,3692.0,9,0,0,0,1.0,1,1846.0
0.20885258,45,4,0.417858214,10000.0,10,0,1,0,2.0,4,3333.3333333333335
0.444218359,44,1,0.478291378,11400.0,6,0,2,0,0.0,1,11400.0
0.531757597,73,0,1.583.436.341,1617.0,6,0,2,0,0.0,0,1617.0
0.234840713,51,0,0.302051084,5167.0,28,0,1,0,0.0,0,5167.0
0.243644475,72,0,0.141371726,5000.0,3,0,1,0,0.0,0,5000.0
0.074892511,54,0,0.012495537,2800.0,5,0,0,0,3.0,0,700.0
0.064615971,51,0,1.845.721.424,1600.0,5,0,1,0,2.0,0,533.3333333333334
0.014719706,39,0,0.485601646,5833.0,9,0,1,0,4.0,0,1166.6
0.9999999,62,0,0.00299976,8333.0,3,0,1,0,0.0,0,8333.0
0.458988619,47,0,0.296560459,15001.0,20,0,2,0,2.0,0,5000.333333333333
0.038803293,77,0,0.127183042,7500.0,9,0,1,0,0.0,0,7500.0
0.253463961,61,1,0.437695679,4790.0,17,0,1,0,1.0,1,2395.0
0.358947835,29,0,0.200277681,2880.0,4,0,0,0,0.0,0,2880.0
0.37995175,52,1,0.484433019,3500.0,7,0,1,0,1.0,1,1750.0
0.06351938,55,0,0.85228189,6200.0,14,0,3,0,2.0,0,2066.6666666666665
0,74,0,73,0.0,5,0,0,0,0.0,0,0.0
0.000438434,67,0,0.029523376,13175.0,7,0,1,0,0.0,0,13175.0
0.214991118,52,0,0.27256271,3866.0,12,0,1,0,1.0,0,1933.0
0.337527063,73,0,0.306972093,11000.0,17,0,2,0,0.0,0,11000.0
0.9999999,25,1,0.170914543,2000.0,1,0,0,1,2.0,2,666.6666666666666
0.022879542,59,0,0.165229346,8000.0,8,0,2,0,1.0,0,4000.0
0.074537651,33,0,0.383969282,4166.0,4,0,1,0,4.0,0,833.2
0.034439924,50,0,0.226977302,10000.0,10,0,2,0,3.0,0,2500.0
0.027652136,80,0,0.007027768,5833.0,8,0,0,0,0.0,0,5833.0
0.791866555,38,4,0.709716114,2500.0,9,0,1,0,2.0,4,833.3333333333334
0.730301842,33,0,0.079254815,9500.0,6,0,0,0,0.0,0,9500.0
0.313682819,41,1,0.256303739,10350.0,6,0,1,0,3.0,1,2587.5
0,67,0,0.035259446,9500.0,7,0,0,0,0.0,0,9500.0
0.342397703,73,0,0.296387365,5286.0,6,0,1,0,0.0,0,5286.0
0.829817018,41,4,0.960696517,2009.0,9,0,1,1,0.0,5,2009.0
0.66556817,47,0,0.417305023,19450.0,19,0,3,0,2.0,0,6483.333333333333
0.520078719,67,0,0.390067253,3865.0,12,0,1,0,0.0,0,3865.0
0.36977058,48,0,0.190155739,5200.0,9,0,0,0,2.0,0,1733.3333333333333
0.9999999,30,2,0.226523056,2970.0,2,0,0,0,0.0,2,2970.0
0.400574928,32,0,0.305551112,6250.0,3,0,1,0,3.0,0,1562.5
0.902754632,27,0,0.157388137,3843.0,7,0,0,0,0.0,0,3843.0
0.372412302,30,0,0.925863724,4167.0,6,0,2,0,0.0,0,4167.0
0.268632486,62,0,0.147700784,4718.0,10,0,0,0,1.0,0,2359.0
0.711524921,73,0,0.30495158,5472.0,9,0,0,0,0.0,0,5472.0
0.200581252,59,0,0.114801677,3100.0,4,0,0,0,0.0,0,3100.0
0.055813749,54,0,0.435501843,11666.0,19,0,2,0,1.0,0,5833.0
0.001999833,52,0,0,8000.0,5,0,0,0,0.0,0,8000.0
0.10549989,58,0,0.165484344,8175.0,5,0,1,0,1.0,0,4087.5
0.042771993,85,0,0.014262821,6239.0,6,0,0,0,0.0,0,6239.0
0.487586777,46,0,1.359.456.218,2500.0,5,0,1,0,1.0,0,1250.0
0.027698537,81,0,276,0.0,8,0,0,0,1.0,0,0.0
0.07810459,69,0,1.143.283.582,2009.0,8,0,2,0,0.0,0,2009.0
0.069304156,39,2,0.264076529,11916.0,17,0,4,0,1.0,2,5958.0
0.262447305,33,0,0.738815296,4000.0,12,0,1,0,0.0,0,4000.0
0.923230708,36,1,0.648197597,1497.0,10,1,1,0,0.0,2,1497.0
2.170.965.552,52,1,0.445726372,10400.0,18,0,1,0,1.0,1,5200.0
0.05097687,49,0,0.175073233,21847.0,13,0,1,0,0.0,0,21847.0
0.424461768,73,0,0.487354624,10833.0,15,0,2,0,0.0,0,10833.0
0.54376003,36,2,0.829616414,1120.0,7,0,1,0,0.0,2,1120.0
0.266144488,37,0,0.726815783,3978.0,4,0,2,0,1.0,0,1989.0
0.902012671,51,0,0.442335574,7586.0,9,0,2,0,0.0,0,7586.0
0.129125094,66,0,0.182171379,4632.0,18,0,0,0,0.0,0,4632.0
1.011.942.715,31,0,104.772.475,900.0,3,0,0,0,0.0,0,900.0
0.195704966,72,0,0.00066521,184903.0,3,0,0,0,0.0,0,184903.0
0.363150265,57,1,1.635.711.439,2508.0,20,0,1,0,0.0,1,2508.0
0.444079173,46,2,0.353759235,2300.0,7,0,1,2,0.0,4,2300.0
0,42,0,0.78894691,4595.0,4,0,1,0,1.0,0,2297.5
0.303839438,63,0,0.152729786,15916.0,7,0,2,0,1.0,0,7958.0
0.123422088,60,0,0.03616064,6000.0,5,0,0,0,0.0,0,6000.0
0.090982794,25,0,30,0.0,5,0,0,0,0.0,0,0.0
0.105554699,56,0,0.434163167,6667.0,23,0,2,0,1.0,0,3333.5
0.9999999,44,0,0.086964448,5484.0,1,1,0,0,1.0,1,2742.0
0.129537692,44,0,0.322797058,7750.0,11,0,1,0,2.0,0,2583.3333333333335
0,48,1,0.309839389,6412.0,7,0,1,0,1.0,1,3206.0
0.145481264,38,0,0.167553191,6391.0,19,0,0,0,0.0,0,6391.0
0.035708891,67,0,0.46832473,2130.0,8,0,1,0,0.0,0,2130.0
0,27,0,0.23447262,2720.0,5,0,0,0,0.0,0,2720.0
0.832519258,42,0,0.426631536,4933.0,11,0,2,0,1.0,0,2466.5
0.004415732,54,0,0.297800338,6500.0,13,0,1,0,0.0,0,6500.0
0.012054886,61,0,0.318564987,5100.0,2,0,1,0,0.0,0,5100.0
0,55,0,0.00119952,2500.0,4,0,0,0,1.0,0,1250.0
0.172566052,55,0,0.411461831,4466.0,11,0,1,0,0.0,0,4466.0
0,71,0,0.401239669,2419.0,6,0,1,0,0.0,0,2419.0
0,38,0,0.342777148,15000.0,8,0,3,0,2.0,0,5000.0
0.004966501,50,0,0.374583426,4500.0,6,0,1,0,3.0,0,1125.0
0.630787623,67,0,0.37942033,7210.0,12,0,2,0,0.0,0,7210.0
0.095059026,56,0,0.221755649,5000.0,9,0,1,0,0.0,0,5000.0
0.067443939,64,0,0.21326569,5321.0,7,0,2,0,1.0,0,2660.5
0,35,0,0.520075047,2664.0,7,0,1,0,1.0,0,1332.0
0.035280835,38,0,0.011531365,2167.0,2,0,0,0,0.0,0,2167.0
0.044893158,26,0,0.106540988,3500.0,3,0,0,0,1.0,0,1750.0
0.030685423,71,1,0.126307412,8795.0,8,0,0,0,0.0,1,8795.0
0.005085768,49,0,0.264933767,4000.0,6,0,1,1,1.0,1,2000.0
0.234341253,50,0,0.392521496,5000.0,13,0,2,0,1.0,0,2500.0
0.930232558,57,0,0.571143882,2508.0,11,0,1,0,0.0,0,2508.0
0.090148783,42,0,0.391799055,4657.0,10,0,1,0,1.0,0,2328.5
0.097241702,61,0,0.280124117,5800.0,6,0,1,0,0.0,0,5800.0
0.041997708,66,0,0.031413613,4201.0,14,0,0,0,0.0,0,4201.0
0.476617019,46,1,0.458705561,5484.0,8,0,1,4,0.0,5,5484.0
0.267415761,62,0,2.373.750.833,1500.0,7,0,2,0,0.0,0,1500.0
0.04560715,59,0,0.774553571,3583.0,13,0,2,0,0.0,0,3583.0
1.013.403.648,62,4,0.364327135,5000.0,7,1,1,2,0.0,7,5000.0
0.9999999,62,98,0,2400.0,0,98,0,98,0.0,294,2400.0
0.419749096,58,0,0.441023591,2500.0,4,0,0,0,2.0,0,833.3333333333334
0.905549748,79,0,1.340.198.322,1310.0,8,0,1,0,0.0,0,1310.0
0.616853406,57,0,0.798550455,5380.0,14,0,2,0,0.0,0,5380.0
0.012739234,70,0,0.008663779,3000.0,6,0,0,0,0.0,0,3000.0
0.084826988,59,0,0.53418212,3612.0,9,0,2,0,0.0,0,3612.0
0.286119348,49,0,0.554428044,2167.0,8,0,0,0,0.0,0,2167.0
0.050715215,54,0,0.011203015,9550.0,5,0,0,0,3.0,0,2387.5
0.897653104,36,0,0.51487741,4200.0,4,0,1,0,1.0,0,2100.0
0.040315028,54,0,0.771340682,3900.0,12,0,1,0,0.0,0,3900.0
141.449.698,27,1,0.127542227,2900.0,9,0,0,0,0.0,1,2900.0
0.650011904,41,0,0.337192779,19000.0,9,0,2,0,0.0,0,19000.0
0.000690198,86,0,0.000445038,2246.0,10,0,0,0,0.0,0,2246.0
0.031610864,61,0,0.003752345,3730.0,2,0,0,0,2.0,0,1243.3333333333333
0.659597941,61,0,0.744095365,8975.0,18,0,2,1,0.0,1,8975.0
0.10604705,72,0,0.403798101,2000.0,9,0,0,0,0.0,0,2000.0
0.009690555,69,0,0.170459956,10500.0,11,0,2,0,0.0,0,10500.0
0.060927861,43,0,0.084188335,7114.0,6,0,0,0,2.0,0,2371.3333333333335
0.022774285,56,0,0.19268598,11183.0,9,0,1,0,2.0,0,3727.6666666666665
0.505494505,35,0,0.004999,5000.0,4,0,0,0,2.0,0,1666.6666666666667
0,61,0,0.18301105,11583.0,9,0,2,0,0.0,0,11583.0
0.029896291,45,0,0.292296616,8333.0,10,0,1,0,1.0,0,4166.5
0.147625349,40,0,0.171739827,3120.0,6,0,0,0,0.0,0,3120.0
0,40,0,0.18632547,2500.0,4,0,0,0,1.0,0,1250.0
0.005096445,60,0,0.023224308,5166.0,4,0,1,0,0.0,0,5166.0
0.057370779,76,1,0.183301344,3125.0,19,0,1,0,0.0,1,3125.0
0.012336582,46,0,0.810935441,1517.0,9,0,1,0,0.0,0,1517.0
0.206193127,61,0,0.890722091,4666.0,8,0,2,0,2.0,0,1555.3333333333333
0,47,0,0.192087812,4372.0,2,0,1,0,2.0,0,1457.3333333333333
0.770617541,48,0,0.17907463,11000.0,5,0,1,0,1.0,0,5500.0
0.9999999,58,1,0.233649628,9800.0,4,0,3,0,1.0,1,4900.0
0.729331405,59,0,0.080484492,8833.0,4,0,0,0,0.0,0,8833.0
0.025438078,69,0,0.443505136,11000.0,19,0,2,0,1.0,0,5500.0
0.461069582,59,0,1.271.819.138,1901.0,10,0,1,0,0.0,0,1901.0
0.8045698,40,0,2.459.425.718,800.0,9,0,1,0,2.0,0,266.6666666666667
0.003141075,53,0,0.107070334,5416.0,6,0,1,0,1.0,0,2708.0
0.058134603,63,0,0.420800495,6470.0,18,0,1,0,0.0,0,6470.0
0.015608234,51,0,0.056257901,7909.0,11,0,0,0,0.0,0,7909.0
0.24915017,81,0,0.010497376,4000.0,1,0,0,0,0.0,0,4000.0
0.143979432,32,0,0.341841187,4583.0,4,0,1,0,0.0,0,4583.0
0.143418166,43,0,0.577210936,6546.0,21,0,2,0,2.0,0,2182.0
0.530056942,57,0,0.517664311,7500.0,21,0,1,0,2.0,0,2500.0
0.028275233,74,0,0.629415543,6227.0,9,0,3,0,0.0,0,6227.0
0.203959597,46,0,0.072914726,16100.0,6,0,1,0,2.0,0,5366.666666666667
0.454772614,33,1,0.184724382,5786.0,5,0,1,0,2.0,1,1928.6666666666667
0.616256369,48,0,0.189588235,16999.0,6,0,2,0,1.0,0,8499.5
0.033737455,55,0,0.264342998,9725.0,11,0,2,0,0.0,0,9725.0
0.126727433,30,0,0.006713327,7000.0,4,0,0,0,0.0,0,7000.0
0.645178448,29,0,0.577510329,5566.0,11,0,2,0,4.0,0,1113.2
0.047387606,67,0,0.208029197,4383.0,9,0,1,0,0.0,0,4383.0
0.000405582,69,0,0.249830278,5891.0,16,0,1,0,0.0,0,5891.0
0.916229738,47,1,0.551532942,3065.0,13,0,0,0,2.0,1,1021.6666666666666
0,40,0,0.387416332,3734.0,8,0,1,0,1.0,0,1867.0
0.844353556,25,0,1.117.470.632,4000.0,13,0,0,0,1.0,0,2000.0
0.204745707,33,0,0.540607345,5663.0,13,0,2,0,2.0,0,1887.6666666666667
0.006371131,57,0,0.20311838,11800.0,6,0,1,0,1.0,0,5900.0
0.010023571,72,0,0.594911937,2554.0,9,0,2,0,0.0,0,2554.0
0.333989611,63,0,0.282234418,13300.0,9,0,1,0,0.0,0,13300.0
0.894165252,57,1,10.665,3999.0,8,0,1,0,0.0,1,3999.0
0.057387502,40,0,0.354257826,5941.0,9,0,1,0,2.0,0,1980.3333333333333
0.902949572,76,3,0.211587825,2726.0,6,0,0,0,1.0,3,1363.0
0.9999999,62,0,0.100066269,3017.0,2,1,0,0,1.0,1,1508.5
0,46,0,0.386131644,2840.0,5,0,1,0,0.0,0,2840.0
0.9999999,71,0,0.026278206,3500.0,1,0,0,0,0.0,0,3500.0
0.04390776,54,0,0.42709599,6583.0,10,0,2,0,2.0,0,2194.3333333333335
0.943522007,56,0,0.471747234,16900.0,11,0,3,0,3.0,0,4225.0
0.9999999,35,0,0,2660.0,1,0,0,0,2.0,0,886.6666666666666
0.503970199,41,0,0.761094545,5700.0,17,0,2,0,1.0,0,2850.0
0.085824788,73,0,0.258310121,5384.0,11,0,2,0,1.0,0,2692.0
0.098538029,57,0,0.321413258,11660.0,7,0,2,0,1.0,0,5830.0
0.388975689,49,1,0.368977496,6620.0,9,0,1,0,0.0,1,6620.0
0.000288448,42,0,0,2882.0,3,0,0,0,0.0,0,2882.0
0.572559367,52,0,0.140663176,2864.0,3,0,0,0,0.0,0,2864.0
0.028351025,58,0,0.206003485,12625.0,9,0,1,0,0.0,0,12625.0
0,51,0,0.373943975,6746.0,8,0,1,0,3.0,0,1686.5
0,23,0,0.001264223,790.0,3,0,0,0,0.0,0,790.0
0.077403625,59,0,0.677966102,2300.0,13,1,1,0,0.0,1,2300.0
0.782220635,59,1,0.131583646,5600.0,5,0,1,0,0.0,1,5600.0
0.9999999,41,0,0,5352.0,0,1,0,0,0.0,1,5352.0
0.463492009,82,0,0.19462443,4166.0,6,0,0,0,1.0,0,2083.0
0.294671215,50,1,0.325483226,4500.0,12,0,0,0,2.0,1,1500.0
0,60,0,0.085987848,5430.0,12,0,0,0,1.0,0,2715.0
0.126758714,43,0,0.340870635,6500.0,10,0,3,0,1.0,0,3250.0
0.122848822,76,0,0.096874393,5150.0,8,0,1,0,1.0,0,2575.0
0.00314454,67,0,0.001499893,4666.0,4,0,0,0,0.0,0,4666.0
0.180385289,26,0,0.069103433,9000.0,5,0,0,0,0.0,0,9000.0
0.065540812,55,1,1.143.445.032,1700.0,10,0,1,0,0.0,1,1700.0
0.015767209,47,0,0.258988656,5200.0,7,0,0,0,1.0,0,2600.0
0.009390386,87,0,0.002399232,2083.0,2,0,0,0,0.0,0,2083.0
0.613244344,33,0,0.622336227,2533.0,9,0,0,0,0.0,0,2533.0
0.451659539,48,2,0.719222462,4166.0,17,0,1,0,1.0,2,2083.0
0.049457818,62,1,0.414245307,11666.0,15,0,2,0,1.0,1,5833.0
0.516652565,33,0,0.20311174,3534.0,2,0,0,0,0.0,0,3534.0
0.017381463,79,0,0.106984716,7000.0,13,0,2,0,0.0,0,7000.0
0.9999999,58,0,0.185642609,2590.0,2,0,0,0,1.0,0,1295.0
0,23,0,0,820.0,2,0,0,0,0.0,0,820.0
0.9999999,39,0,0.347738015,1480.0,1,0,0,1,0.0,1,1480.0
0.280965774,88,0,0.811062979,3000.0,11,0,2,0,0.0,0,3000.0
0.293708724,37,0,0.614731341,6122.0,8,0,2,0,2.0,0,2040.6666666666667
0,48,1,0.059623911,13081.0,7,0,0,0,1.0,1,6540.5
0.291319626,59,0,1.191.754.917,2643.0,12,0,1,0,0.0,0,2643.0
0,26,0,0.003518374,2557.0,3,0,0,0,0.0,0,2557.0
0.019738529,80,0,0.098550725,2069.0,5,0,0,0,0.0,0,2069.0
0.266300115,63,0,0.603349163,4000.0,18,0,1,0,0.0,0,4000.0
0.098390562,61,0,0.86902183,6000.0,19,0,3,0,1.0,0,3000.0
0.741455151,46,0,0.250419966,8333.0,7,0,0,0,0.0,0,8333.0
0.385917909,62,0,0.38646573,6900.0,10,0,1,0,0.0,0,6900.0
0.060321064,36,0,0.376644209,3116.0,6,0,1,0,0.0,0,3116.0
0.765856438,26,0,0.306538692,1666.0,5,0,0,0,0.0,0,1666.0
0.134753137,55,0,0.270529059,16500.0,8,0,1,0,4.0,0,3300.0
0.236274792,52,0,0.60288305,4300.0,11,0,1,0,1.0,0,2150.0
0.265117608,45,1,0.211842105,3799.0,11,0,0,0,1.0,1,1899.5
0.9999999,26,0,0.169067921,3400.0,2,0,0,0,0.0,0,3400.0
0.063573607,78,0,223,0.0,19,0,0,0,0.0,0,0.0
0.075886749,28,0,0.009532456,2202.0,7,0,0,1,0.0,1,2202.0
0.03917336,58,0,0.249506124,5061.0,13,0,1,0,0.0,0,5061.0
0.216641492,36,0,0.719117815,8750.0,11,0,2,0,2.0,0,2916.6666666666665
0.078512703,34,1,0.067477014,6416.0,6,0,0,0,1.0,1,3208.0
0.147879095,80,0,0.118421053,5699.0,13,0,0,1,0.0,1,5699.0
0.059248148,53,0,0.011638317,5584.0,6,0,0,0,0.0,0,5584.0
0.005157071,58,0,0.293211162,2400.0,7,0,1,0,0.0,0,2400.0
0.071507668,76,0,0.224207615,4700.0,6,0,0,0,0.0,0,4700.0
0.14823764,67,0,"2,792361111",9999.0,18,0,2,0,0.0,0,9999.0
0.001298942,36,0,0.044191162,5000.0,3,0,0,0,0.0,0,5000.0
0.049701002,29,0,1.151.061.174,800.0,6,0,1,0,0.0,0,800.0
0.00576061,62,0,24,0.0,12,0,0,0,0.0,0,0.0
0,63,0,0.153685012,5250.0,12,0,0,0,0.0,0,5250.0
0,32,0,0.58952164,2194.0,5,0,1,0,1.0,0,1097.0
0.023827898,62,0,0.040356299,5500.0,10,0,1,0,1.0,0,2750.0
0.1262633,40,0,0.682219242,14166.0,10,0,2,0,2.0,0,4722.0
0.152740634,60,0,0.249878385,6166.0,9,0,1,0,3.0,0,1541.5
0,50,0,0.205715826,3708.0,10,0,2,0,1.0,0,1854.0
0.954030646,46,0,0.113342258,2240.0,3,0,0,0,2.0,0,746.6666666666666
0.095916663,61,0,0.474004639,10347.0,12,0,3,0,0.0,0,10347.0
0.532875163,70,0,0.573330613,19602.0,15,0,4,0,0.0,0,19602.0
0.041988022,62,0,0.413062409,3444.0,11,0,2,0,1.0,0,1722.0
0.137076613,62,0,0.073308897,3000.0,11,0,0,0,0.0,0,3000.0
0.22363444,56,0,0.284476294,12000.0,11,0,2,0,2.0,0,4000.0
0.9999999,57,0,0.593450028,7083.0,8,0,2,0,0.0,0,7083.0
0.793877865,52,3,0.521982061,6800.0,6,3,1,1,2.0,7,2266.6666666666665
0.011647255,46,0,0.204814052,9222.0,10,0,0,0,1.0,0,4611.0
0.128463883,43,0,0.387801743,7000.0,21,0,1,0,1.0,0,3500.0
0.623135075,36,0,0.440555907,7914.0,10,0,2,0,2.0,0,2638.0
0.086073114,65,0,0.10215764,2270.0,3,0,0,0,0.0,0,2270.0
0.755503461,33,0,0.489924433,2381.0,5,0,0,0,0.0,0,2381.0
0.73205574,53,0,0.049377931,25800.0,6,0,0,0,6.0,0,3685.714285714286
0.144285655,61,0,0.705419942,7250.0,11,0,3,0,0.0,0,7250.0
0.774276625,64,0,0.288611017,2958.0,4,0,0,0,0.0,0,2958.0
0.349606151,56,2,0.456708658,5000.0,11,0,1,0,0.0,2,5000.0
0.416880625,64,0,0.307615397,6000.0,6,0,1,0,3.0,0,1500.0
0.402867038,43,5,0.494407159,14750.0,36,1,2,0,0.0,6,14750.0
0.266693333,68,1,0.277178665,6861.0,9,0,1,0,2.0,1,2287.0
1.019.994.287,26,4,0.124704599,5500.0,5,1,0,1,0.0,6,5500.0
0.201679832,33,0,0.053646668,16850.0,4,0,0,0,1.0,0,8425.0
0,22,0,0,2800.0,2,0,0,0,0.0,0,2800.0
0.188239611,62,0,0.468676891,3846.0,8,0,1,0,0.0,0,3846.0
0.658068386,25,0,0.332948866,2600.0,5,0,0,0,0.0,0,2600.0
0,69,0,0.447480155,5416.0,8,0,2,0,0.0,0,5416.0
0.236208812,63,0,190,0.0,4,0,0,0,0.0,0,0.0
0.205980066,42,0,0.148395018,5700.0,5,1,0,0,2.0,1,1900.0
0.15153551,72,0,0.058323613,6000.0,9,0,0,0,1.0,0,3000.0
0.032443081,87,0,0.00372315,10474.0,9,0,0,0,0.0,0,10474.0
0.472815898,31,1,0.56335916,4000.0,6,0,1,0,2.0,1,1333.3333333333333
0.082650328,69,0,0.060842434,1922.0,10,1,0,0,0.0,1,1922.0
0.001417597,79,0,9.52E-05,10500.0,6,0,0,0,0.0,0,10500.0
0.839949467,41,0,0.288446746,19500.0,18,0,2,0,2.0,0,6500.0
0.022679171,58,0,0.007186641,4730.0,3,0,0,0,0.0,0,4730.0
0.004454617,83,0,0.00184604,5416.0,6,0,0,0,0.0,0,5416.0
0.324849832,62,0,1.036.481.759,2000.0,5,0,2,0,0.0,0,2000.0
0.045881033,52,0,0.520523708,2825.0,9,0,2,0,0.0,0,2825.0
0.011347677,64,0,0.00239904,2500.0,2,0,0,0,1.0,0,1250.0
0.154912954,48,0,0.427707199,4958.0,5,0,1,0,1.0,0,2479.0
0.44515351,43,0,0.676277476,3502.0,8,0,2,0,1.0,0,1751.0
0.038352489,51,0,0.121029059,9600.0,10,0,2,0,0.0,0,9600.0
0.9999999,41,1,0.481279369,6596.0,9,1,1,0,2.0,2,2198.6666666666665
0.978572449,38,1,1.084.692.267,1900.0,5,0,1,0,1.0,1,950.0
0.9999999,23,0,0,820.0,1,0,0,0,0.0,0,820.0
0.330839599,46,0,1.664.134.346,2500.0,9,0,2,0,2.0,0,833.3333333333334
0,53,0,0,6400.0,6,3,0,0,4.0,3,1280.0
0.108460836,84,0,0.28682515,4500.0,5,0,1,0,0.0,0,4500.0
0.355036555,41,0,0.358835036,9201.0,13,0,2,0,0.0,0,9201.0
0.069465123,62,1,0.281371863,10000.0,10,0,1,0,1.0,1,5000.0
0.118149866,72,1,0.20294599,5498.0,7,0,2,0,2.0,1,1832.6666666666667
0.357215536,58,0,0.529550132,3400.0,11,0,2,0,3.0,0,850.0
0,88,0,0.074647309,7300.0,11,0,1,0,1.0,0,3650.0
0.113192119,46,0,0.256217973,8000.0,10,0,1,0,1.0,0,4000.0
0.971352432,27,1,0.316841104,1050.0,6,1,0,0,0.0,2,1050.0
0.041709054,59,0,0.322836456,8700.0,10,0,2,0,0.0,0,8700.0
0.003312049,69,0,0.18877551,3135.0,8,0,2,0,0.0,0,3135.0
0.184660563,52,0,0.382212039,4800.0,8,0,1,0,0.0,0,4800.0
0.375221714,44,0,0.236096994,6886.0,18,0,0,0,0.0,0,6886.0
0,52,0,0.234168565,2194.0,9,0,0,0,0.0,0,2194.0
0.892381636,44,0,0.881647341,2500.0,8,0,0,0,0.0,0,2500.0
0.794734297,73,1,0.215875371,4043.0,10,0,0,0,0.0,1,4043.0
0.036085388,39,0,0.002999625,8000.0,4,0,0,0,0.0,0,8000.0
0.127312933,61,0,0.099092688,5620.0,9,0,0,0,1.0,0,2810.0
0.107644618,67,0,0.007475762,8560.0,1,0,0,0,1.0,0,4280.0
0.319928783,46,0,0.085296783,17655.0,10,0,0,0,4.0,0,3531.0
0.166935388,57,0,6773,0.0,14,0,2,0,0.0,0,0.0
0.311646014,62,0,0.284895347,7500.0,10,0,1,0,0.0,0,7500.0
0.111329622,57,0,0.125843708,6666.0,8,0,1,0,1.0,0,3333.0
0.153445522,48,0,0.518810321,10153.0,13,0,3,0,1.0,0,5076.5
0.013019147,63,0,0.172675192,17280.0,16,0,2,0,0.0,0,17280.0
1.050.452.166,61,1,0.644187414,5100.0,11,0,2,0,0.0,1,5100.0
0.032831669,54,0,0.104206084,6870.0,15,0,0,0,1.0,0,3435.0
0.179709372,46,0,0.465151902,3916.0,4,0,1,0,0.0,0,3916.0
0.410913896,61,0,0.295947104,8166.0,11,0,2,0,0.0,0,8166.0
0.3197367,53,1,0.250237869,2101.0,8,0,1,0,0.0,1,2101.0
0.562667744,52,2,0.319484559,4500.0,11,1,2,0,3.0,3,1125.0
0.035812423,58,0,0.263144738,12000.0,12,0,1,0,1.0,0,6000.0
0,43,0,0.398857347,5600.0,12,0,2,0,0.0,0,5600.0
0.02918431,83,0,0.00980859,10500.0,7,0,1,0,0.0,0,10500.0
0,35,0,0.613120269,4755.0,7,0,1,0,2.0,0,1585.0
0.071095312,50,1,0.534368932,2574.0,5,0,1,0,1.0,1,1287.0
0.940557601,30,2,0.102592388,3625.0,6,0,0,2,1.0,4,1812.5
0.654735655,47,0,0.124925045,10005.0,6,0,0,0,2.0,0,3335.0
0.336074831,61,1,0.455514828,3000.0,13,0,0,1,0.0,2,3000.0
0.800282072,54,2,0.656268746,5000.0,11,0,1,0,0.0,2,5000.0
0.003844761,43,0,0.279171503,11200.0,8,0,3,0,5.0,0,1866.6666666666667
0.569407604,62,0,0.680841048,6372.0,14,0,2,0,0.0,0,6372.0
0.148319391,72,0,0.203805279,5833.0,11,0,1,0,0.0,0,5833.0
0.477800262,48,0,0.729923966,9600.0,11,0,7,0,1.0,0,4800.0
0.081997657,39,0,0.246431729,7916.0,3,0,2,0,0.0,0,7916.0
0.192000702,34,0,0.86011657,1200.0,7,0,0,0,1.0,0,600.0
0,55,0,0.792536369,1580.0,7,0,1,0,0.0,0,1580.0
0.526957585,41,0,0.353265688,10150.0,5,0,2,0,2.0,0,3383.3333333333335
0.9999999,52,1,0.37175,3999.0,3,3,1,3,0.0,7,3999.0
0.215926675,53,0,0.249275072,10000.0,7,0,2,0,1.0,0,5000.0
0.173213337,51,0,0.405488355,5538.0,8,0,1,0,3.0,0,1384.5
0,22,0,0,820.0,2,0,0,0,0.0,0,820.0
0,71,0,1.273.368.607,2267.0,9,0,2,0,0.0,0,2267.0
0.717569535,38,2,0.437647522,5083.0,11,1,1,1,0.0,4,5083.0
0.074266374,42,0,0.24606723,6038.0,4,0,1,0,2.0,0,2012.6666666666667
0.9999999,27,1,0.29361892,2240.0,2,2,0,1,1.0,4,1120.0
0,82,0,0.434284321,4100.0,24,0,2,0,0.0,0,4100.0
0.081215174,44,0,0.343169919,2100.0,5,0,1,0,2.0,0,700.0
0.394744359,29,0,0.191968658,4083.0,4,0,0,0,1.0,0,2041.5
0.875312469,43,2,0.546964399,12583.0,13,0,4,1,2.0,3,4194.333333333333
0.373703208,55,1,0.345443404,11422.0,20,0,2,0,0.0,1,11422.0
1.016.281.063,43,0,0.169132347,2500.0,5,0,0,0,1.0,0,1250.0
0.140981421,42,0,0.44818736,3116.0,11,0,2,0,1.0,0,1558.0
0.995685005,43,1,0.157863677,10166.0,6,0,0,0,1.0,1,5083.0
0.55489022,29,0,0.145927036,2000.0,3,0,0,0,0.0,0,2000.0
0.173826174,22,0,0.008319468,600.0,1,0,0,0,0.0,0,600.0
0.631215927,62,2,0.41338091,5604.0,10,0,1,0,1.0,2,2802.0
0.792504074,48,0,0.234691502,8589.0,8,0,2,0,1.0,0,4294.5
0.296726229,53,0,0.352312828,10484.0,8,0,2,0,2.0,0,3494.6666666666665
0,85,0,0.116842759,3217.0,6,0,1,0,0.0,0,3217.0
0.023671336,46,0,0.117813995,12332.0,6,0,1,0,0.0,0,12332.0
0.226598001,28,1,0.132417239,1600.0,5,0,0,0,0.0,1,1600.0
0.71241566,37,0,0.280777702,13166.0,9,0,2,0,2.0,0,4388.666666666667
0.010397408,42,0,0.191244635,5824.0,7,0,1,0,0.0,0,5824.0
0.317269854,36,0,0.050119332,2932.0,2,0,0,0,0.0,0,2932.0
0.036870391,43,0,0.42074928,2775.0,3,0,1,0,1.0,0,1387.5
0.02959926,57,0,0.16263956,6000.0,3,0,1,0,0.0,0,6000.0
0.691542289,48,1,0.042901291,5500.0,3,0,0,0,1.0,1,2750.0
0.506877625,45,0,2460.05.00,1.0,19,0,4,0,3.0,0,0.25
0.250678469,25,0,0.039267016,4583.0,8,0,0,0,0.0,0,4583.0
0.561966103,53,3,0.584143378,3291.0,21,1,2,0,3.0,4,822.75
0.008552128,74,0,0.008373206,835.0,5,0,0,0,0.0,0,835.0
0.007338024,37,0,0.352729454,5000.0,14,0,1,0,0.0,0,5000.0
0.05473428,66,0,0.272076372,9636.0,21,0,2,0,1.0,0,4818.0
0.135921964,55,0,0.051125989,11500.0,9,0,1,0,1.0,0,5750.0
0.88011988,30,2,0.080589939,3796.0,5,0,0,0,1.0,2,1898.0
0.9999999,23,0,0.302149178,790.0,2,0,0,0,0.0,0,790.0
0.9999999,83,0,0.138818059,13333.0,3,0,2,0,0.0,0,13333.0
0.9999999,46,0,0,2000.0,0,0,0,0,0.0,0,2000.0
0.097708432,41,0,0.316273675,50000.0,12,0,7,0,2.0,0,16666.666666666668
0.318482724,45,0,1052,0.0,11,0,1,0,1.0,0,0.0
0.655812625,61,0,0.506940589,1800.0,3,0,1,0,0.0,0,1800.0
0.267233741,41,0,0.273171583,5728.0,6,0,1,0,3.0,0,1432.0
0.275947939,56,3,0.091841324,11116.0,7,0,0,0,0.0,3,11116.0
0.065793421,42,1,0.272970632,12700.0,12,0,2,0,4.0,1,2540.0
0,63,0,0.426816494,10500.0,9,0,1,0,0.0,0,10500.0
0.288266301,66,1,0.60150958,5166.0,15,0,1,0,0.0,1,5166.0
0.853624122,60,0,1.105.064.248,3968.0,9,0,2,0,1.0,0,1984.0
0.954292244,51,0,0.494876533,5952.0,9,1,2,0,1.0,1,2976.0
0.352061708,49,1,0.937272727,3299.0,7,1,2,2,1.0,4,1649.5
0.138908542,27,0,0.038756196,2218.0,9,0,0,0,0.0,0,2218.0
0.987571784,44,1,0.59182382,7900.0,21,0,2,0,2.0,1,2633.3333333333335
0.008636284,46,0,0.131408625,13750.0,8,0,1,0,3.0,0,3437.5
0.141916664,75,0,1009,0.0,11,0,1,0,0.0,0,0.0
0.055192641,34,0,0.648142301,9500.0,10,0,5,0,2.0,0,3166.6666666666665
0.10121815,82,0,0.060750596,7966.0,7,0,0,0,0.0,0,7966.0
1.074.179.743,28,1,0.063541435,4500.0,3,5,0,0,0.0,6,4500.0
0.529633399,65,1,1.400.897.532,1336.0,9,0,1,0,1.0,1,668.0
0.046860818,48,0,0.786885246,2500.0,11,0,1,0,3.0,0,625.0
0.138454075,42,0,0.687640062,5800.0,8,0,1,0,2.0,0,1933.3333333333333
0.9999999,29,0,0.332179931,2600.0,7,0,0,0,0.0,0,2600.0
0.154090564,60,0,0.429151695,6400.0,11,0,1,0,0.0,0,6400.0
0.287373563,59,0,0.662263477,2800.0,6,0,1,0,0.0,0,2800.0
0.024137141,45,0,0.251222041,6750.0,15,0,1,0,2.0,0,2250.0
0.014209378,77,0,0.196056651,3600.0,13,0,1,0,0.0,0,3600.0
0.113196517,69,0,0.980862611,3500.0,17,0,2,0,1.0,0,1750.0
0.036432696,65,0,0.124393472,2266.0,9,0,0,0,0.0,0,2266.0
0.295680935,50,0,0.135439049,13961.0,6,0,2,0,1.0,0,6980.5
0.849766413,41,0,0.218520986,1500.0,6,0,0,0,3.0,0,375.0
0.473085671,37,1,0.01820903,4008.0,3,0,0,0,2.0,1,1336.0
0.430625655,29,0,0.293353323,2000.0,3,0,0,0,0.0,0,2000.0
0.013844137,52,0,0.419716057,5000.0,11,0,1,0,1.0,0,2500.0
0.042913411,82,0,0.110087903,7166.0,12,0,1,0,0.0,0,7166.0
0.391721656,41,0,0.199046301,6500.0,3,0,1,0,1.0,0,3250.0
0.046362432,62,0,0.022391044,2500.0,4,0,0,0,0.0,0,2500.0
0.285348208,60,0,1.618.350.589,2800.0,14,0,2,0,3.0,0,700.0
0.892861275,70,0,0.448637317,6200.0,9,0,2,0,0.0,0,6200.0
0.897489686,28,0,0.776111944,2000.0,8,0,0,0,0.0,0,2000.0
0.771681888,39,1,0.231109841,7000.0,5,0,1,0,2.0,1,2333.3333333333335
0.956898467,65,0,0.534115921,4088.0,4,0,1,0,0.0,0,4088.0
0.94740263,39,0,0.344794878,4216.0,5,0,1,0,0.0,0,4216.0
0.024834619,72,0,0.003333016,10500.0,10,0,0,0,0.0,0,10500.0
0.037588497,43,0,0.167287978,2145.0,6,0,0,0,0.0,0,2145.0
0.813656646,63,1,"0,85",14999.0,8,0,0,0,2.0,1,4999.666666666667
0.947605239,41,4,0.74145171,5000.0,5,1,1,1,2.0,6,1666.6666666666667
0.412391739,36,0,0.24695061,5000.0,5,0,1,0,2.0,0,1666.6666666666667
0.028075563,45,0,0.317589992,7833.0,12,1,2,0,0.0,1,7833.0
0.004210457,45,0,0.189566837,4293.0,6,0,1,0,1.0,0,2146.5
0.330966973,37,0,1.011.661.808,2400.0,13,0,0,0,3.0,0,600.0
0.516139885,52,0,0.247985676,3350.0,6,0,0,0,2.0,0,1116.6666666666667
0.691138481,54,0,0.68786808,13583.0,9,0,1,0,0.0,0,13583.0
0.400519896,45,0,0.192390216,6990.0,8,0,2,0,3.0,0,1747.5
0.113398985,25,1,0.018328242,3600.0,4,0,0,0,0.0,1,3600.0
0.03234827,36,0,0.435155209,5250.0,10,0,1,0,2.0,0,1750.0
0.066386324,64,0,0.184363394,10500.0,13,0,1,0,0.0,0,10500.0
0.027863483,65,0,0.230838299,12250.0,13,0,2,0,0.0,0,12250.0
0.213849287,31,0,0.322834646,1650.0,2,0,0,0,0.0,0,1650.0
0.100117136,50,1,0.208879185,12365.0,15,0,2,0,0.0,1,12365.0
0.217556489,82,0,0.104074402,4515.0,6,0,0,0,0.0,0,4515.0
0.9999999,41,1,0.133297787,3750.0,2,3,0,1,0.0,5,3750.0
0.052834752,67,0,0.073616335,3721.0,6,0,0,0,0.0,0,3721.0
0.509911182,36,0,0.083981842,3083.0,4,1,0,0,0.0,1,3083.0
0,30,1,0.203243243,1849.0,2,0,0,0,0.0,1,1849.0
0.527631491,58,0,0.397263878,3800.0,7,0,1,0,2.0,0,1266.6666666666667
0.140571619,48,1,0.256227123,11200.0,7,0,2,0,2.0,1,3733.3333333333335
0.164640786,49,0,0.381500788,8248.0,9,0,1,0,0.0,0,8248.0
0.048417712,66,0,0.551823204,4524.0,22,0,2,0,0.0,0,4524.0
0.150536082,33,0,1.073.855.244,1353.0,12,0,1,0,2.0,0,451.0
0.014713865,75,0,0.167430237,2400.0,6,0,1,0,1.0,0,1200.0
0.9999999,46,0,0.441378143,11812.0,5,0,2,0,0.0,0,11812.0
0.9999999,30,0,0.143697264,3910.0,3,0,0,1,3.0,1,977.5
0.061926219,70,0,0.206582876,14400.0,4,0,1,0,2.0,0,4800.0
0.116355284,60,0,0.853658537,2500.0,9,0,1,0,1.0,0,1250.0
0.307892673,33,1,0.108656318,10500.0,9,0,0,0,3.0,1,2625.0
0.910699535,69,5,9.530.092.237,2601.0,14,1,2,5,1.0,11,1300.5
0.044137683,60,1,0.31285216,3726.0,6,0,1,0,0.0,1,3726.0
0.25274945,66,0,0.517186251,1250.0,3,0,0,0,0.0,0,1250.0
0.006417774,55,0,0.216343955,6558.0,6,0,1,0,0.0,0,6558.0
0.9999999,24,0,0,0.0,1,0,0,0,0.0,0,0.0
1.111.111.111,57,0,0.285904698,3000.0,5,3,0,0,0.0,3,3000.0
0.060321036,64,0,0.454755191,3900.0,9,0,1,0,1.0,0,1950.0
0.030620861,61,0,0.00499875,4000.0,2,0,0,0,0.0,0,4000.0
0.366938521,46,1,0.399232246,4167.0,4,0,1,0,3.0,1,1041.75
0.169183082,50,0,0.251978519,7075.0,4,0,1,0,2.0,0,2358.3333333333335
0.679239609,63,1,0.740417427,12600.0,15,0,9,0,1.0,1,6300.0
0.014247538,83,0,0.452586207,3943.0,18,0,1,0,0.0,0,3943.0
0.129725004,53,0,0.331185424,9000.0,5,0,2,0,1.0,0,4500.0
0.647713905,63,0,0.190271571,5817.0,3,0,1,0,0.0,0,5817.0
0.068314535,51,0,0.183940774,1755.0,4,0,0,0,0.0,0,1755.0
0.038608085,68,0,16.949.709,6700.0,20,0,1,0,0.0,0,6700.0
0.02161913,72,0,0.232801074,6700.0,15,0,2,0,0.0,0,6700.0
0.914618073,57,0,0.109633028,4359.0,2,0,0,0,0.0,0,4359.0
0.31546765,47,0,0.442357612,6548.0,8,0,2,0,3.0,0,1637.0
0.243918438,48,0,0.177770027,8600.0,15,0,1,0,2.0,0,2866.6666666666665
0.518566254,42,0,0.796440712,5000.0,6,0,1,0,2.0,0,1666.6666666666667
0.4383292,52,0,0.227920755,5400.0,12,0,0,0,1.0,0,2700.0
0.349770365,41,0,0.578910684,10042.0,10,0,3,0,0.0,0,10042.0
0.050083948,49,0,0.465576005,4400.0,17,0,1,0,3.0,0,1100.0
0.061698458,48,0,1.327.181.853,2600.0,6,0,1,0,1.0,0,1300.0
0,45,0,0.223477874,15750.0,14,0,2,0,2.0,0,5250.0
0.689517997,54,0,0.467803587,3400.0,6,0,1,0,1.0,0,1700.0
1.000.684.175,51,1,0.4777322,6825.0,14,0,2,0,1.0,1,3412.5
0.013781568,67,0,0.00439912,5000.0,9,0,0,0,0.0,0,5000.0
0.677426451,43,0,0.58930603,5273.0,7,0,1,0,3.0,0,1318.25
0.344430772,51,0,0.769137548,4950.0,19,0,2,0,3.0,0,1237.5
0.028780137,63,0,0.122131953,11200.0,7,0,1,0,0.0,0,11200.0
0.005267736,69,0,0.001523664,10500.0,17,0,0,0,0.0,0,10500.0
0.012906674,72,0,0.475077195,6800.0,11,0,2,0,0.0,0,6800.0
0.434164728,59,0,0.507219548,2700.0,6,0,1,0,0.0,0,2700.0
0.248797362,32,0,0.248876175,2446.0,6,0,0,0,0.0,0,2446.0
0.005021953,91,1,0.142492875,20000.0,11,0,2,0,1.0,1,10000.0
0.424986537,60,0,0.615769176,7000.0,15,0,2,0,0.0,0,7000.0
1.067.350.697,31,0,0.247996228,2120.0,4,0,1,1,1.0,1,1060.0
0.085075703,30,0,0.182798719,17800.0,13,0,2,0,0.0,0,17800.0
0.001536607,62,0,491,0.0,10,0,0,0,0.0,0,0.0
0.143445481,36,0,0.13484516,4100.0,11,0,0,0,0.0,0,4100.0
0.084125719,45,0,0.362125045,8300.0,10,0,2,0,2.0,0,2766.6666666666665
0,70,0,0.11584648,4246.0,3,0,0,0,0.0,0,4246.0
0.103702258,47,0,0.227210351,5100.0,6,0,1,0,0.0,0,5100.0
0.724136921,43,1,0.242074928,5204.0,13,0,0,0,4.0,1,1040.8
0.115116296,52,0,0.14979209,10340.0,9,0,1,0,2.0,0,3446.6666666666665
0.000378939,64,0,0.241806452,3874.0,7,0,1,0,0.0,0,3874.0
0.297156236,44,0,0.030455154,5975.0,2,0,0,0,1.0,0,2987.5
0.344106236,48,0,0.375924815,5000.0,3,0,0,0,0.0,0,5000.0
0.844194975,71,0,0.465316835,8000.0,9,0,1,0,2.0,0,2666.6666666666665
0,67,0,0.266278078,14067.0,10,0,3,0,2.0,0,4689.0
0.9999999,40,0,0,3191.0,1,0,0,0,1.0,0,1595.5
0.998734337,52,1,0.324688797,5783.0,10,0,2,0,0.0,1,5783.0
0.670276071,31,0,0.691281563,2098.0,7,0,1,0,0.0,0,2098.0
0.496532684,49,0,0.595890411,5401.0,13,0,1,0,0.0,0,5401.0
0.9999999,38,0,0.019993336,3000.0,1,0,0,0,1.0,0,1500.0
0.1541108,30,0,0.856699431,1932.0,11,0,0,0,0.0,0,1932.0
0.028924598,59,4,0.319568043,10000.0,13,0,2,1,3.0,5,2500.0
0.012553429,63,0,0.018392643,2500.0,10,0,0,0,0.0,0,2500.0
1.055.625.509,55,1,0.46831472,7968.0,21,0,1,2,0.0,3,7968.0
0.004176225,63,0,0.453233338,7066.0,6,0,2,0,0.0,0,7066.0
0.048520819,63,0,0.277962014,6633.0,9,0,2,0,0.0,0,6633.0
0.020652734,60,0,0.009596162,2500.0,8,0,0,0,1.0,0,1250.0
0.057798555,43,0,0.264227981,12000.0,7,0,1,0,1.0,0,6000.0
0.061862112,34,0,0.389098389,8750.0,7,0,1,0,1.0,0,4375.0
0.045831806,67,0,0.200799927,11000.0,7,0,2,0,0.0,0,11000.0
0.080257236,75,1,0.45821266,4833.0,11,0,1,0,1.0,1,2416.5
0.342627753,48,0,0.404583423,4668.0,6,0,1,0,4.0,0,933.6
0.508732945,40,0,0.502110642,4500.0,8,0,2,0,3.0,0,1125.0
0.844942589,71,2,0.950508249,6000.0,16,2,1,0,0.0,4,6000.0
0.042416644,64,0,0.264439264,3860.0,7,0,1,0,0.0,0,3860.0
0,29,0,0.325306679,2200.0,12,0,0,0,0.0,0,2200.0
1.035.964.036,43,2,0.354019159,2400.0,10,2,1,1,0.0,5,2400.0
0.183483381,51,0,0.324144199,3300.0,9,0,1,0,1.0,0,1650.0
0.034484152,44,0,0.114104223,8500.0,5,0,1,0,2.0,0,2833.3333333333335
0.035773706,44,0,0.951006124,8000.0,17,0,4,0,2.0,0,2666.6666666666665
0.389752573,50,2,0.463567054,8000.0,12,0,1,0,0.0,2,8000.0
0.088831211,36,1,0.561367381,2427.0,7,0,0,1,0.0,2,2427.0
0.260396776,67,1,0.28333683,14300.0,20,0,0,0,0.0,1,14300.0
0.060650519,69,0,0.032900433,2309.0,8,0,0,0,0.0,0,2309.0
0.019999163,67,0,0.30417708,2800.0,19,0,2,0,0.0,0,2800.0
0.131907653,57,0,0.238917406,15000.0,14,0,2,0,2.0,0,5000.0
0.638722555,22,0,04.05,1.0,2,0,0,0,0.0,0,1.0
0.535689375,76,0,0.075219197,6500.0,7,0,0,0,0.0,0,6500.0
0.041332644,66,0,0.26144683,16117.0,11,0,1,0,1.0,0,8058.5
0.172242721,50,0,0.339196445,5400.0,11,0,2,0,3.0,0,1350.0
0.352599627,38,0,0.514226945,5833.0,19,0,2,0,0.0,0,5833.0
0.049802837,61,0,0.529720039,7250.0,10,0,2,0,0.0,0,7250.0
0.493853372,69,0,2.427.181.843,3700.0,20,0,3,0,0.0,0,3700.0
0,51,0,0.347563701,4473.0,11,0,1,0,0.0,0,4473.0
0.485902819,37,0,0.180915922,7052.0,3,0,0,0,0.0,0,7052.0
0.1394877,68,0,0.268910363,3000.0,6,0,0,0,0.0,0,3000.0
1.003.984.064,39,1,0.520664506,2467.0,9,0,1,0,3.0,1,616.75
0.589570033,28,0,0.136144326,4766.0,4,0,0,0,0.0,0,4766.0
0.370465181,52,0,0.307668641,13000.0,3,0,2,0,3.0,0,3250.0
0.930369128,38,0,0.167681949,3118.0,5,0,0,0,6.0,0,445.42857142857144
0.193220618,47,0,0.039276858,12500.0,7,0,0,1,0.0,1,12500.0
0.106980731,64,0,0.0794329,5148.0,3,0,0,0,0.0,0,5148.0
0.353154692,45,3,0.109397315,3500.0,6,0,0,1,4.0,4,700.0
0.998892342,36,0,0.924018995,4000.0,7,0,1,0,2.0,0,1333.3333333333333
0.518422793,49,0,0.176648581,9583.0,11,0,0,0,0.0,0,9583.0
0.003839912,86,0,0.001332889,3000.0,2,0,0,0,0.0,0,3000.0
0.042546655,49,0,0.415388754,11150.0,11,0,3,0,0.0,0,11150.0
0.9999999,45,0,0.550907978,4900.0,4,3,2,1,0.0,4,4900.0
0.953752312,44,1,5.435.564.436,1000.0,6,0,1,1,2.0,2,333.3333333333333
0.993704869,28,1,0.103136182,4750.0,13,0,0,0,3.0,1,1187.5
0.60159991,63,0,0.604719764,2033.0,8,0,0,0,0.0,0,2033.0
0.167179188,73,0,0.468089558,4778.0,14,0,2,0,0.0,0,4778.0
0.108204796,50,0,0.853154085,2900.0,16,0,1,0,1.0,0,1450.0
0.828540987,46,0,0.520394737,7599.0,7,0,1,0,1.0,0,3799.5
0.101934315,55,0,0.181896108,5832.0,4,0,1,0,1.0,0,2916.0
0.9999999,82,0,0,439.0,0,0,0,0,0.0,0,439.0
0.105448211,36,0,0.019596081,5000.0,4,0,0,0,1.0,0,2500.0
0.059542007,59,0,105.997.648,2550.0,14,0,1,0,0.0,0,2550.0
0,46,0,0.930298991,5250.0,12,0,4,0,3.0,0,1312.5
0.449547017,66,0,0.91928934,3939.0,6,0,2,0,0.0,0,3939.0
0.156706887,40,0,0.433478471,6200.0,11,0,2,0,4.0,0,1240.0
0.040623393,59,0,0.838332807,6333.0,26,0,3,0,1.0,0,3166.5
0.634814582,68,0,0.420438637,4285.0,7,0,2,0,0.0,0,4285.0
0.113667235,64,0,0.168566287,1666.0,11,0,0,0,1.0,0,833.0
0.460677841,41,0,0.731256086,1026.0,4,0,0,0,3.0,0,256.5
0.083130527,78,0,0.034321893,3000.0,5,0,0,0,0.0,0,3000.0
0.004561833,57,0,0.378124081,3400.0,7,0,1,0,1.0,0,1700.0
0.014373535,45,0,0.088563632,8061.0,4,0,1,0,0.0,0,8061.0
0.069450411,57,5,0.488660125,12433.0,23,0,3,0,0.0,5,12433.0
0.434500268,40,0,0.366204865,9166.0,9,0,1,0,0.0,0,9166.0
0.140634485,45,0,0.384046487,3785.0,7,0,2,0,2.0,0,1261.6666666666667
0,63,0,0.230683091,6250.0,8,0,2,0,2.0,0,2083.3333333333335
0.338876338,40,0,0.38189552,7522.0,7,0,1,0,3.0,0,1880.5
0.13788748,57,0,0.299596282,10650.0,7,0,3,0,0.0,0,10650.0
0.002132979,91,0,0.001428435,10500.0,7,0,0,0,0.0,0,10500.0
0.200331412,50,0,0.466615057,5166.0,18,0,1,0,0.0,0,5166.0
0.269150272,38,0,0.063822998,9400.0,10,0,0,0,1.0,0,4700.0
0.650749923,43,0,0.190294957,1050.0,5,0,0,0,0.0,0,1050.0
0.602955727,54,0,0.262918199,5708.0,7,0,0,0,2.0,0,1902.6666666666667
0,69,0,0.394467601,7916.0,12,0,2,0,1.0,0,3958.0
0.999922064,58,1,0.309233747,8782.0,4,0,1,1,4.0,2,1756.4
0.319734013,65,0,0.132347061,5001.0,2,0,0,0,0.0,0,5001.0
0.048590173,50,0,0.407312197,3500.0,14,0,2,0,2.0,0,1166.6666666666667
0.049665484,44,0,0.219055266,7472.0,10,0,1,0,3.0,0,1868.0
0.704352032,56,4,0.523141655,12833.0,19,0,3,1,0.0,5,12833.0
0.096116534,57,0,0.929519451,2184.0,6,0,1,0,0.0,0,2184.0
0.321038503,46,0,0.199482939,41000.0,9,0,4,0,2.0,0,13666.666666666666
0.695566744,62,0,0.745272767,4600.0,13,0,1,0,1.0,0,2300.0
0.204179582,54,0,0.038371201,43000.0,4,0,1,0,0.0,0,43000.0
0.594403832,48,0,0.256918893,6250.0,4,0,1,0,0.0,0,6250.0
0.230777723,36,0,0.507186602,8000.0,12,0,1,0,0.0,0,8000.0
0.001899151,42,0,0.938030985,2000.0,7,0,1,0,1.0,0,1000.0
0,31,0,0.633202955,2300.0,7,0,1,0,0.0,0,2300.0
0.593640636,50,0,0.339660159,5531.0,7,0,1,0,2.0,0,1843.6666666666667
0.9999999,55,0,0.567727609,1350.0,0,1,0,0,0.0,1,1350.0
0,50,0,0.345676727,5400.0,5,0,2,0,1.0,0,2700.0
0.022744911,79,0,0.002749313,4000.0,2,0,0,0,0.0,0,4000.0
0.152625574,43,0,0.597038604,7563.0,14,0,2,0,0.0,0,7563.0
0.059267746,61,0,0.263122813,6000.0,4,0,1,0,0.0,0,6000.0
0.076541347,33,0,0.256794175,9750.0,21,0,1,0,0.0,0,9750.0
0.9999999,49,0,0.000666593,9000.0,1,0,0,0,3.0,0,2250.0
0.026846427,72,0,0.26563598,4268.0,12,0,2,0,0.0,0,4268.0
0.0036296,79,0,0.003199147,3750.0,11,0,0,0,0.0,0,3750.0
0.435904273,43,0,0.353206239,5769.0,5,0,1,0,0.0,0,5769.0
0.8995149,58,0,0.74285143,5000.0,5,1,1,0,1.0,1,2500.0
0.696411671,52,0,0.408871921,11000.0,11,0,1,0,4.0,0,2200.0
0.297870063,49,0,0.711168639,8111.0,16,0,4,0,2.0,0,2703.6666666666665
0.745093532,31,0,0.571154308,4166.0,11,0,1,0,0.0,0,4166.0
0.5249501,29,0,0.080153588,4166.0,3,0,0,0,0.0,0,4166.0
0.943659889,53,0,0.714576962,980.0,7,0,0,0,2.0,0,326.6666666666667
0.046414733,55,0,0.222629562,6000.0,5,0,1,0,0.0,0,6000.0
0.02271057,63,0,0.709548409,6000.0,9,0,3,0,0.0,0,6000.0
0.069961233,48,0,0.626074499,1395.0,7,0,1,0,0.0,0,1395.0
0.022239555,37,0,0.006235828,5291.0,3,0,0,0,0.0,0,5291.0
0.580272784,47,1,3.643.067.583,11200.0,19,0,3,0,2.0,1,3733.3333333333335
0.158797585,42,0,0.299184741,6500.0,12,0,3,0,2.0,0,2166.6666666666665
0.223888056,23,1,0.014460512,898.0,2,0,0,0,0.0,1,898.0
0.757260294,33,0,0.173191313,7228.0,7,0,0,0,2.0,0,2409.3333333333335
0.591321334,42,1,0.389230319,6833.0,13,0,1,0,2.0,1,2277.6666666666665
0,37,1,0.422720354,21680.0,17,0,6,0,4.0,1,4336.0
0.022750591,83,0,0.352881826,7928.0,10,0,2,0,0.0,0,7928.0
0.04045749,65,0,0.986113482,17570.0,20,0,11,0,0.0,0,17570.0
0.135045802,70,0,1.425.628.597,3300.0,11,0,1,0,0.0,0,3300.0
0.502449328,57,0,0.320398718,2808.0,5,0,0,0,1.0,0,1404.0
0.8606901,45,0,0.055393586,2400.0,8,0,0,0,0.0,0,2400.0
0.091512533,43,0,2496,0.0,11,0,2,0,0.0,0,0.0
0.001976629,54,0,0.00021097,4739.0,2,0,0,0,1.0,0,2369.5
0.9520998,34,0,0.922022279,3500.0,6,0,2,0,0.0,0,3500.0
0.0936246,62,1,0.518959393,10416.0,12,0,3,0,1.0,1,5208.0
0.822274281,62,0,0.727168841,10500.0,14,0,2,0,0.0,0,10500.0
0.625553965,68,1,0.783495534,7500.0,17,0,4,0,0.0,1,7500.0
0.016619686,57,0,0.316504031,2356.0,17,0,2,0,0.0,0,2356.0
0.196628812,41,0,0.038784486,2500.0,3,0,0,0,0.0,0,2500.0
0.483051695,64,0,0.418550454,4290.0,4,0,2,0,0.0,0,4290.0
0.417129144,37,0,0.315640363,12000.0,4,0,2,0,2.0,0,4000.0
0.080657705,64,0,0.394800743,7000.0,5,0,2,0,0.0,0,7000.0
0.670762445,33,0,0.095726068,4000.0,2,0,0,0,3.0,0,1000.0
0.824351297,34,0,0.005215124,2300.0,1,0,0,0,0.0,0,2300.0
0.140704001,72,0,0.433731252,9800.0,21,0,2,0,0.0,0,9800.0
0.370444852,44,0,0.485178903,12380.0,14,0,1,0,2.0,0,4126.666666666667
0.107131856,67,1,0.461672812,5152.0,16,0,1,0,0.0,1,5152.0
0.249008508,29,0,0.275097784,2300.0,8,0,0,0,0.0,0,2300.0
0.04569372,49,0,0.300174956,4000.0,14,0,1,0,1.0,0,2000.0
0.111675533,59,0,0.611038679,2300.0,3,0,2,0,0.0,0,2300.0
0.325334564,39,0,0.535785686,2500.0,3,0,1,0,2.0,0,833.3333333333334
0.788011157,36,0,0.258359873,5023.0,6,0,0,0,2.0,0,1674.3333333333333
0.173771186,51,1,0.038214186,10728.0,11,0,0,0,2.0,1,3576.0
0.236080102,39,0,0.328458943,8000.0,14,0,1,0,3.0,0,2000.0
0.065841651,60,0,0.148453279,18813.0,10,0,1,0,2.0,0,6271.0
0.612581676,55,2,0.064095511,18175.0,9,0,0,0,0.0,2,18175.0
0.113148761,48,0,147.05.00,1.0,19,0,0,0,4.0,0,0.2
0.658606265,41,0,0.331726477,5600.0,11,0,1,0,3.0,0,1400.0
0.032247032,67,0,0.01179764,5000.0,6,0,0,0,0.0,0,5000.0
0.100179964,63,1,0.386804253,3197.0,3,1,1,0,1.0,2,1598.5
0.02425645,36,0,0.293386659,7000.0,5,0,1,0,2.0,0,2333.3333333333335
0.011454796,71,1,0.000957854,9395.0,8,0,0,1,0.0,2,9395.0
0.052466598,34,0,0.462852988,8250.0,14,0,3,0,4.0,0,1650.0
0.557554051,53,0,0.447330076,11666.0,15,0,3,0,0.0,0,11666.0
0.599894954,46,0,0.461460188,3930.0,7,0,1,0,2.0,0,1310.0
0.235110537,55,0,0.331578947,5509.0,11,0,1,0,0.0,0,5509.0
0.355522886,57,0,0.256354314,9166.0,10,0,2,0,0.0,0,9166.0
0.024641302,51,0,0.057780097,7666.0,5,0,0,0,0.0,0,7666.0
0.567153705,59,0,1.024.743.814,4000.0,20,0,3,0,2.0,0,1333.3333333333333
0.342240366,45,0,1.386.347.989,10166.0,14,0,6,0,1.0,0,5083.0
0.175856226,45,1,0.423624686,3580.0,8,0,1,0,3.0,1,895.0
0,38,0,0.124775045,5000.0,3,0,1,0,3.0,0,1250.0
0.202253183,61,0,0.402521191,4600.0,6,0,1,0,0.0,0,4600.0
0.993480261,47,0,0.443288241,11531.0,5,0,2,0,0.0,0,11531.0
0.017882248,49,0,0.310654484,25500.0,13,0,3,0,1.0,0,12750.0
0.537333242,67,0,0.658417698,8000.0,15,0,3,0,2.0,0,2666.6666666666665
0.633091254,39,0,0.100508187,7083.0,7,0,0,0,1.0,0,3541.5
0.035867616,76,0,0.002852853,6659.0,1,0,0,0,0.0,0,6659.0
0.986149584,45,0,0.549196972,5416.0,6,0,1,0,0.0,0,5416.0
0.13411868,58,0,0.318433069,4160.0,7,0,1,0,0.0,0,4160.0
0.261611773,48,0,0.469255124,6000.0,10,0,2,0,4.0,0,1200.0
0.101849349,50,0,0.027847197,2800.0,5,0,0,0,0.0,0,2800.0
0.715761328,61,0,0.426391009,7206.0,32,0,0,0,0.0,0,7206.0
0.139093309,36,1,1.093.322.921,2560.0,11,0,1,0,0.0,1,2560.0
0,61,0,0.191150863,12633.0,8,0,3,0,1.0,0,6316.5
0.9999999,82,0,0.053189362,5000.0,1,0,1,0,0.0,0,5000.0
0.034014,71,0,0.156084656,5669.0,9,0,1,0,0.0,0,5669.0
0.024120228,55,0,0.219372229,11500.0,13,0,2,0,1.0,0,5750.0
0.234463097,51,0,0.418700097,13400.0,5,0,1,0,1.0,0,6700.0
0.00978913,89,0,0.002866356,2790.0,6,0,0,0,0.0,0,2790.0
0.121624231,56,0,0.252120667,17800.0,14,0,3,0,1.0,0,8900.0
0.097090291,65,0,0.102779444,5000.0,2,0,0,0,0.0,0,5000.0
0.293221366,33,1,0.299581894,5500.0,7,0,0,1,0.0,2,5500.0
0.16435766,37,0,0.283716284,1000.0,8,0,0,0,0.0,0,1000.0
0.892086331,35,1,0.195155393,4375.0,4,1,0,0,0.0,2,4375.0
0.711572107,42,0,0.836903742,3500.0,3,0,1,0,0.0,0,3500.0
0.626849753,31,0,0.218329939,2454.0,6,0,0,0,0.0,0,2454.0
0.982865948,45,0,114.309.301,3633.0,9,0,3,0,2.0,0,1211.0
0.209663227,34,0,0.374813869,4700.0,8,0,1,0,4.0,0,940.0
0.896010946,29,1,0.199111769,1350.0,4,0,0,0,0.0,1,1350.0
0.530984829,37,0,0.523895221,5000.0,8,0,1,0,2.0,0,1666.6666666666667
0.911289633,34,1,3.821.963.394,600.0,5,0,2,0,3.0,1,150.0
0.881955902,48,1,0.547337991,4150.0,8,0,1,0,2.0,1,1383.3333333333333
0.893900564,37,1,0.096197595,3076.0,4,1,0,0,0.0,2,3076.0
0.677690082,64,0,0.55416042,5335.0,9,0,1,0,1.0,0,2667.5
0.19047619,49,0,0.11447679,5083.0,17,0,0,0,0.0,0,5083.0
0.343393696,45,0,0.488355681,4250.0,7,0,1,0,4.0,0,850.0
0.504037399,31,0,0.267110997,3900.0,7,0,0,0,0.0,0,3900.0
0.05635339,74,0,0.002726447,3300.0,5,0,0,0,0.0,0,3300.0
0.9999999,23,1,0.248089359,1700.0,2,0,0,0,0.0,1,1700.0
0.046738446,80,0,0.032644903,1500.0,6,0,0,0,2.0,0,500.0
0,36,0,0.180487805,3689.0,4,0,0,0,2.0,0,1229.6666666666667
0.783937824,58,2,0.372837088,6125.0,19,2,1,1,1.0,5,3062.5
0.010497376,49,0,0.000249938,4000.0,1,0,0,0,2.0,0,1333.3333333333333
0.181596808,44,0,0.061728395,1700.0,5,0,0,0,0.0,0,1700.0
0.960004371,74,3,0.188918975,4800.0,8,0,0,0,0.0,3,4800.0
0,75,0,0.447672854,3716.0,8,0,1,0,1.0,0,1858.0
0.207278589,75,0,1.655.672.164,2000.0,9,0,2,0,0.0,0,2000.0
0.9999999,44,1,0.339787633,1600.0,1,1,1,0,0.0,2,1600.0
0.189139584,62,0,0.198121307,19800.0,11,0,3,0,1.0,0,9900.0
0.007328965,84,2,0.220107997,11666.0,17,0,3,0,0.0,2,11666.0
0.161644287,52,0,0.134433192,6121.0,8,0,0,0,0.0,0,6121.0
0,35,0,0.070194384,8333.0,3,0,0,0,0.0,0,8333.0
0.449643934,68,0,0.791402866,3000.0,12,0,2,0,0.0,0,3000.0
0.146758185,64,0,0.084166515,5500.0,19,0,0,0,0.0,0,5500.0
0.18950986,41,1,0.239263804,4400.0,11,0,0,0,1.0,1,2200.0
0.275305059,52,0,0.389333333,7499.0,9,0,3,0,1.0,0,3749.5
0.409240865,49,0,2602,0.0,10,0,1,0,0.0,0,0.0
0.015533493,51,0,0.341898721,9300.0,13,0,2,0,1.0,0,4650.0
0,55,0,0.474495639,11350.0,3,0,1,0,1.0,0,5675.0
0.016017574,64,1,0.329406931,7300.0,9,0,1,1,0.0,2,7300.0
0.099204794,48,0,0.177431515,3978.0,8,0,1,0,0.0,0,3978.0
0.00077842,65,1,0.125327225,9167.0,10,0,1,0,0.0,1,9167.0
0.062476613,55,0,0.216715189,14082.0,6,0,1,0,2.0,0,4694.0
0,38,0,0.987604958,2500.0,6,0,2,0,1.0,0,1250.0
0.264210583,41,0,0.502265372,6179.0,12,0,2,0,0.0,0,6179.0
0.238914154,59,0,0.32783408,8485.0,12,0,1,0,0.0,0,8485.0
0.696665167,45,1,0.301389905,4100.0,4,0,2,0,3.0,1,1025.0
0.091200905,64,0,0.094181507,10500.0,22,0,1,0,0.0,0,10500.0
0.016443988,69,0,0.050585597,4012.0,6,0,0,0,0.0,0,4012.0
0.814880952,41,0,0.19026991,3000.0,7,2,0,6,1.0,8,1500.0
0.105966254,65,1,0.043912888,2800.0,9,0,0,0,0.0,1,2800.0
0.090019782,50,0,0.015373078,8000.0,2,0,0,0,3.0,0,2000.0
0.103579284,44,0,0.004389816,3416.0,6,0,0,0,2.0,0,1138.6666666666667
0.030572063,37,0,0.012574454,3021.0,4,0,0,0,0.0,0,3021.0
0.073930433,52,2,0.521593991,4792.0,5,2,0,0,0.0,4,4792.0
0.678065347,36,0,0.486265946,8700.0,12,0,3,0,0.0,0,8700.0
0.327822035,59,1,1.135.929.944,7650.0,21,0,4,1,5.0,2,1275.0
0.135407518,61,0,0.343653846,5199.0,12,0,1,0,0.0,0,5199.0
0.007926047,40,0,0.226295617,6000.0,9,0,1,0,0.0,0,6000.0
0.025053634,84,0,0.0059988,3333.0,5,0,0,0,0.0,0,3333.0
0.040871038,46,0,0.292311985,7166.0,11,0,1,0,0.0,0,7166.0
0.389219882,43,0,1.118.220.445,4000.0,20,0,2,0,0.0,0,4000.0
0.002109616,63,0,0.404159382,10866.0,14,0,2,0,0.0,0,10866.0
0.021437579,28,0,0.000856898,3500.0,4,0,0,0,1.0,0,1750.0
0.461712813,53,0,0.263522174,3900.0,6,0,1,0,0.0,0,3900.0
0.093695126,76,0,0.300815892,2818.0,7,0,1,0,1.0,0,1409.0
0.097371582,70,0,0.363946042,7338.0,7,0,1,0,1.0,0,3669.0
0.165625339,59,0,0.57472443,3900.0,15,0,1,0,0.0,0,3900.0
0.097960816,24,0,0.131103422,2600.0,7,0,0,1,0.0,1,2600.0
0,32,1,0.204212781,2800.0,9,0,1,0,0.0,1,2800.0
0,43,0,0.418654478,7000.0,5,0,2,0,1.0,0,3500.0
0.184653846,47,0,0.57626037,4700.0,20,0,1,0,2.0,0,1566.6666666666667
0.825293351,25,0,0.199960792,5100.0,6,0,0,0,0.0,0,5100.0
0.053025541,32,0,1.505.174.036,1062.0,4,0,2,0,0.0,0,1062.0
0.465695278,57,0,0.576930267,5348.0,10,0,2,0,0.0,0,5348.0
0,97,0,0,0.0,3,0,0,0,0.0,0,0.0
0.768174317,61,1,0.419950579,7688.0,18,0,2,0,1.0,1,3844.0
0.034979669,59,0,1.378.730.082,8283.0,8,0,2,0,3.0,0,2070.75
0.9999999,22,1,411,0.0,1,0,0,1,0.0,2,0.0
0.877561219,37,1,0.024680476,2268.0,6,0,0,0,0.0,1,2268.0
0.97551339,50,0,0.520638361,10150.0,10,0,3,0,1.0,0,5075.0
0.557857657,44,0,0.290935673,2735.0,6,0,0,0,2.0,0,911.6666666666666
0.604039596,35,0,0.69593709,6866.0,5,0,2,0,0.0,0,6866.0
0.019839042,35,1,0.421115777,3333.0,16,0,2,0,0.0,1,3333.0
0.512379933,59,0,0.449341968,9573.0,18,0,2,0,1.0,0,4786.5
0.022984389,71,0,0.404606124,3820.0,7,0,1,0,0.0,0,3820.0
0.052955499,60,1,0.141866667,18749.0,25,0,1,0,0.0,1,18749.0
0,43,0,0.559592379,2256.0,5,1,0,0,2.0,1,752.0
0.651200877,54,0,1.145.331.191,5600.0,32,0,2,0,1.0,0,2800.0
0.799868874,47,2,0.518716578,4300.0,6,0,2,0,0.0,2,4300.0
0.494343504,51,0,0.692561488,3333.0,6,0,1,0,0.0,0,3333.0
0.215967764,63,1,0.452363811,12500.0,8,0,0,0,0.0,1,12500.0
0,58,0,0.110723732,8317.0,5,0,2,0,1.0,0,4158.5
0.047241718,50,0,0.059411696,8600.0,6,0,0,0,0.0,0,8600.0
0.001003103,59,2,0.271899716,6700.0,10,0,4,0,0.0,2,6700.0
0.106315729,31,0,0.222395023,4500.0,7,0,0,0,0.0,0,4500.0
0.578908422,59,0,0.191259313,11005.0,10,0,0,0,1.0,0,5502.5
0.083212385,49,0,0.287422167,4014.0,3,0,1,0,2.0,0,1338.0
0.9999999,25,0,0.07549121,2900.0,2,0,0,0,0.0,0,2900.0
0.901418418,47,1,1.042.054.464,2900.0,10,0,1,0,2.0,1,966.6666666666666
0.883748833,83,0,0.338548457,2300.0,4,0,0,1,0.0,1,2300.0
0.033430967,61,0,0.001737116,5180.0,3,0,0,0,1.0,0,2590.0
0.036655105,49,0,0.489031488,6700.0,11,0,1,0,2.0,0,2233.3333333333335
0.085366213,76,0,0.23943662,2200.0,7,0,1,0,0.0,0,2200.0
0.012987985,65,0,0.00620877,5153.0,11,0,0,0,0.0,0,5153.0
0.710728927,33,2,0.358390555,8300.0,10,0,1,1,2.0,3,2766.6666666666665
0,65,0,0,27.0,5,0,0,0,0.0,0,27.0
0.104412316,55,0,0.206264999,7916.0,5,0,1,0,1.0,0,3958.0
0.328526594,64,0,0.681274256,6183.0,13,0,2,0,0.0,0,6183.0
0.022767479,63,0,0.0119976,1666.0,5,0,0,0,0.0,0,1666.0
0.535274582,42,0,0.214447978,4401.0,8,0,0,0,1.0,0,2200.5
0.154687564,32,0,0.029081097,6670.0,5,0,0,0,0.0,0,6670.0
0.537055098,67,0,0.437026015,20833.0,13,0,2,0,1.0,0,10416.5
0,39,0,0.178432271,8725.0,5,0,1,0,0.0,0,8725.0
0.407450243,76,0,437,0.0,5,0,0,0,0.0,0,0.0
0.100108468,47,0,0.19255309,10500.0,25,0,2,0,0.0,0,10500.0
0.063204023,62,0,0.599744246,6255.0,6,0,1,0,0.0,0,6255.0
0.76929942,56,2,0.451178451,9800.0,18,0,1,0,0.0,2,9800.0
0.047951076,48,0,0.082073434,8333.0,12,0,0,0,0.0,0,8333.0
0.014728074,49,0,0.060567751,8700.0,7,0,1,0,3.0,0,2175.0
0.411165641,60,0,0.096204188,4583.0,7,0,0,0,0.0,0,4583.0
0.628999268,48,1,0.314814815,10583.0,11,0,3,0,2.0,1,3527.6666666666665
0.550397693,57,0,0.335155313,7500.0,9,0,0,0,0.0,0,7500.0
0.598081175,47,0,0.211452385,6478.0,11,0,0,0,2.0,0,2159.3333333333335
0.929010141,40,2,0.461933905,4084.0,6,0,1,0,3.0,2,1021.0
0.053439922,75,0,1.240.094.619,1690.0,23,0,2,0,0.0,0,1690.0
0.9999999,25,0,266,0.0,1,0,0,0,0.0,0,0.0
0.001360421,33,0,0,7500.0,4,0,0,0,0.0,0,7500.0
0.019856699,65,0,0.574960547,1900.0,10,0,1,0,0.0,0,1900.0
0.153433863,66,0,0.36337666,7000.0,4,0,1,0,1.0,0,3500.0
0.55922321,49,0,1.075.055.804,3583.0,12,0,2,0,0.0,0,3583.0
0.186159183,43,0,0.047658724,6000.0,10,0,0,0,0.0,0,6000.0
0.265680316,65,0,0.147795448,10500.0,17,0,1,0,0.0,0,10500.0
0.039659487,52,0,0.118710894,11666.0,5,0,1,0,0.0,0,11666.0
0.807706158,64,0,0.55596196,4100.0,8,0,2,0,1.0,0,2050.0
0.000559034,53,0,0.007992792,112100.0,16,0,1,0,0.0,0,112100.0
0,25,0,0.238073603,2200.0,7,0,0,0,0.0,0,2200.0
0.471866467,36,0,0.445589448,2425.0,7,0,0,0,0.0,0,2425.0
0.084714326,35,0,0.603215993,2300.0,13,0,2,0,1.0,0,1150.0
0.045638852,45,0,0.66405705,12900.0,9,0,4,0,0.0,0,12900.0
0.100424807,46,0,0.307305871,6966.0,10,0,1,0,2.0,0,2322.0
0.629792342,40,0,0.948545861,4916.0,7,0,2,0,0.0,0,4916.0
0.293756449,64,0,0.190610737,4600.0,10,0,0,0,0.0,0,4600.0
0.051799309,63,0,0.770687088,4700.0,16,0,1,0,1.0,0,2350.0
0.682943088,41,0,0.465369933,5500.0,5,0,1,0,1.0,0,2750.0
0.195651331,69,0,0.262105592,3200.0,5,0,1,0,0.0,0,3200.0
0.033494418,54,0,0.174111212,1096.0,3,0,1,0,0.0,0,1096.0
0,45,0,0.356525912,2083.0,4,0,0,0,1.0,0,1041.5
0.24186919,33,0,0.195393169,5035.0,6,0,0,0,2.0,0,1678.3333333333333
0.005432338,85,0,0.303775241,2277.0,9,0,1,0,1.0,0,1138.5
0.021655271,62,0,0.274859009,3368.0,9,0,1,0,0.0,0,3368.0
0.68962118,37,0,0.268131868,2274.0,3,0,0,1,1.0,1,1137.0
0.1987575,47,0,0.256066411,4697.0,7,0,0,0,0.0,0,4697.0
0,84,0,0,2500.0,7,0,0,0,0.0,0,2500.0
0.27605699,59,0,0.510952271,4336.0,9,0,1,0,0.0,0,4336.0
0.249918752,52,0,0.297154591,6817.0,6,0,1,0,2.0,0,2272.3333333333335
0.674618764,65,0,0.171434131,15416.0,4,0,1,0,2.0,0,5138.666666666667
0,51,0,0.234144987,10800.0,10,0,2,0,1.0,0,5400.0
0.709503649,58,0,0.625178535,4900.0,9,0,2,0,0.0,0,4900.0
0.142048584,49,0,0.413705584,4333.0,13,0,1,0,1.0,0,2166.5
0.030921676,73,0,0.312856238,6315.0,10,0,1,0,1.0,0,3157.5
0.9999999,82,0,0,2443.0,1,0,0,0,1.0,0,1221.5
0.191480852,55,0,0.054466518,7600.0,3,0,0,0,3.0,0,1900.0
0,56,0,2662,0.0,14,0,2,0,1.0,0,0.0
0.9999999,45,1,0.184172936,10500.0,3,0,1,0,3.0,1,2625.0
0.663022465,43,0,0.163736264,1819.0,3,0,0,0,0.0,0,1819.0
0.299417878,56,0,0.65971575,8583.0,11,0,2,0,0.0,0,8583.0
0.885963436,64,2,0.554417059,10832.0,13,0,6,0,0.0,2,10832.0
0.02379881,64,0,0.650689159,4860.0,7,0,2,0,0.0,0,4860.0
0.954045954,23,0,0.078100594,3200.0,8,0,0,0,0.0,0,3200.0
0.077690949,42,0,0.330794134,5250.0,11,0,2,0,2.0,0,1750.0
0.015906557,68,0,0.003499563,8000.0,5,0,0,0,0.0,0,8000.0
0.043861767,69,0,0.064119265,6908.0,7,0,1,0,0.0,0,6908.0
0.490050995,46,0,0.803228286,1300.0,3,0,1,0,2.0,0,433.3333333333333
0.05463537,55,0,0.244500407,13500.0,11,0,2,0,2.0,0,4500.0
0.320599996,56,0,0.260669262,28000.0,26,0,2,0,2.0,0,9333.333333333334
0.452989093,58,0,0.27072758,6500.0,13,0,3,1,0.0,1,6500.0
0.844184385,79,0,0.406131971,4500.0,7,0,1,0,1.0,0,2250.0
0.29162906,43,0,0.217078292,10000.0,6,0,1,0,4.0,0,2000.0
0.102877458,48,0,0.600924884,8000.0,4,0,1,0,2.0,0,2666.6666666666665
0.096246544,35,0,0.142716535,2031.0,14,0,0,0,0.0,0,2031.0
0.001719042,53,0,0.312032957,10437.0,8,0,2,0,4.0,0,2087.4
0.206259087,63,0,0.140610775,12082.0,12,0,2,0,1.0,0,6041.0
0.501719862,34,0,0.306119381,6650.0,6,0,2,0,1.0,0,3325.0
0,46,0,2.578.692.115,6391.0,12,0,3,0,3.0,0,1597.75
0.21056844,69,0,2.923.460.899,600.0,25,0,0,0,0.0,0,600.0
0.61491769,55,0,0.805659099,5901.0,24,0,1,0,0.0,0,5901.0
0.000714222,55,0,0.30071311,9114.0,5,0,1,0,0.0,0,9114.0
0.00286209,78,0,0.204290868,5266.0,8,0,1,0,0.0,0,5266.0
0.913773615,55,2,0.881655429,4300.0,17,0,2,0,1.0,2,2150.0
0.041166596,51,0,0.45850292,5650.0,9,0,2,0,0.0,0,5650.0
0.9999999,45,0,0.122429848,16000.0,2,0,2,0,3.0,0,4000.0
0.009704759,55,0,0.434857935,5771.0,9,0,1,0,0.0,0,5771.0
0,61,0,0.098869265,10700.0,6,0,1,0,3.0,0,2675.0
0.074192581,43,0,0.006664647,3300.0,5,0,0,0,1.0,0,1650.0
0.9999999,58,0,0.617514488,1552.0,6,0,1,0,0.0,0,1552.0
0.089929726,54,0,0.185234564,12000.0,7,0,1,0,4.0,0,2400.0
0.427733055,50,0,0.372658773,4644.0,10,0,2,0,0.0,0,4644.0
0.00803772,79,0,0.006586685,4250.0,8,0,0,0,0.0,0,4250.0
0.041228219,59,0,0.085832949,6500.0,5,0,0,0,0.0,0,6500.0
0.70778601,42,0,0.99387855,4083.0,7,0,2,0,0.0,0,4083.0
1.088.461.177,67,1,0.69744804,3800.0,8,0,2,2,0.0,3,3800.0
0.230743219,68,0,0.021921391,13000.0,3,0,0,0,0.0,0,13000.0
0.441971726,48,0,112.138.522,2800.0,9,0,3,1,2.0,1,933.3333333333334
0.706922397,82,2,0.703231152,6034.0,16,0,2,0,1.0,2,3017.0
0.024069709,30,0,0.223776224,1000.0,4,0,0,0,0.0,0,1000.0
0.118458769,37,0,0.267629095,1800.0,5,0,0,0,2.0,0,600.0
0.99950025,27,0,0.166066715,4166.0,11,0,0,0,0.0,0,4166.0
0.288092536,29,0,0.294463498,2040.0,7,0,0,0,0.0,0,2040.0
0.283923804,59,0,0.449965912,13200.0,12,0,2,0,1.0,0,6600.0
0.004249823,73,0,0.250319898,6251.0,10,0,2,0,0.0,0,6251.0
0.917267917,33,0,0.393038434,2757.0,4,0,0,0,1.0,0,1378.5
0.047045379,71,0,0.069437138,1900.0,8,0,0,0,0.0,0,1900.0
0.91107078,38,0,0.06572457,7500.0,3,1,0,0,0.0,1,7500.0
0.006249805,51,0,0.208819903,27573.0,8,0,1,0,2.0,0,9191.0
0.017683838,74,0,0.19017996,4500.0,12,0,1,0,0.0,0,4500.0
0.329513931,55,2,0.394520771,12300.0,22,0,3,0,0.0,2,12300.0
0.510360536,46,3,0.222242282,5538.0,13,0,0,0,1.0,3,2769.0
0,58,1,0.291876115,6166.0,10,0,2,0,0.0,1,6166.0
0.251537423,69,1,0.258093525,3335.0,2,0,1,0,0.0,1,3335.0
0.368875933,68,0,1687.05.00,1.0,31,0,1,0,0.0,0,1.0
0.9999999,63,0,0.249219238,1600.0,2,0,0,0,1.0,0,800.0
0.461624206,52,0,0.458654135,10000.0,10,0,2,0,1.0,0,5000.0
0.019541909,72,0,0.005891805,5600.0,7,0,0,0,0.0,0,5600.0
0.001352388,56,3,0.025689819,2101.0,13,0,0,0,0.0,3,2101.0
0.043388534,57,0,0.42843021,5057.0,15,0,2,0,0.0,0,5057.0
0.9999999,43,0,0.094525478,5278.0,1,0,1,0,0.0,0,5278.0
0.479091626,48,0,0.444774909,7396.0,12,0,1,1,2.0,1,2465.3333333333335
0.041591832,63,0,0.078054445,7750.0,11,0,0,0,1.0,0,3875.0
0,50,1,0.726566993,3477.0,5,0,1,0,1.0,1,1738.5
0.169525957,47,1,0.190815116,5900.0,19,0,0,0,3.0,1,1475.0
0.547764361,46,0,0.725792631,3500.0,10,0,1,0,2.0,0,1166.6666666666667
0.028165906,70,0,0.254032258,6447.0,9,0,1,0,1.0,0,3223.5
1.225.913.621,31,1,0.192722911,2500.0,2,1,0,0,0.0,2,2500.0
0.109361001,33,0,0.256365233,6833.0,7,0,2,0,1.0,0,3416.5
0.571201175,35,0,0.273454388,4625.0,11,0,0,0,3.0,0,1156.25
0.9999999,56,0,0.154897797,7533.0,3,0,1,0,1.0,0,3766.5
0.010865942,77,0,0.00079984,5000.0,5,0,0,0,0.0,0,5000.0
0.9999999,25,0,0,3250.0,0,2,0,0,0.0,2,3250.0
0,62,0,0.50609878,5000.0,11,0,2,0,0.0,0,5000.0
0.771856321,45,0,0.430701457,2950.0,8,0,1,0,1.0,0,1475.0
0.288266097,39,0,0.665481613,9000.0,11,0,3,0,0.0,0,9000.0
0.034951297,54,0,1.117.209.104,4700.0,8,1,2,0,0.0,1,4700.0
0.220965928,31,0,0.258776897,1765.0,6,0,0,0,0.0,0,1765.0
0.013034002,71,0,0.004858471,9467.0,6,0,0,0,0.0,0,9467.0
0.919670014,58,1,0.455904335,6689.0,10,0,1,0,0.0,1,6689.0
0.009996553,70,0,0.374050842,3028.0,9,0,1,0,0.0,0,3028.0
1.027.104.137,26,1,0.216586449,2700.0,5,1,0,0,0.0,2,2700.0
0.012561715,32,0,0.136271061,5400.0,8,0,0,0,0.0,0,5400.0
0.407918372,42,0,0.746319462,11750.0,10,0,5,0,2.0,0,3916.6666666666665
0.044910705,67,0,0.271428571,5039.0,5,0,1,0,0.0,0,5039.0
0.07776404,61,0,0.390569778,11600.0,9,0,2,0,3.0,0,2900.0
0.10891438,61,0,0.304841764,3696.0,9,0,1,0,1.0,0,1848.0
0,36,0,0.28449724,8333.0,15,0,1,0,1.0,0,4166.5
1.026.192.372,52,5,0.653604776,6532.0,25,0,2,0,0.0,5,6532.0
0.958200818,64,0,0.307835387,4300.0,9,0,1,1,1.0,1,2150.0
0.461333434,38,0,1.205.208.801,2226.0,10,0,1,0,0.0,0,2226.0
0.9999999,62,0,0.110197734,4500.0,3,0,0,0,2.0,0,1500.0
0.003517988,54,0,0.001390821,2875.0,2,0,0,0,0.0,0,2875.0
0.113934474,41,0,0.257820311,7000.0,7,0,1,0,1.0,0,3500.0
0.02029797,70,0,0.003921569,2804.0,1,0,0,0,1.0,0,1402.0
0.410715105,31,0,0.179377321,3500.0,7,0,0,0,0.0,0,3500.0
0.209757386,50,0,1.183.275.699,3180.0,12,0,2,0,4.0,0,636.0
0.044497292,46,0,0.40433213,3600.0,7,0,1,0,4.0,0,720.0
0.223312066,30,3,0.601499583,3600.0,8,0,1,0,0.0,3,3600.0
0.437840683,56,0,0.889843887,5700.0,10,0,5,0,0.0,0,5700.0
0.360626178,41,0,0.291773504,9359.0,4,0,1,0,0.0,0,9359.0
0.499014917,35,0,0.11124386,7532.0,8,0,0,0,0.0,0,7532.0
0.9999999,24,0,0.002493766,400.0,3,0,0,0,0.0,0,400.0
0.042710156,68,0,0.652669466,5000.0,28,0,2,0,1.0,0,2500.0
0.2228304,47,0,0.555744347,7650.0,18,0,4,0,2.0,0,2550.0
0.322890281,46,0,0.208666667,4499.0,5,0,0,0,0.0,0,4499.0
0.226103028,57,3,0.4965693,5100.0,11,0,2,0,3.0,3,1275.0
0.06101363,63,0,2.249.710.536,2590.0,30,0,5,0,0.0,0,2590.0
0.678235034,41,6,0.506274997,7250.0,11,0,2,0,3.0,6,1812.5
0.018938403,60,0,0.216164742,8400.0,33,0,1,0,2.0,0,2800.0
0.215692492,65,1,0.088186277,21000.0,11,0,0,0,1.0,1,10500.0
0.97419709,59,0,0.520958868,7633.0,12,0,1,0,2.0,0,2544.3333333333335
0.006038718,55,0,0.78943294,5166.0,15,0,1,0,0.0,0,5166.0
0.001443532,38,0,0.081435473,8693.0,6,0,0,0,0.0,0,8693.0
0.009677675,51,0,0.007140817,3500.0,10,0,0,0,0.0,0,3500.0
0.48757002,37,2,0.095425629,3300.0,8,1,0,0,0.0,3,3300.0
0,53,0,0,5000.0,1,0,0,0,0.0,0,5000.0
0.001772096,49,0,0.787895614,1800.0,13,0,2,0,2.0,0,600.0
0.002688829,58,1,0.37607799,8000.0,9,0,1,0,1.0,1,4000.0
0.25445433,49,0,0.283489097,9950.0,17,0,2,0,2.0,0,3316.6666666666665
0.344714542,44,0,0.149808365,6000.0,7,0,0,0,3.0,0,1500.0
0.315068493,47,1,0.710822294,4000.0,11,0,2,0,3.0,1,1000.0
0.008158065,34,0,0.075901328,8958.0,11,0,0,0,0.0,0,8958.0
0.9999999,34,0,0.387557531,6300.0,7,0,2,0,1.0,0,3150.0
0.543723776,61,0,0.236619949,12200.0,16,0,1,0,3.0,0,3050.0
0.049388746,55,0,0.243216507,7075.0,6,0,1,0,0.0,0,7075.0
0.990438618,59,0,0.259894569,11950.0,10,0,2,0,1.0,0,5975.0
0.797979798,61,0,0.363686841,7203.0,11,0,2,0,0.0,0,7203.0
0.013345641,75,0,0.002228274,4038.0,2,0,0,0,0.0,0,4038.0
0.125906706,59,1,2538,0.0,6,0,1,0,0.0,1,0.0
0.01273241,79,1,0.298349057,4239.0,9,0,1,0,0.0,1,4239.0
0.762931327,51,2,0.287106703,11695.0,7,0,2,0,1.0,2,5847.5
0,58,0,1.157.770.337,5076.0,13,0,4,0,0.0,0,5076.0
0.016810915,89,0,0.005518234,4167.0,8,0,0,0,0.0,0,4167.0
0.047897899,75,0,0.228074193,4366.0,17,0,2,0,1.0,0,2183.0
0,63,0,0.103798355,5712.0,5,0,1,0,0.0,0,5712.0
0.24275145,46,0,0.292332638,8633.0,4,0,1,0,0.0,0,8633.0
0.024314263,65,0,0.307762225,5500.0,9,0,2,0,1.0,0,2750.0
0,57,0,0.109931293,1600.0,3,0,0,0,0.0,0,1600.0
0.298263379,33,1,0.143104044,8678.0,10,0,1,0,0.0,1,8678.0
0.157013999,58,0,0.26037917,12500.0,5,0,1,0,1.0,0,6250.0
0.9999999,60,4,0.515659462,6800.0,4,0,1,0,0.0,4,6800.0
0.427486157,36,0,0.566143386,10000.0,8,0,1,0,0.0,0,10000.0
0.017191619,44,0,0.254491486,6400.0,9,0,1,0,0.0,0,6400.0
0.073562019,48,0,0.216685488,7083.0,5,0,1,0,2.0,0,2361.0
0.04229577,32,0,0.237729803,11857.0,9,0,2,0,0.0,0,11857.0
0.177641531,60,0,0.724568858,4000.0,11,0,2,0,2.0,0,1333.3333333333333
0.000314317,46,0,0.263992196,8200.0,8,0,2,0,1.0,0,4100.0
0.010133108,71,1,0.18439441,2575.0,12,0,0,0,0.0,1,2575.0
0.089002607,55,0,0.072164138,12720.0,12,0,0,0,0.0,0,12720.0
0.330245468,61,0,126.212.298,6000.0,22,0,3,0,0.0,0,6000.0
0.222688866,46,0,0.465543645,11100.0,4,0,3,0,1.0,0,5550.0
0.23776071,42,0,0.374504698,8832.0,9,0,2,0,2.0,0,2944.0
0.206189691,65,0,0.31924825,8140.0,6,0,2,0,0.0,0,8140.0
0.072247682,58,0,0.361514127,9166.0,9,0,1,0,0.0,0,9166.0
0.202445825,48,1,0.508548247,3450.0,10,0,1,0,0.0,1,3450.0
0.002944184,66,0,0.466407551,1800.0,16,0,1,0,0.0,0,1800.0
0.464425813,84,0,0.287713841,4500.0,11,1,1,0,0.0,1,4500.0
0.974763407,51,2,0.621683968,2600.0,4,0,1,2,2.0,4,866.6666666666666
0.174130423,53,0,0.375684842,3832.0,11,0,1,0,0.0,0,3832.0
0.296561442,58,0,1.036.384.096,2665.0,18,0,2,0,0.0,0,2665.0
0.363501252,71,0,0.249824138,9950.0,9,0,0,0,0.0,0,9950.0
0.197626601,25,0,0.031989337,3000.0,6,0,0,0,1.0,0,1500.0
0.9999999,58,1,0.145141943,2500.0,1,1,0,0,0.0,2,2500.0
0.495026148,34,0,0.3766602,6700.0,10,0,0,0,4.0,0,1340.0
0.021405174,76,0,0.681030213,8075.0,12,0,3,0,1.0,0,4037.5
0.01994385,54,0,0.354712042,4583.0,34,0,3,0,3.0,0,1145.75
0.972149322,39,1,0.374754817,8666.0,14,2,2,0,1.0,3,4333.0
0.118921702,55,0,0.301448947,8833.0,8,0,2,0,0.0,0,8833.0
0.207487263,32,0,0.386559289,3600.0,8,0,0,0,0.0,0,3600.0
0.016842105,58,0,0.096195977,5020.0,9,0,0,0,0.0,0,5020.0
0.585619863,39,3,0.469180245,15833.0,11,0,2,0,2.0,3,5277.666666666667
0.235288696,61,0,0.407274468,4178.0,7,0,2,0,0.0,0,4178.0
0.019060447,81,0,0.013881177,1800.0,5,0,0,0,0.0,0,1800.0
0,48,2,0.271257173,3833.0,7,0,0,0,2.0,2,1277.6666666666667
0.058172648,52,0,0.129441967,7400.0,6,0,1,0,1.0,0,3700.0
0.113557311,63,0,0.347686975,7500.0,20,0,2,0,0.0,0,7500.0
0.541521945,59,1,0.564858785,4000.0,12,0,2,0,0.0,1,4000.0
0.091338323,56,0,0.162925475,12250.0,6,0,1,0,1.0,0,6125.0
0.01216116,63,0,0.012676566,2760.0,5,0,0,0,0.0,0,2760.0
0.132591379,28,0,0.241339223,4300.0,3,0,1,0,0.0,0,4300.0
0.059578641,62,0,0.203283438,8283.0,7,0,2,0,1.0,0,4141.5
0.264613451,42,0,0.529872495,5489.0,15,0,2,0,2.0,0,1829.6666666666667
0.211143954,72,0,0.537315679,6645.0,21,0,2,0,0.0,0,6645.0
0.9999999,30,0,0.008247938,4000.0,1,0,0,0,0.0,0,4000.0
0.121625178,37,0,0.575942915,3923.0,8,0,1,0,1.0,0,1961.5
0.007726687,72,0,1.020.096.668,3930.0,13,0,4,0,1.0,0,1965.0
0.572550073,50,0,0.394822006,12050.0,13,0,1,0,0.0,0,12050.0
0.093290925,46,0,0.023170849,10400.0,4,0,0,0,2.0,0,3466.6666666666665
0.923376487,28,0,0.154615128,3000.0,3,0,0,0,0.0,0,3000.0
0.039654191,64,0,"0,190972222",5359.0,14,0,1,0,1.0,0,2679.5
0.013820659,28,0,0.002540937,7083.0,7,0,0,0,0.0,0,7083.0
0.020167728,76,0,0.451212121,3299.0,12,0,1,0,0.0,0,3299.0
0.071902343,55,0,0.444294497,6668.0,11,0,2,0,3.0,0,1667.0
0.607897734,54,0,0.254981787,9333.0,6,0,1,0,6.0,0,1333.2857142857142
0.040086087,74,0,0.012370189,6547.0,8,0,0,0,0.0,0,6547.0
0.016061977,89,0,0.158548779,7000.0,10,0,1,0,0.0,0,7000.0
0.026233756,51,0,0.333779563,2240.0,12,0,1,0,1.0,0,1120.0
0.823424205,49,0,0.306453106,10800.0,12,0,1,0,1.0,0,5400.0
0.9999999,51,0,0.273670832,4720.0,6,0,1,0,2.0,0,1573.3333333333333
0.182529407,47,0,0.323519609,9000.0,5,0,1,0,3.0,0,2250.0
0.478720045,35,0,0.353107815,6000.0,7,0,1,0,0.0,0,6000.0
0.648931023,64,0,0.30531681,10005.0,11,0,0,0,0.0,0,10005.0
0.010245876,63,0,0.264631568,19392.0,11,0,2,0,0.0,0,19392.0
0.010032542,61,2,0.458451561,7400.0,23,0,2,0,0.0,2,7400.0
0.23625616,55,0,0.371966185,7333.0,24,0,2,0,0.0,0,7333.0
0.038687065,45,0,0.353053208,8400.0,9,0,2,0,2.0,0,2800.0
0.031081987,50,0,0.254126277,7633.0,14,0,2,0,3.0,0,1908.25
0.707926684,45,1,0.741830729,4926.0,8,0,1,0,0.0,1,4926.0
0.031322378,72,0,0.174117647,3399.0,7,0,0,0,0.0,0,3399.0
0.691512977,50,0,0.408651234,9200.0,22,0,1,0,0.0,0,9200.0
0.203418885,41,0,0.486360192,7917.0,5,0,1,0,1.0,0,3958.5
0.044236946,66,0,0.808183356,6500.0,5,0,2,0,0.0,0,6500.0
0.351071593,40,0,0.498611265,9000.0,6,0,4,0,0.0,0,9000.0
0.763142625,43,1,0.944611078,5000.0,5,0,2,0,0.0,1,5000.0
0.520412865,32,0,0.299593877,3200.0,4,0,0,0,0.0,0,3200.0
0.395734839,51,0,0.042716583,8333.0,10,0,0,0,1.0,0,4166.5
0.005856976,65,0,0.002172968,2300.0,3,0,0,0,0.0,0,2300.0
0.064400808,31,0,0.00739852,5000.0,7,0,0,0,0.0,0,5000.0
0.081574085,60,0,0.340568202,11333.0,17,0,1,0,1.0,0,5666.5
0.016678593,71,0,0.683143571,3600.0,9,0,2,0,0.0,0,3600.0
0.900395103,51,0,0.415516897,5000.0,5,0,1,0,0.0,0,5000.0
0.430569712,39,0,0.604647247,5938.0,10,0,2,0,0.0,0,5938.0
0.582483503,34,1,0.090953426,4100.0,2,0,0,0,0.0,1,4100.0
0.202485164,36,0,0.154698172,5416.0,7,0,0,0,2.0,0,1805.3333333333333
0.9999999,37,0,0.295122709,6437.0,8,0,2,0,0.0,0,6437.0
0.056794321,47,0,0.253638485,9000.0,4,0,1,0,0.0,0,9000.0
0.930594114,53,3,0.369920598,2140.0,10,0,1,0,1.0,3,1070.0
1.009.480.779,46,0,0.293186614,6633.0,3,2,1,0,0.0,2,6633.0
0,52,0,0.00012923,54166.0,8,0,0,0,0.0,0,54166.0
1.444.555.445,24,2,0.329177057,1603.0,7,6,0,1,0.0,9,1603.0
0.506164612,23,0,0.019026121,3100.0,4,0,0,0,0.0,0,3100.0
0.112427367,59,0,0.33521178,5500.0,14,0,1,0,0.0,0,5500.0
0.738510267,37,0,0.439181147,4200.0,10,0,1,0,0.0,0,4200.0
0.347849143,34,0,0.04949604,16667.0,9,0,0,0,0.0,0,16667.0
0.378476972,51,1,0.197512543,14150.0,7,0,1,0,1.0,1,7075.0
0.457103346,41,0,0.043887546,7860.0,6,0,0,0,2.0,0,2620.0
0.002838505,57,1,0.307639367,4358.0,17,0,2,0,0.0,1,4358.0
0.141057263,72,0,0.038793103,1623.0,1,0,0,0,0.0,0,1623.0
0.168072342,38,0,0.445388653,4000.0,5,0,1,0,2.0,0,1333.3333333333333
0.057392549,56,0,0.324958339,7800.0,8,0,1,0,1.0,0,3900.0
0.14674569,33,0,0.431002816,8166.0,7,0,1,0,0.0,0,8166.0
0.275789035,47,2,0.316668333,10000.0,8,0,2,0,0.0,2,10000.0
0.106370614,58,0,0.295805944,10800.0,15,0,2,0,0.0,0,10800.0
0.9999999,22,0,0,2133.0,0,0,0,0,0.0,0,2133.0
0.142515447,43,0,0.278477306,3414.0,8,0,0,0,1.0,0,1707.0
0.665132519,47,4,0.324540463,8377.0,5,0,1,0,1.0,4,4188.5
0.011730073,49,1,0.453030768,9782.0,9,0,1,0,4.0,1,1956.4
0.092430252,78,0,0.036071273,2300.0,1,0,0,0,0.0,0,2300.0
0.065027441,39,0,0.224193548,5579.0,16,0,4,0,2.0,0,1859.6666666666667
0.101703559,62,0,0.324783715,9824.0,14,0,2,0,0.0,0,9824.0
0.916297975,37,0,0.601399767,6000.0,16,0,2,0,1.0,0,3000.0
0.162484623,51,0,0.356337641,3636.0,8,0,1,0,0.0,0,3636.0
0.255582422,70,0,0.477943615,6029.0,20,0,3,0,1.0,0,3014.5
0.149567986,61,0,0.216223936,3500.0,17,0,0,0,0.0,0,3500.0
0.000452813,58,2,0.214442855,65000.0,8,0,1,0,0.0,2,65000.0
0.99670492,52,0,0.770472895,2600.0,3,0,1,0,0.0,0,2600.0
0.939637723,58,0,0.859190135,6000.0,23,0,2,0,4.0,0,1200.0
0.536716434,34,1,0.518029275,2800.0,5,0,0,0,0.0,1,2800.0
0.351396759,60,0,0.799583911,4325.0,16,0,1,0,0.0,0,4325.0
0.007097474,65,0,0.189767046,9400.0,13,0,2,0,0.0,0,9400.0
0,28,0,0,2500.0,2,0,0,0,0.0,0,2500.0
0.240773286,57,0,0.325825674,9900.0,15,0,1,0,0.0,0,9900.0
0.1679952,70,0,0.047886336,5700.0,6,0,1,0,1.0,0,2850.0
0.301442464,51,0,0.181542108,13500.0,6,0,1,0,0.0,0,13500.0
0.024539877,63,0,0.146923538,15000.0,9,0,1,0,1.0,0,7500.0
0.038022104,74,0,0.139440065,3678.0,16,0,1,0,0.0,0,3678.0
0.197511269,48,0,0.145967563,4500.0,5,0,0,0,2.0,0,1500.0
0,38,0,0.206388545,7262.0,8,0,1,0,0.0,0,7262.0
0.100774615,34,0,0.071997696,10416.0,9,0,0,1,1.0,1,5208.0
0.332200141,35,0,0.421178941,6666.0,7,0,2,0,0.0,0,6666.0
0.497591042,52,0,0.386674905,9710.0,18,1,1,0,1.0,1,4855.0
0.0122781,71,0,0.006324111,3794.0,3,0,0,0,0.0,0,3794.0
0,59,0,0.246809366,9950.0,8,0,2,0,0.0,0,9950.0
0.325786733,35,0,0.033298916,3873.0,3,0,0,0,2.0,0,1291.0
0.446221511,27,0,0.040194884,820.0,2,0,0,0,0.0,0,820.0
0.419814594,36,0,0.410897276,4000.0,9,0,1,0,0.0,0,4000.0
0.019966722,39,0,0.329037992,4500.0,6,0,1,0,0.0,0,4500.0
0.032443249,82,0,0.301118858,6166.0,16,0,1,0,1.0,0,3083.0
0.091060846,52,0,0.322939313,16098.0,9,0,1,0,1.0,0,8049.0
0.656213751,40,0,0.948650773,3816.0,6,0,2,0,0.0,0,3816.0
0.521373931,48,0,0.05093046,6125.0,2,0,0,0,1.0,0,3062.5
0.149635473,34,1,0.800957183,11700.0,14,0,5,0,1.0,1,5850.0
0.026430486,75,0,0.248881873,3800.0,6,0,1,0,1.0,0,1900.0
0.279525731,43,0,0.423810405,5400.0,7,0,1,0,0.0,0,5400.0
0.15939127,66,0,0.399550037,12000.0,13,0,2,0,0.0,0,12000.0
0.041698069,61,0,0.224952741,12166.0,11,0,2,0,0.0,0,12166.0
0.562188438,30,0,0.762308445,6133.0,22,0,3,0,0.0,0,6133.0
0.242531837,50,0,0.48572066,4481.0,20,0,2,0,1.0,0,2240.5
0.945239718,41,0,0.178071164,6210.0,4,2,0,0,3.0,2,1552.5
0.050115831,67,0,0.008570612,10500.0,8,0,0,0,0.0,0,10500.0
0.057350749,49,0,0.194933816,10500.0,21,0,1,1,0.0,1,10500.0
0.04087997,60,0,577,0.0,4,0,1,0,0.0,0,0.0
0.066449625,26,0,0.08650261,4022.0,4,0,0,0,0.0,0,4022.0
0.396671971,57,0,0.338425219,7200.0,8,0,2,0,3.0,0,1800.0
0.9999999,29,0,0.205196536,1500.0,1,2,0,1,0.0,3,1500.0
0.642954382,57,1,0.650848069,11083.0,19,0,2,0,1.0,1,5541.5
0.9999999,50,1,0.506561133,4800.0,3,0,1,1,0.0,2,4800.0
0.420798359,45,0,1.383.497.966,1720.0,8,0,2,0,2.0,0,573.3333333333334
0.800522223,55,0,0.296112654,5041.0,11,0,0,0,0.0,0,5041.0
0.069844306,44,1,0.475931352,21500.0,20,1,3,0,2.0,2,7166.666666666667
0.9999999,35,0,0,1800.0,0,0,0,0,0.0,0,1800.0
0.027896071,50,0,0.203303923,5326.0,6,0,1,0,1.0,0,2663.0
0.936288089,34,3,1.099.345.628,1680.0,9,0,1,0,4.0,3,336.0
0.001804153,33,0,0.00034459,2901.0,5,0,0,0,0.0,0,2901.0
0.093898365,44,0,0.342483185,5500.0,7,0,2,0,1.0,0,2750.0
0.00580175,60,0,1.184.845.962,1200.0,8,0,2,0,0.0,0,1200.0
0.221152288,43,0,0.525149977,4333.0,10,0,2,0,0.0,0,4333.0
0.171354434,40,0,0.227179737,10264.0,15,0,2,0,2.0,0,3421.3333333333335
0.019998824,56,0,0.142408227,7000.0,5,0,1,0,1.0,0,3500.0
0,77,0,0.310878362,4200.0,5,0,2,0,1.0,0,2100.0
0.09930769,75,0,0.276605199,4500.0,9,0,1,0,0.0,0,4500.0
0.004408313,74,0,0.129994877,7807.0,13,0,1,0,0.0,0,7807.0
0,73,0,0.19804401,3680.0,8,0,1,0,0.0,0,3680.0
0.015011975,31,0,0.081983603,5000.0,5,1,0,0,3.0,1,1250.0
0.875062469,29,0,0.510204082,2400.0,3,0,1,0,0.0,0,2400.0
0.112592266,79,0,0.247820174,12500.0,10,0,2,0,0.0,0,12500.0
0.002327486,67,0,0.005571031,4666.0,10,0,0,0,0.0,0,4666.0
0.13726494,72,0,0.265141938,8700.0,5,0,1,0,0.0,0,8700.0
0.186508226,61,0,0.3096382,10198.0,10,0,1,0,2.0,0,3399.3333333333335
0.006508601,32,1,0,2192.0,1,0,0,0,0.0,1,2192.0
0.082317351,64,0,0.214426305,8636.0,29,0,1,0,1.0,0,4318.0
0.315931715,59,1,0.503479722,8333.0,9,0,2,0,5.0,1,1388.8333333333333
0.012821315,58,0,0.56471224,3700.0,20,0,1,0,0.0,0,3700.0
0.686953149,57,0,0.278324341,3150.0,7,0,0,0,2.0,0,1050.0
0,46,1,0.141392268,15700.0,11,0,2,0,2.0,1,5233.333333333333
0.915639744,56,3,0.512981689,3658.0,8,0,1,0,4.0,3,731.6
0.191339845,54,0,0.232560875,8500.0,16,0,1,0,1.0,0,4250.0
0.349271897,33,0,0.341331734,3333.0,4,0,1,0,1.0,0,1666.5
0.003147466,67,0,0.271922499,5986.0,12,0,3,0,0.0,0,5986.0
0.086656163,35,0,0.203732504,4500.0,3,0,0,0,2.0,0,1500.0
0.261096062,40,0,149.500.998,500.0,6,0,0,1,2.0,1,166.66666666666666
0.741639022,55,1,0.652793401,8000.0,7,0,1,0,0.0,1,8000.0
0.054400547,51,0,0.816836633,5000.0,11,0,1,0,1.0,0,2500.0
0.006896076,68,0,0.139941691,2400.0,4,0,0,0,0.0,0,2400.0
0.87976002,45,1,0.464852608,4850.0,8,0,1,0,1.0,1,2425.0
0.002856042,89,0,0.22417523,3697.0,23,0,1,0,0.0,0,3697.0
0.281909951,58,0,0.236719236,19275.0,17,0,1,0,1.0,0,9637.5
0.678796,69,0,0.13212609,1490.0,2,0,0,0,0.0,0,1490.0
0.524513956,73,0,0.425319267,1800.0,9,0,0,0,0.0,0,1800.0
0.511165426,37,1,0.399741268,5410.0,4,0,1,0,0.0,1,5410.0
0.036612048,56,0,0.11140752,7871.0,9,0,0,0,1.0,0,3935.5
0,43,0,0.377931285,5500.0,4,0,1,0,4.0,0,1100.0
0.33722056,38,0,0.224454287,6321.0,7,0,0,0,3.0,0,1580.25
0.99791684,37,0,0.262888992,6458.0,9,0,0,0,1.0,0,3229.0
0.239984263,33,0,0.553889222,5000.0,6,0,1,0,1.0,0,2500.0
0.393814158,35,0,0.124775045,5000.0,3,0,0,0,0.0,0,5000.0
0.141341194,46,0,0.706715547,6000.0,15,0,3,0,1.0,0,3000.0
0.9999999,22,0,0,420.0,1,0,0,0,0.0,0,420.0
0.009932671,41,0,0.635672515,3419.0,8,0,1,0,2.0,0,1139.6666666666667
0.199221276,60,1,0.308250573,5235.0,9,0,1,0,0.0,1,5235.0
0,75,0,402,0.0,8,0,1,0,0.0,0,0.0
0.034800115,60,0,0.216897754,12332.0,12,0,1,0,0.0,0,12332.0
0.056659921,25,0,0.012256669,2773.0,3,0,0,0,0.0,0,2773.0
0.159784869,51,0,0.289292423,4790.0,11,0,1,0,0.0,0,4790.0
0.082406521,66,0,0.073926074,1000.0,7,0,0,0,0.0,0,1000.0
0.64811173,45,0,0.288620226,10421.0,10,0,2,0,0.0,0,10421.0
0.160675245,58,0,0.086554246,6700.0,3,0,0,0,0.0,0,6700.0
0.016133486,60,0,0.349783862,5551.0,10,0,1,0,0.0,0,5551.0
0.399071033,44,0,0.237678855,3773.0,6,0,0,0,1.0,0,1886.5
0.181718588,67,0,0.615310775,4166.0,8,0,1,0,0.0,0,4166.0
0.82334511,39,0,0.444594798,6650.0,8,0,2,0,2.0,0,2216.6666666666665
0,22,0,0,0.0,1,0,0,0,0.0,0,0.0
0.42595507,63,0,4.793.301.216,4358.0,18,0,2,0,0.0,0,4358.0
0.132986088,55,0,0.741876846,4400.0,11,0,4,0,0.0,0,4400.0
0.893273782,48,0,0.232471158,18982.0,8,0,2,0,0.0,0,18982.0
0.042096434,75,0,0.365500104,4828.0,9,0,1,0,0.0,0,4828.0
0.106094209,73,0,0.154948351,3000.0,14,1,1,0,0.0,1,3000.0
0.000708987,68,0,0.524750061,4100.0,12,0,1,0,0.0,0,4100.0
0.027324225,26,0,0.003766478,530.0,1,0,0,0,0.0,0,530.0
0.018399387,71,0,0.556747096,2237.0,7,0,1,0,0.0,0,2237.0
0.98076077,34,0,0.392463471,3900.0,6,0,0,0,1.0,0,1950.0
0.031970291,47,1,0.11680885,10666.0,6,0,1,0,0.0,1,10666.0
0.063430469,43,0,00.04,5829.0,8,0,1,0,3.0,0,1457.25
0.810704402,39,0,0.20558217,4800.0,5,0,0,0,3.0,0,1200.0
0.317361377,63,0,0.247097383,18000.0,10,0,1,0,1.0,0,9000.0
0.052413356,54,0,0.252179979,8600.0,14,0,1,0,3.0,0,2150.0
0.262457429,63,0,0.200921852,4772.0,9,0,0,0,1.0,0,2386.0
0.9999999,72,0,0.230170608,3340.0,2,0,1,0,0.0,0,3340.0
0.726344736,33,0,0.544245575,10000.0,10,0,2,0,1.0,0,5000.0
0.087326797,63,0,0.423201063,15800.0,16,0,2,0,0.0,0,15800.0
0.747649731,59,1,0.583119736,10923.0,7,0,1,0,1.0,1,5461.5
0.40616799,49,0,0.188710083,7953.0,9,0,0,0,1.0,0,3976.5
0.609027387,43,0,0.280429893,4000.0,9,0,1,0,2.0,0,1333.3333333333333
0.230760937,70,0,0.387867822,10500.0,23,0,2,0,0.0,0,10500.0
0.186757027,30,0,0.024987506,2000.0,3,0,0,0,0.0,0,2000.0
0.905774905,29,0,0.580605397,7300.0,8,0,0,0,0.0,0,7300.0
0.24352879,73,0,0.154827208,14583.0,16,0,1,0,0.0,0,14583.0
0.021298394,60,0,1303,0.0,7,0,1,0,0.0,0,0.0
0.010994478,89,0,0.618619698,5563.0,10,0,3,0,0.0,0,5563.0
0.015757576,78,0,0.198877306,3740.0,18,0,1,0,0.0,0,3740.0
0.30649215,42,0,0.690513219,10930.0,13,0,4,0,0.0,0,10930.0
0.246042779,70,0,0.318729785,3400.0,7,0,0,0,0.0,0,3400.0
0.056443754,87,0,0.573054445,3250.0,11,0,2,0,0.0,0,3250.0
0.044999328,46,0,0.181723347,9585.0,5,0,1,0,0.0,0,9585.0
0.05563492,64,0,0.316058609,10168.0,9,0,1,0,1.0,0,5084.0
0.275404472,27,0,0.170538077,3400.0,5,0,0,0,0.0,0,3400.0
2.297.612.046,42,1,0.806048488,4000.0,8,2,1,4,0.0,7,4000.0
0.654752454,51,0,0.309111393,7100.0,18,0,0,0,0.0,0,7100.0
0.019291353,50,0,0.19840213,10513.0,11,0,1,0,0.0,0,10513.0
0.002477514,64,0,0.002855783,2100.0,6,0,0,0,0.0,0,2100.0
0.413654618,32,0,0.565259117,2083.0,4,0,1,0,0.0,0,2083.0
0.554461529,65,0,0.162149361,19000.0,16,0,2,0,1.0,0,9500.0
0.129476584,76,1,0.010462683,4300.0,7,0,0,0,0.0,1,4300.0
0.045782397,42,0,0.334063827,7300.0,15,0,2,0,4.0,0,1460.0
0.9999999,65,0,0.000141163,7083.0,2,0,0,0,0.0,0,7083.0
0.035718571,53,0,0.399009618,10500.0,10,0,2,0,1.0,0,5250.0
0.072135047,66,0,0.299957149,7000.0,13,0,2,0,0.0,0,7000.0
0.906749556,56,4,0.078011953,3178.0,10,1,0,2,0.0,7,3178.0
0.016326086,38,0,0.086889754,28000.0,7,0,1,0,2.0,0,9333.333333333334
0.772826583,67,0,0.625139043,6292.0,11,0,1,0,3.0,0,1573.0
0.987674476,34,2,0.205899533,3423.0,6,0,0,0,2.0,2,1141.0
0,69,1,0.115965371,4966.0,2,0,0,0,0.0,1,4966.0
0.830867653,41,1,0.250183321,15000.0,14,1,1,1,0.0,3,15000.0
0.079705758,81,0,0.116235471,8000.0,34,0,1,0,0.0,0,8000.0
0.221889055,31,0,0.101850121,5350.0,2,0,0,0,0.0,0,5350.0
0.538059532,31,0,0.128715571,3666.0,8,0,0,0,1.0,0,1833.0
0.918016397,56,1,1.373.297.003,1100.0,7,0,1,0,0.0,1,1100.0
0.067680375,49,1,0.210093672,5230.0,9,0,1,1,0.0,2,5230.0
0.156721421,46,0,0.135181976,7500.0,17,0,0,0,1.0,0,3750.0
0.007310949,90,0,0.001411632,7083.0,5,0,0,0,0.0,0,7083.0
0.205496886,47,0,0.352823588,2000.0,9,0,1,0,0.0,0,2000.0
0.578417045,59,0,0.882056814,2780.0,11,0,2,0,0.0,0,2780.0
1.121.187.881,44,0,0.387965495,4752.0,6,0,0,0,3.0,0,1188.0
0,52,2,0.413208119,3300.0,4,0,1,0,2.0,2,1100.0
0.9999999,35,1,0.306203082,2530.0,7,0,0,0,0.0,1,2530.0
0.17537375,42,0,0.180792768,25000.0,4,0,1,0,3.0,0,6250.0
0.058244184,40,0,0.306764998,7050.0,6,0,1,0,2.0,0,2350.0
0.637132208,46,1,0.34997843,9271.0,10,0,2,0,2.0,1,3090.3333333333335
0.500357115,32,0,1.580.521.145,2340.0,7,0,1,0,1.0,0,1170.0
0.50526481,57,0,0.769473684,4749.0,12,0,1,0,0.0,0,4749.0
0.041849234,43,0,0.867709268,7800.0,10,0,3,0,0.0,0,7800.0
0.938428875,29,0,0.691744509,3960.0,14,0,2,0,2.0,0,1320.0
0.415068177,71,0,0.758342115,2846.0,26,0,2,0,0.0,0,2846.0
0.577288913,45,0,0.347913022,4000.0,8,0,0,0,0.0,0,4000.0
0.019252081,48,0,0.068208242,7740.0,6,0,0,0,2.0,0,2580.0
0.782217,56,1,2.759.367.194,1200.0,11,0,0,0,0.0,1,1200.0
0.914454277,65,2,0.345923098,7333.0,8,1,1,0,1.0,3,3666.5
0.299786422,76,0,0.138246215,3500.0,11,0,0,0,0.0,0,3500.0
0.30737578,52,0,0.103844191,11757.0,10,0,0,0,0.0,0,11757.0
0.9999999,56,0,0.527893422,1200.0,2,0,0,0,0.0,0,1200.0
0.681971385,37,0,0.439247585,5900.0,10,0,2,0,3.0,0,1475.0
0.424385828,67,0,0.337415646,4000.0,10,0,1,0,0.0,0,4000.0
0.594257179,37,2,0.159007883,5200.0,3,0,0,0,2.0,2,1733.3333333333333
0.105563888,47,0,0.306373862,5600.0,16,0,2,0,2.0,0,1866.6666666666667
101.998.002,28,0,0.235980011,1800.0,2,0,0,0,0.0,0,1800.0
0.00018109,66,0,0.389494927,18333.0,21,0,5,0,0.0,0,18333.0
0.545736434,49,0,0.37822327,12719.0,15,0,2,0,0.0,0,12719.0
0.350673881,37,0,0.539524657,9550.0,11,0,2,0,3.0,0,2387.5
0.135171721,60,0,0.021733995,8465.0,6,0,0,0,0.0,0,8465.0
117.223.414,65,0,0.040165568,6522.0,7,0,0,0,1.0,0,3261.0
0.182798326,65,0,0.102419355,3719.0,10,0,0,0,0.0,0,3719.0
0.119292777,64,0,0.071589205,2667.0,6,0,0,0,1.0,0,1333.5
0.183902642,51,0,0.548389032,16666.0,11,0,4,0,4.0,0,3333.2
0.803882027,55,0,0.328879193,7333.0,4,0,1,0,2.0,0,2444.3333333333335
0.9999999,38,0,0.054717324,5500.0,1,0,0,0,2.0,0,1833.3333333333333
0.896555172,59,0,0.406422581,14666.0,9,0,2,0,1.0,0,7333.0
0.046688045,47,0,0.695465454,7916.0,10,0,3,0,1.0,0,3958.0
0.250764095,47,0,0.496467088,5377.0,14,0,1,0,3.0,0,1344.25
0.124987501,26,1,0.088906624,6264.0,4,0,0,0,0.0,1,6264.0
0.662819499,41,0,1.165.135.206,3808.0,12,0,2,0,2.0,0,1269.3333333333333
5.85E-05,25,0,0,4800.0,4,0,0,0,0.0,0,4800.0
0.043682862,45,0,0.318053079,9532.0,14,0,2,0,1.0,0,4766.0
0.04219458,33,0,0.603849038,4000.0,14,0,1,0,2.0,0,1333.3333333333333
0.798624547,69,0,0.445263684,8001.0,8,0,2,1,0.0,1,8001.0
0.070385923,52,0,0.2047381,4600.0,3,0,1,0,2.0,0,1533.3333333333333
0.00231106,74,0,0.312749889,2250.0,9,0,1,0,0.0,0,2250.0
1.180.546.302,46,0,0.207194245,2779.0,5,0,0,0,0.0,0,2779.0
0.06258665,63,1,0.495056931,14666.0,13,0,2,0,0.0,1,14666.0
0.178287859,54,1,0.521800852,4930.0,16,0,1,0,1.0,1,2465.0
0,31,0,0.648183556,4183.0,9,0,1,0,2.0,0,1394.3333333333333
0.547727193,56,1,0.1952012,4000.0,5,0,0,0,1.0,1,2000.0
0.003745867,74,0,0.18862475,4500.0,12,0,1,0,0.0,0,4500.0
0.9999999,36,0,0.135810698,6000.0,2,0,0,0,2.0,0,2000.0
0.029118354,48,0,0.271922636,6100.0,13,0,2,0,2.0,0,2033.3333333333333
0.100801747,60,0,0.174401771,11742.0,13,0,1,0,3.0,0,2935.5
0,61,0,0.262592176,8000.0,6,0,2,0,1.0,0,4000.0
0.023586848,37,0,0.361957429,9583.0,8,0,3,0,2.0,0,3194.3333333333335
0.088936696,61,0,0.067081152,9167.0,4,0,0,0,0.0,0,9167.0
0.74041986,37,0,0.895552224,2000.0,6,0,0,0,3.0,0,500.0
0.125628273,48,0,0.030675366,11800.0,3,0,0,0,2.0,0,3933.3333333333335
0.093997195,46,0,0.81975159,3300.0,19,0,1,0,2.0,0,1100.0
0.196759552,49,0,0.262870386,6040.0,11,0,2,0,1.0,0,3020.0
0.251433891,40,0,0.234161007,8980.0,9,0,0,0,0.0,0,8980.0
0.005504179,63,0,0.379920017,4750.0,7,0,1,0,0.0,0,4750.0
0.176362258,50,0,0.119313448,6000.0,11,0,1,0,0.0,0,6000.0
0.695381898,61,3,0.656663907,4831.0,17,0,2,2,0.0,5,4831.0
0.017651972,36,0,0.153895112,7855.0,10,1,1,0,0.0,1,7855.0
0.9999999,62,0,0.373670213,6767.0,11,0,2,0,0.0,0,6767.0
0.672064777,38,0,0.306058222,5083.0,6,0,2,0,0.0,0,5083.0
0.304294655,36,0,0.241252916,3000.0,7,0,0,0,1.0,0,1500.0
0.04294373,73,0,0.013397321,5000.0,7,0,0,0,0.0,0,5000.0
0.077601411,37,0,0.004998611,3600.0,1,0,0,0,1.0,0,1800.0
0,63,0,0.25387179,5100.0,6,0,1,0,0.0,0,5100.0
0.261841614,56,2,0.61881957,7725.0,9,0,1,0,0.0,2,7725.0
0.484422339,41,0,0.77585435,6700.0,13,0,2,0,1.0,0,3350.0
0,39,0,0.097123224,19500.0,14,0,1,0,3.0,0,4875.0
0,39,0,0.551779288,2500.0,7,0,2,0,0.0,0,2500.0
0.989263236,49,1,0.154169955,3800.0,9,1,1,0,1.0,2,1900.0
0.512778795,49,1,0.25905718,18327.0,11,0,1,0,3.0,1,4581.75
0.330856707,53,0,0.262773723,10000.0,18,0,1,0,1.0,0,5000.0
0.015856388,74,0,0.009059669,3200.0,9,0,0,0,0.0,0,3200.0
0.01599966,76,0,0.005279578,4166.0,3,0,0,0,0.0,0,4166.0
0.098395612,67,1,0.398589526,7656.0,10,0,2,0,0.0,1,7656.0
0.159358557,60,2,0.233233897,9050.0,15,0,2,0,0.0,2,9050.0
0.112222092,59,3,0.517015958,5200.0,9,0,2,0,0.0,3,5200.0
0.008252466,32,0,0.6319619,7558.0,8,0,2,0,0.0,0,7558.0
0.132295879,67,0,0.078796796,6116.0,7,0,0,0,0.0,0,6116.0
0.636832247,78,0,0.532492264,4200.0,11,0,1,0,0.0,0,4200.0
0.184068526,71,0,0.280358259,4800.0,6,0,1,0,0.0,0,4800.0
0.019928116,68,0,0.003776938,4500.0,5,0,0,0,0.0,0,4500.0
0.336950418,66,0,0.643271346,5000.0,11,0,2,0,0.0,0,5000.0
0.683035218,42,0,0.048154933,3820.0,3,0,0,0,2.0,0,1273.3333333333333
0.001439358,59,0,0.276144771,5000.0,9,0,1,0,0.0,0,5000.0
0.153605948,54,0,0.069329132,16500.0,10,0,2,0,3.0,0,4125.0
0.046879062,65,0,0.023989034,2917.0,12,0,0,0,0.0,0,2917.0
0.069574402,41,0,3006,0.0,10,0,1,0,2.0,0,0.0
0.885852358,40,0,0.097357772,4200.0,3,0,0,0,5.0,0,700.0
0.557425135,72,1,0.254579279,13975.0,9,0,1,0,2.0,1,4658.333333333333
0.004419443,62,0,0.119557962,13482.0,11,0,1,0,1.0,0,6741.0
0.062894979,74,0,0.527934008,8000.0,15,0,3,0,0.0,0,8000.0
0.000388867,43,0,0.706510139,5621.0,12,0,2,0,3.0,0,1405.25
0.662821632,51,0,0.201965658,35000.0,18,0,1,0,2.0,0,11666.666666666666
0.869819636,34,0,0.354253192,6500.0,6,0,2,0,1.0,0,3250.0
0.12329589,42,0,3409,0.0,7,0,2,0,3.0,0,0.0
0.220959936,32,0,0.614038742,4800.0,12,0,1,0,0.0,0,4800.0
0.047001271,39,0,0.562479174,3000.0,9,0,1,0,0.0,0,3000.0
0.9999999,34,0,0.116333725,850.0,2,0,0,0,0.0,0,850.0
0.118793212,43,0,0.368327084,5600.0,9,0,1,0,0.0,0,5600.0
0.41945746,62,0,0.477255004,7693.0,18,0,1,0,0.0,0,7693.0
0.609819509,59,0,0.238057887,12748.0,6,0,2,0,1.0,0,6374.0
0.9999999,24,0,0.116254603,1900.0,1,0,0,0,0.0,0,1900.0
0.037700693,50,0,0.248175182,10000.0,7,0,1,0,2.0,0,3333.3333333333335
0.66262927,46,0,0.306615564,6000.0,7,0,1,0,1.0,0,3000.0
0.509832326,56,0,0.400023414,17083.0,13,0,3,0,1.0,0,8541.5
0.560244328,57,0,0.548444935,14500.0,10,0,2,0,0.0,0,14500.0
0.9999999,44,2,0.424921794,1917.0,2,1,1,0,1.0,3,958.5
0.059915418,78,0,0.361039703,3500.0,3,0,0,0,0.0,0,3500.0
0.026951421,58,0,0.413078725,5550.0,6,0,2,0,0.0,0,5550.0
0.029906195,77,0,0.00719856,5000.0,9,0,0,0,0.0,0,5000.0
0.903561892,58,1,1.254.883.935,4350.0,14,0,2,0,0.0,1,4350.0
0.013867979,58,0,0.004799616,8333.0,16,0,0,0,0.0,0,8333.0
0.550818123,47,0,0.283585821,20000.0,9,0,2,0,5.0,0,3333.3333333333335
0.095416277,46,0,0.229738354,4700.0,5,0,1,0,0.0,0,4700.0
0.295909059,31,0,0.107284152,4296.0,3,0,0,0,0.0,0,4296.0
0.541826377,39,0,0.681296706,9500.0,18,0,3,0,6.0,0,1357.142857142857
0.192618853,58,1,0.024065161,2700.0,7,0,0,0,0.0,1,2700.0
0.9999999,43,0,0.778957084,2166.0,6,0,1,0,2.0,0,722.0
0.788359788,30,1,0.015243902,3279.0,2,0,0,2,0.0,3,3279.0
0.143181255,55,0,0.378243275,4200.0,12,0,3,0,0.0,0,4200.0
0.9797241,49,1,0.388099206,10200.0,8,0,2,0,0.0,1,10200.0
0.9999999,29,0,0.058670143,2300.0,1,0,0,0,0.0,0,2300.0
0.000163262,71,0,0.330267893,2500.0,6,0,1,0,0.0,0,2500.0
0.9999999,33,1,0.638233054,2625.0,2,3,1,1,1.0,5,1312.5
0.028967845,60,0,0.011158798,2329.0,4,0,0,0,0.0,0,2329.0
0.9999999,35,0,0.617102744,4700.0,1,0,1,0,2.0,0,1566.6666666666667
0.334071467,49,0,0.29984938,8630.0,14,0,2,0,0.0,0,8630.0
0.021032349,77,0,2.789.659.224,1701.0,19,0,4,0,0.0,0,1701.0
0.111007836,44,0,0.318238731,9583.0,10,0,1,0,2.0,0,3194.3333333333335
0,52,0,0.467650698,11313.0,16,0,5,0,1.0,0,5656.5
0,31,0,0.039735099,1660.0,2,0,0,0,0.0,0,1660.0
0.072872022,50,0,0.329890037,3000.0,20,0,0,0,2.0,0,1000.0
0.042149246,55,0,0.065189048,2300.0,11,0,0,0,0.0,0,2300.0
0.159942231,62,0,0.348914858,9583.0,10,0,1,0,1.0,0,4791.5
1.115.554.921,44,2,0.421330371,7200.0,5,1,1,1,1.0,4,3600.0
0.101010101,66,0,0.147371764,12593.0,5,0,1,0,3.0,0,3148.25
0.095180964,68,0,0.128589263,800.0,4,0,0,0,0.0,0,800.0
0,65,0,0.566248257,2150.0,12,0,0,0,1.0,0,1075.0
0.659990718,49,1,0.337325995,9266.0,8,0,1,0,5.0,1,1544.3333333333333
0,53,0,0.219132029,3271.0,2,0,1,0,1.0,0,1635.5
0.468635074,61,7,0.772495001,4500.0,13,1,1,0,2.0,8,1500.0
0.170235836,57,0,0.130234791,25000.0,5,0,1,0,1.0,0,12500.0
0.045626214,64,0,0.134213233,11667.0,8,0,1,0,3.0,0,2916.75
0.673150073,46,0,0.289088864,8000.0,4,0,1,0,3.0,0,2000.0
0.020587098,65,0,0.238823257,4316.0,8,0,1,0,0.0,0,4316.0
0.03739626,37,3,0.489981316,15520.0,10,0,6,0,0.0,3,15520.0
0.9999999,24,0,0.032845412,2800.0,1,0,0,0,0.0,0,2800.0
0.46090535,28,1,0.024487756,2000.0,7,0,0,0,0.0,1,2000.0
1.069.883.527,41,3,0.212540193,3109.0,6,1,0,0,3.0,4,777.25
0.9999999,76,0,0.422161172,1091.0,4,0,0,0,0.0,0,1091.0
0.014333402,70,0,0.492688414,8000.0,14,0,3,0,1.0,0,4000.0
0.135293641,56,0,0.30734856,12083.0,8,0,1,0,4.0,0,2416.6
0.163988287,44,0,0.308753676,4420.0,5,0,2,0,1.0,0,2210.0
0.9999999,21,0,0.174702567,1596.0,1,0,0,0,0.0,0,1596.0
1.015.796.841,40,0,0.187272338,4666.0,2,0,1,0,0.0,0,4666.0
0.032094161,36,0,0.077268123,6910.0,10,0,0,0,0.0,0,6910.0
1.035.309.793,38,0,0.24655069,3333.0,5,2,0,0,0.0,2,3333.0
0.891826747,32,0,0.192179516,4500.0,11,0,0,0,2.0,0,1500.0
0.9999999,73,0,0.153169366,5000.0,2,0,0,0,2.0,0,1666.6666666666667
0.386406043,51,0,0.597476791,4200.0,10,0,1,0,3.0,0,1050.0
0.030881218,51,0,0.650939624,2500.0,9,0,1,0,0.0,0,2500.0
0.019961525,89,0,0.009996668,3000.0,5,0,0,0,0.0,0,3000.0
0.904087673,62,0,0.395005097,3923.0,8,0,2,0,0.0,0,3923.0
0.9999999,45,2,0.499247503,7308.0,3,0,1,1,2.0,3,2436.0
0.127630808,58,0,0.442613106,14985.0,19,0,2,0,0.0,0,14985.0
0.548222365,48,0,0.60610216,5833.0,8,0,1,0,2.0,0,1944.3333333333333
0.102636305,44,1,0.208485314,10417.0,8,0,2,0,2.0,1,3472.3333333333335
0.616625558,63,0,0.474011374,7560.0,8,0,3,0,1.0,0,3780.0
0.013620957,78,0,0.130568356,5858.0,13,0,0,0,1.0,0,2929.0
0.944159961,26,0,0.317719841,2262.0,5,0,0,0,1.0,0,1131.0
0.177278402,25,0,0.135480289,1800.0,3,0,0,0,0.0,0,1800.0
0.379735861,43,0,1.743.179.546,7000.0,17,0,4,0,0.0,0,7000.0
0,82,0,0,2584.0,1,0,0,0,0.0,0,2584.0
0,52,0,0.902809719,10000.0,13,0,3,0,0.0,0,10000.0
0.081127925,39,0,0.474682025,8333.0,5,0,3,0,2.0,0,2777.6666666666665
0.833383368,44,0,0.162730564,5800.0,4,0,0,2,4.0,2,1160.0
0.425913068,28,0,0.23503876,3224.0,6,0,0,0,0.0,0,3224.0
0.010576176,44,0,1.086.423.734,3100.0,15,0,1,0,0.0,0,3100.0
0.026158584,59,0,0.309890816,3113.0,20,0,1,0,0.0,0,3113.0
0.989150542,58,0,0.937381404,1580.0,4,0,0,0,0.0,0,1580.0
0.584883023,49,3,0.302952722,5858.0,8,0,2,0,2.0,3,1952.6666666666667
0.221989309,65,0,0.485816448,8389.0,16,0,2,0,2.0,0,2796.3333333333335
0.653869226,62,0,0.389566613,6229.0,6,0,1,0,3.0,0,1557.25
0.908099614,44,4,0.7880731,3118.0,17,0,2,0,1.0,4,1559.0
0.073991779,29,1,0.007183365,2644.0,2,0,0,0,1.0,1,1322.0
0.045135544,64,0,0.073654391,6000.0,6,0,0,1,0.0,1,6000.0
0.080251029,41,0,0.147533252,10600.0,6,0,1,0,4.0,0,2120.0
0.050705144,61,0,0.432412414,13500.0,15,0,3,0,0.0,0,13500.0
0.926221688,40,0,0.364936506,8110.0,5,0,1,0,2.0,0,2703.3333333333335
0.042383173,38,0,0.214445043,13000.0,13,0,2,0,3.0,0,3250.0
0.511729307,67,1,0.60913029,3000.0,8,1,1,0,0.0,2,3000.0
0.024882919,61,0,0.135434025,6600.0,13,0,0,0,1.0,0,3300.0
0.097272218,49,0,0.057194124,8916.0,3,0,0,0,1.0,0,4458.0
0,31,0,0.322546698,3800.0,2,0,1,0,1.0,0,1900.0
0.862117235,68,1,1.045.709.537,4812.0,13,0,1,0,0.0,1,4812.0
0.054887364,45,0,0.504665423,3750.0,9,0,1,0,2.0,0,1250.0
0.9999999,38,0,0.339924461,4500.0,3,0,1,0,0.0,0,4500.0
0.1850974,28,0,0.046262206,6246.0,3,0,0,0,0.0,0,6246.0
0.075165831,64,0,0.241447605,5553.0,8,0,1,0,0.0,0,5553.0
0.113057663,59,0,0.422435215,8450.0,18,0,2,0,0.0,0,8450.0
0.614670591,38,0,0.100649892,6000.0,3,0,0,0,1.0,0,3000.0
0.179107051,81,0,0.455252438,8100.0,7,0,4,0,0.0,0,8100.0
0.09957969,72,0,0.386895197,5600.0,7,0,1,0,0.0,0,5600.0
0.361754212,39,1,0.531886527,13500.0,17,0,2,0,3.0,1,3375.0
0.1304184,66,0,0.332101717,4600.0,16,0,0,0,0.0,0,4600.0
0.043719517,46,0,2960,0.0,13,0,2,0,3.0,0,0.0
0.155422289,82,0,0.040381076,9236.0,9,0,1,0,0.0,0,9236.0
0.133866134,58,0,0.000888691,4500.0,3,0,0,0,0.0,0,4500.0
0.052147393,38,0,0.005165806,6000.0,3,0,0,0,0.0,0,6000.0
0.100494975,57,0,0.333599362,6264.0,6,0,1,0,0.0,0,6264.0
0.657485143,41,0,0.358477971,2995.0,8,0,0,0,1.0,0,1497.5
0.24374344,38,1,0.608195902,2000.0,9,0,0,0,0.0,1,2000.0
0.533176375,55,0,0.298571429,10499.0,13,0,1,0,1.0,0,5249.5
0.038763777,49,0,0.394922764,8350.0,8,0,1,0,3.0,0,2087.5
0.099310658,68,0,0.179004982,14250.0,10,0,1,0,0.0,0,14250.0
0.556697732,70,0,0.03375946,62500.0,11,0,2,0,0.0,0,62500.0
0.094468588,48,0,0.233153369,5000.0,6,0,1,0,2.0,0,1666.6666666666667
0.050542926,71,1,0.184942206,3200.0,7,0,0,0,0.0,1,3200.0
0.008418654,42,0,1.577.371.048,600.0,14,0,1,0,2.0,0,200.0
0.153910249,37,1,0.519620095,4000.0,10,0,2,0,1.0,1,2000.0
0.429526901,33,0,0.50497469,5728.0,6,0,2,0,1.0,0,2864.0
0.09786735,35,0,0.267818864,7463.0,7,0,2,0,2.0,0,2487.6666666666665
1.016.983.017,27,0,48,0.0,3,1,0,0,0.0,1,0.0
0.380278294,60,0,0.200399911,4500.0,4,0,0,0,0.0,0,4500.0
0.023229691,80,0,0.388050546,8150.0,17,0,2,0,0.0,0,8150.0
0.228107801,65,0,0.052789442,5000.0,13,0,0,0,0.0,0,5000.0
0.021498925,60,0,0.120913098,15200.0,8,0,1,0,1.0,0,7600.0
0,46,0,0.186562687,5000.0,5,0,1,0,4.0,0,1000.0
0.698270792,52,3,0.187335092,7200.0,5,0,1,0,0.0,3,7200.0
0.183049785,35,0,0.057859881,5737.0,11,0,0,0,1.0,0,2868.5
0,62,0,0.15147433,6680.0,10,0,2,0,1.0,0,3340.0
0.090556931,49,0,0.025972442,8200.0,11,0,0,0,6.0,0,1171.4285714285713
0.485634291,71,0,0.48257531,1692.0,5,0,0,0,0.0,0,1692.0
0.140219106,60,0,0.855345388,12000.0,14,0,5,0,0.0,0,12000.0
0.932021611,50,0,0.144142643,6000.0,14,0,0,0,2.0,0,2000.0
0.028431664,55,0,0.001939075,15986.0,5,0,0,0,1.0,0,7993.0
0.186001591,45,0,0.103509116,5100.0,14,0,0,0,1.0,0,2550.0
0.005799613,48,0,0.761695322,2500.0,5,0,1,0,0.0,0,2500.0
0.440879927,35,0,0.976569822,3200.0,5,0,2,0,1.0,0,1600.0
0.021798547,41,0,0.544646824,2250.0,6,0,0,0,0.0,0,2250.0
104.434.177,61,7,0.165576434,24000.0,11,0,2,1,0.0,8,24000.0
0.149331256,69,1,0.731005065,3750.0,9,0,1,1,1.0,2,1875.0
0.9999999,24,0,0.009993338,1500.0,1,0,0,0,0.0,0,1500.0
0.229482807,40,0,0.589117477,5200.0,15,0,1,0,1.0,0,2600.0
1.738.768.719,39,0,0.06682452,3800.0,4,2,0,1,1.0,3,1900.0
0.524591856,54,0,0.43871061,6917.0,7,0,1,0,1.0,0,3458.5
0.444819398,66,0,0.403254614,5038.0,6,0,2,0,1.0,0,2519.0
0.30331856,63,0,0.725531029,2400.0,7,0,1,0,0.0,0,2400.0
0.232577254,56,0,0.773218143,4166.0,10,0,3,0,4.0,0,833.2
0,42,1,0.3726645,4923.0,9,0,2,0,1.0,1,2461.5
0.064582067,29,0,0.091503268,2600.0,8,0,0,0,0.0,0,2600.0
0,63,0,0.017734427,4510.0,8,0,0,0,1.0,0,2255.0
0.206309757,61,0,0.039138724,8916.0,14,0,0,0,0.0,0,8916.0
0.025427534,65,1,0.178764247,5000.0,6,0,1,0,0.0,1,5000.0
0.9999999,38,0,0.233383308,2000.0,3,0,0,0,1.0,0,1000.0
0.611902381,44,0,0.522134351,11000.0,8,0,1,0,1.0,0,5500.0
0.025428087,45,0,0.658938028,6986.0,10,0,2,0,1.0,0,3493.0
1.002.514.142,44,0,0.448600973,6575.0,9,0,2,0,5.0,0,1095.8333333333333
0.985355015,32,0,0.133402995,2870.0,4,1,0,0,2.0,1,956.6666666666666
0.77050765,64,1,0.688084587,4917.0,8,1,2,0,2.0,2,1639.0
0.030067463,93,0,0.004544628,5500.0,3,0,0,0,0.0,0,5500.0
0.562336963,37,0,0.190945406,7509.0,4,0,0,0,3.0,0,1877.25
0.757262137,57,0,0.265466817,8000.0,7,0,1,0,1.0,0,4000.0
0.833095952,37,1,0.207352715,6500.0,10,0,0,0,0.0,1,6500.0
0.140523002,59,0,0.543308369,6141.0,15,0,2,0,1.0,0,3070.5
0.157211873,37,0,0.098196751,5600.0,6,0,0,0,0.0,0,5600.0
1.001.312.418,40,0,0.244028842,4437.0,5,0,0,0,1.0,0,2218.5
0.000915961,45,0,0.238913429,28750.0,7,0,3,0,2.0,0,9583.333333333334
0.007039437,57,0,0.4583258,5530.0,11,0,3,0,0.0,0,5530.0
0,68,0,0.105344733,20000.0,9,0,1,0,1.0,0,10000.0
0.294958067,49,0,0.32254071,10500.0,10,0,1,0,3.0,0,2625.0
0.548162094,49,0,2.746.169.221,1500.0,6,0,2,0,0.0,0,1500.0
0.08367783,46,0,1246,0.0,17,0,1,0,3.0,0,0.0
0.301652463,45,0,0.35005822,9446.0,17,0,2,0,3.0,0,2361.5
0.037016029,63,0,0.834371108,3211.0,4,0,2,0,0.0,0,3211.0
0.115721595,31,0,0.302024747,5333.0,12,0,2,0,0.0,0,5333.0
0.430787692,47,0,0.231266049,12850.0,9,0,2,0,2.0,0,4283.333333333333
0.147932265,51,0,0.526269702,2283.0,7,0,0,0,2.0,0,761.0
0.027232131,40,0,0.389383748,5500.0,9,0,1,0,1.0,0,2750.0
0.054190535,64,0,0.526972299,6172.0,7,0,3,0,0.0,0,6172.0
0.38202975,50,0,0.309338132,5000.0,8,0,0,0,0.0,0,5000.0
0.138158518,52,0,0.342610632,3592.0,13,0,1,0,0.0,0,3592.0
0,28,0,0.233845055,2800.0,5,0,0,0,0.0,0,2800.0
0.646620028,59,0,0.419516097,5000.0,9,0,1,0,2.0,0,1666.6666666666667
0.026930249,36,0,0.113325464,14400.0,10,0,1,0,0.0,0,14400.0
0.443429824,65,0,0.541614596,4000.0,6,0,1,0,0.0,0,4000.0
104.532.729,43,0,0.264159924,2100.0,4,0,0,0,2.0,0,700.0
0.67929059,47,0,0.153127015,6203.0,16,0,0,0,2.0,0,2067.6666666666665
0.956278796,52,5,0.876911872,1372.0,12,0,0,3,0.0,8,1372.0
0.039967498,61,0,0.273590801,8000.0,13,0,2,0,0.0,0,8000.0
0.26094781,48,0,0.36502508,13157.0,15,0,2,0,0.0,0,13157.0
0.691431746,34,0,0.770016565,7243.0,12,0,4,1,1.0,1,3621.5
0.005203146,41,0,0.366823274,8300.0,7,0,2,0,2.0,0,2766.6666666666665
0.069763188,72,0,0.481753041,6000.0,18,0,2,0,0.0,0,6000.0
0.839916961,57,0,0.5376138,4173.0,6,0,0,0,2.0,0,1391.0
0.590264318,34,0,0.339088472,9324.0,12,0,2,0,1.0,0,4662.0
0.183009069,48,0,0.360498019,5300.0,16,0,2,0,1.0,0,2650.0
0.347930414,45,0,0.082484138,5200.0,5,0,0,0,0.0,0,5200.0
0.115777287,31,0,0.191130543,1600.0,7,0,0,0,0.0,0,1600.0
0.115992001,29,0,0.461492891,3375.0,13,0,1,0,0.0,0,3375.0
0.216550805,49,0,0.453801878,3300.0,2,0,1,0,0.0,0,3300.0
0.032695412,31,0,0.274765223,3300.0,10,0,0,0,1.0,0,1650.0
0.133671007,70,0,0.197512667,10854.0,8,0,1,0,0.0,0,10854.0
0.086746067,46,0,0.3956643,7887.0,16,0,1,0,2.0,0,2629.0
0.9999999,54,1,0.214753123,1680.0,5,1,0,0,1.0,2,840.0
0.171525253,67,0,0.505956027,14690.0,23,0,5,0,1.0,0,7345.0
0.9999999,30,0,0.050885961,2200.0,2,1,0,0,0.0,1,2200.0
0,52,0,0.313174946,4166.0,3,0,1,0,0.0,0,4166.0
1.017.720.771,48,0,0.812523435,2666.0,12,0,1,0,3.0,0,666.5
0.570507801,28,0,0.098504093,3542.0,5,0,0,0,0.0,0,3542.0
0.130490384,41,0,0.672566372,3954.0,10,0,2,0,4.0,0,790.8
0.04932588,30,0,0.430696416,2957.0,8,0,1,0,2.0,0,985.6666666666666
0.091155922,39,0,0.447712691,12000.0,10,0,2,0,2.0,0,4000.0
0.051599674,58,0,0.073858447,8759.0,5,0,0,0,0.0,0,8759.0
0.02465853,41,0,0.722162308,7417.0,16,0,1,0,2.0,0,2472.3333333333335
0.024954523,77,0,0.015769626,5833.0,12,0,0,0,0.0,0,5833.0
0.116990284,62,0,0.222879684,1520.0,5,0,0,0,1.0,0,760.0
0.9999999,60,0,0.202386712,6200.0,3,0,0,0,1.0,0,3100.0
0.599170677,71,4,4.708.615.113,3400.0,20,0,0,2,0.0,6,3400.0
0.005029437,55,0,0.426905456,2400.0,6,0,1,0,0.0,0,2400.0
0.191078269,44,0,0.01689831,10000.0,2,0,0,0,3.0,0,2500.0
0.664446295,29,0,0.076202374,1600.0,4,0,0,0,0.0,0,1600.0
0.011478731,46,0,0.560426882,3466.0,14,0,2,0,0.0,0,3466.0
2.905.236.908,51,1,0.530460229,3758.0,6,1,1,1,2.0,3,1252.6666666666667
0.112117156,71,0,0.012205754,3440.0,7,0,0,0,1.0,0,1720.0
0.007123538,67,0,0.442430181,2040.0,11,0,1,0,0.0,0,2040.0
0.691252026,47,0,0.522693267,2004.0,7,0,0,0,2.0,0,668.0
0.9999999,70,0,0.193097998,7591.0,5,0,0,0,0.0,0,7591.0
0,67,0,0.468960707,4300.0,7,0,1,0,0.0,0,4300.0
0.023174421,87,0,0.176680018,6740.0,6,0,1,0,0.0,0,6740.0
0.856381206,35,0,0.224908201,3267.0,5,0,0,0,0.0,0,3267.0
0.041632811,60,0,0.311527357,14200.0,17,0,2,0,1.0,0,7100.0
0.038422211,46,0,0.206116276,8926.0,9,0,2,0,2.0,0,2975.3333333333335
0.02126092,72,0,0.002722676,2570.0,3,0,0,0,0.0,0,2570.0
0.022648037,74,0,0.398920216,5000.0,8,0,2,0,0.0,0,5000.0
0.054964772,53,0,0.233106757,2500.0,14,0,0,0,0.0,0,2500.0
0.059313562,24,0,0.001954652,2557.0,2,0,0,0,0.0,0,2557.0
0.209127502,60,1,0.317086235,5600.0,14,0,2,0,0.0,1,5600.0
0.826505103,48,0,0.315394848,8268.0,12,0,2,0,0.0,0,8268.0
0.044443394,69,0,0.417321117,4583.0,8,0,2,0,0.0,0,4583.0
0,40,0,0.095580884,5000.0,9,0,0,0,1.0,0,2500.0
0.595800233,42,1,0.517901453,2820.0,4,0,1,0,2.0,1,940.0
0.737130515,55,1,0.394058164,12756.0,6,0,2,0,4.0,1,2551.2
0.110547236,56,0,0.321940223,13750.0,16,0,1,0,0.0,0,13750.0
0.092232568,62,0,0.398344264,9300.0,9,0,2,0,0.0,0,9300.0
0.0312247,64,0,0.28267933,4000.0,9,0,1,0,0.0,0,4000.0
0.280972976,56,1,0.218104063,2805.0,7,0,1,1,0.0,2,2805.0
0.890097184,36,0,0.367380903,4806.0,3,0,0,0,0.0,0,4806.0
0.914038024,38,0,0.580672357,9488.0,7,0,2,0,1.0,0,4744.0
0.9999999,46,0,47,0.0,0,0,0,0,3.0,0,0.0
0.9999999,44,1,1.173.587.729,2672.0,5,0,1,0,0.0,1,2672.0
0.907452965,52,1,0.370097394,11396.0,9,0,1,0,0.0,1,11396.0
0.155520125,48,0,0.234047535,8540.0,4,0,1,0,2.0,0,2846.6666666666665
0.010166328,48,0,0.022205774,1350.0,4,0,0,0,0.0,0,1350.0
0.028745631,66,0,0.006225945,8833.0,6,0,0,0,0.0,0,8833.0
0.071180253,62,0,0.14910202,16035.0,11,0,1,0,1.0,0,8017.5
0.046501546,74,0,0.0057946,8110.0,5,0,0,0,0.0,0,8110.0
0.904063957,30,1,0.507246377,2000.0,6,0,0,1,0.0,2,2000.0
0.03928844,69,0,0.006284816,7000.0,5,0,0,0,0.0,0,7000.0
0.441642449,30,0,0.422155689,1001.0,8,0,0,0,0.0,0,1001.0
0.092260516,66,0,0.064205669,7584.0,3,0,0,0,0.0,0,7584.0
0.009594162,61,0,0.00182704,3283.0,4,0,0,0,0.0,0,3283.0
0.003211317,54,0,0.151596538,3350.0,4,0,0,0,0.0,0,3350.0
0.14893617,67,0,0.629224179,2100.0,6,0,0,0,0.0,0,2100.0
0.223552894,31,0,0.004969307,3420.0,4,0,0,0,1.0,0,1710.0
0.003499924,69,0,0.216573462,5900.0,15,0,1,0,3.0,0,1475.0
0,28,0,0,1450.0,4,0,0,0,1.0,0,725.0
0.845474614,26,0,0.089638622,7083.0,5,1,0,0,0.0,1,7083.0
0,61,0,0.417844954,2050.0,5,0,0,0,1.0,0,1025.0
0.225580575,32,0,0.337526548,6120.0,7,0,2,0,0.0,0,6120.0
0.001129736,40,0,0.181884146,8268.0,6,0,1,0,1.0,0,4134.0
0.181978606,65,0,0.162979161,7773.0,12,0,2,0,0.0,0,7773.0
0.083598714,79,0,0.215683474,7000.0,4,0,1,0,0.0,0,7000.0
0,54,0,0.311344508,13900.0,10,1,4,0,2.0,1,4633.333333333333
0.190468771,62,1,0.693531283,6600.0,15,0,3,0,2.0,1,2200.0
0.9999999,58,0,0.135549872,2736.0,1,0,0,0,0.0,0,2736.0
0.058320498,42,0,0.530089629,3123.0,12,0,2,0,0.0,0,3123.0
0,61,0,0.081972676,3000.0,6,0,0,0,0.0,0,3000.0
0.650264654,32,1,0.132498193,4150.0,4,0,0,0,0.0,1,4150.0
0.14458409,46,0,0.045350014,10870.0,7,0,0,0,2.0,0,3623.3333333333335
0.21117678,40,0,0.314736995,6900.0,9,0,1,0,3.0,0,1725.0
0.523147685,72,1,0.293966797,7408.0,9,1,2,2,1.0,4,3704.0
0.02408065,44,0,0.137143381,10900.0,6,0,2,0,1.0,0,5450.0
0.013669372,51,0,0.185600361,13291.0,9,0,2,0,1.0,0,6645.5
0.593229738,51,0,0.582527847,10862.0,12,0,2,0,1.0,0,5431.0
0.814742207,55,0,0.009130038,23000.0,4,1,0,0,1.0,1,11500.0
0.068179681,35,0,0.04542338,5833.0,6,0,0,0,1.0,0,2916.5
0.882935284,42,0,0.780654162,6450.0,12,0,2,0,0.0,0,6450.0
0.094592986,64,0,0.278781687,15660.0,15,0,1,0,1.0,0,7830.0
0.372547534,59,0,0.118725418,15000.0,5,0,1,0,0.0,0,15000.0
0.54213082,35,0,0.534910166,4396.0,4,0,2,0,0.0,0,4396.0
0.162419321,56,0,0.415495372,5833.0,6,0,2,0,0.0,0,5833.0
0.575191454,56,1,0.427682199,34700.0,8,0,4,0,1.0,1,17350.0
0.319412649,49,2,0.385015331,7500.0,34,0,2,0,0.0,2,7500.0
0.660654608,55,0,0.628605914,8284.0,16,0,2,0,1.0,0,4142.0
0.460239565,47,0,0.044128759,6616.0,4,0,0,0,2.0,0,2205.3333333333335
0.287382895,46,1,0.29430759,30039.0,12,1,3,0,4.0,2,6007.8
0.9999999,57,2,1.689.770.077,3000.0,7,1,2,2,3.0,5,750.0
0.369958893,39,0,0.409210143,3430.0,4,0,0,0,0.0,0,3430.0
0.9999999,49,0,0.586768699,4050.0,7,0,2,0,0.0,0,4050.0
0.133705143,56,0,0.693592948,7600.0,6,0,2,0,0.0,0,7600.0
0.9999999,23,0,0,2870.0,0,0,0,0,0.0,0,2870.0
0.004373471,54,0,0.052858684,2780.0,11,0,0,0,0.0,0,2780.0
0.045505927,65,1,0.234353129,5000.0,7,0,1,0,0.0,1,5000.0
0,43,0,0.333133373,5000.0,9,0,2,0,0.0,0,5000.0
0.37718791,48,1,0.295553022,4384.0,14,0,0,0,0.0,1,4384.0
0.160104345,54,0,0.496434065,7150.0,11,0,2,0,0.0,0,7150.0
0.041994751,34,0,0.437941965,4100.0,10,0,1,0,1.0,0,2050.0
0.093899779,84,0,0.037792442,5000.0,8,0,0,0,0.0,0,5000.0
0.050933035,70,0,0.027846955,4416.0,6,0,0,0,0.0,0,4416.0
0,32,0,0.077926421,2989.0,5,0,1,0,1.0,0,1494.5
0.156264565,27,0,111,0.0,6,0,0,0,0.0,0,0.0
0.899431733,66,0,0.480241588,5794.0,8,0,2,0,0.0,0,5794.0
0.200371833,60,0,0.51029154,15400.0,21,0,7,0,1.0,0,7700.0
0.288492201,64,0,0.612414942,7200.0,16,0,2,0,1.0,0,3600.0
0.9999999,39,0,0.000608871,21350.0,0,1,0,0,2.0,1,7116.666666666667
0.872750409,63,8,0.906609339,10000.0,12,0,6,1,2.0,9,3333.3333333333335
0.072966404,72,0,0.606211656,2607.0,15,0,2,0,0.0,0,2607.0
0.033432219,60,0,0.258078796,6776.0,3,0,2,0,0.0,0,6776.0
0.051392104,68,0,0.377324535,5000.0,9,0,3,0,1.0,0,2500.0
0.825304367,46,0,0.592166058,14500.0,13,0,2,0,1.0,0,7250.0
0.208908886,68,6,256.097.561,2500.0,16,0,4,0,0.0,6,2500.0
0.562114779,50,1,0.161056936,6357.0,4,0,1,1,0.0,2,6357.0
0.119388061,53,0,1.182.847.896,1235.0,5,0,0,0,2.0,0,411.6666666666667
0,64,0,0,4418.0,2,0,0,0,0.0,0,4418.0
0.005484793,90,0,0.0029994,5000.0,6,0,0,0,0.0,0,5000.0
0.9999999,31,98,0,1440.0,0,98,0,98,1.0,294,720.0
0.005877431,65,0,0.145770846,5000.0,7,0,2,0,0.0,0,5000.0
0.115360102,75,0,1477,0.0,6,0,1,0,0.0,0,0.0
0.728427157,59,0,0.154791841,3578.0,4,0,0,0,0.0,0,3578.0
0,71,0,0.365982793,3021.0,10,0,0,0,0.0,0,3021.0
0.732160435,47,4,0.438616265,11533.0,17,0,1,0,1.0,4,5766.5
0.004810627,91,0,0.003700962,1350.0,7,0,0,0,0.0,0,1350.0
0,69,0,0.329334476,3500.0,6,0,2,0,1.0,0,1750.0
0.237025673,70,0,0.207780673,16887.0,11,0,3,0,0.0,0,16887.0
0.017460282,71,0,0.146409541,3940.0,7,0,0,0,0.0,0,3940.0
0.107915106,81,0,0.006094658,10500.0,13,0,0,0,0.0,0,10500.0
0.002757561,60,2,0.801654904,4108.0,11,0,2,0,0.0,2,4108.0
0.9999999,51,4,4221,0.0,9,1,1,1,2.0,6,0.0
0.9999999,39,1,0.672221296,6000.0,5,0,2,0,2.0,1,2000.0
0.647923774,26,0,0.039934054,5458.0,3,0,0,0,1.0,0,2729.0
0.01319956,39,0,0.00275,3999.0,1,0,0,0,3.0,0,999.75
0.006139371,58,0,0.14401057,20435.0,15,0,2,0,2.0,0,6811.666666666667
0.522041944,40,0,0.151461679,17000.0,4,0,2,0,4.0,0,3400.0
0.207903507,60,0,0.477624973,4580.0,5,0,1,0,0.0,0,4580.0
1.057.061.341,55,0,0.023210291,3575.0,3,0,0,0,0.0,0,3575.0
0.251659791,44,0,0.846384538,3000.0,2,0,1,0,0.0,0,3000.0
0.410556849,38,1,0.336898396,5235.0,8,0,0,0,0.0,1,5235.0
0.010771552,67,0,0.582608696,5174.0,9,0,3,0,1.0,0,2587.0
0.256097052,67,0,0.261434578,7848.0,18,0,1,0,0.0,0,7848.0
0.307716817,70,0,0.661741305,4398.0,12,0,1,0,0.0,0,4398.0
0.043165639,69,0,0.180427603,5752.0,6,0,1,0,1.0,0,2876.0
0,60,0,0.140339383,15262.0,9,0,1,0,0.0,0,15262.0
0.000392843,35,1,0.395110024,4089.0,5,0,1,0,0.0,1,4089.0
0.066242194,38,0,0.821840826,6583.0,4,0,1,0,0.0,0,6583.0
0.9999999,38,1,0.293784369,6000.0,2,0,2,0,0.0,1,6000.0
0.000189184,58,0,0.034564554,2950.0,4,0,1,0,0.0,0,2950.0
0.033109836,57,0,0.303097938,11200.0,8,0,2,0,2.0,0,3733.3333333333335
0.115079706,30,0,0.372156961,4000.0,23,0,2,0,0.0,0,4000.0
0.00469953,28,0,0.199809251,2096.0,6,0,0,0,0.0,0,2096.0
0.229305801,41,3,0.301740096,5401.0,11,0,2,0,0.0,3,5401.0
0.173918029,33,0,0.819590205,2000.0,14,0,0,0,0.0,0,2000.0
0.025371666,74,0,0.003851262,7529.0,5,0,0,0,0.0,0,7529.0
0.531390477,63,1,0.125858276,15000.0,9,0,0,0,0.0,1,15000.0
0.373002934,34,0,0.167840045,3550.0,6,0,0,0,1.0,0,1775.0
0.006579864,52,1,0.277521812,10200.0,18,0,1,0,0.0,1,10200.0
0.641294006,47,1,684,0.0,5,5,0,5,0.0,11,0.0
0.099643382,44,0,0.412535977,3126.0,5,0,2,0,0.0,0,3126.0
0.1520058,79,0,0.670342562,4261.0,28,0,2,0,0.0,0,4261.0
0.843419789,49,0,0.131376518,4939.0,4,0,0,1,2.0,1,1646.3333333333333
0.019883105,64,0,0.028599606,6083.0,16,0,0,0,0.0,0,6083.0
0.175184974,56,0,0.399284361,4750.0,6,0,1,0,0.0,0,4750.0
0.22365337,64,0,0.161704312,1947.0,3,0,0,0,0.0,0,1947.0
0.9999999,57,0,0.362457338,4394.0,2,0,1,0,2.0,0,1464.6666666666667
0.594281144,59,0,0.115088491,10000.0,4,5,0,0,1.0,5,5000.0
0.865585425,27,0,0.166089965,2600.0,6,1,0,1,0.0,2,2600.0
0.147126632,41,0,0.093167702,7083.0,10,0,0,0,1.0,0,3541.5
0,54,6,155.536.116,4000.0,3,0,1,1,3.0,7,1000.0
0.014999605,42,0,0.184781522,10000.0,7,0,1,1,1.0,1,5000.0
0.584717608,24,0,0.129642134,1480.0,3,0,0,0,0.0,0,1480.0
0.530389663,58,0,0.53974298,2100.0,7,0,0,0,0.0,0,2100.0
0.020215621,75,0,0.018566124,3500.0,13,0,0,0,0.0,0,3500.0
0.458607914,64,1,0.132348446,9814.0,9,0,0,0,1.0,1,4907.0
0.025319939,48,0,0.049900919,5550.0,9,0,0,0,0.0,0,5550.0
0.808794137,36,0,0.094844983,5450.0,3,0,0,1,0.0,1,5450.0
0.655312198,68,0,1.073.985.203,5000.0,18,0,1,0,1.0,0,2500.0
0.838161838,74,0,0.07556601,3400.0,3,0,0,0,0.0,0,3400.0
0.156843157,25,0,0.253433208,800.0,3,0,0,0,0.0,0,800.0
0.921078921,54,0,0.175852346,3900.0,7,0,0,0,0.0,0,3900.0
1.119.601.329,45,0,0.010347271,7054.0,1,0,0,1,1.0,1,3527.0
0.037131843,32,0,0.711457708,5000.0,8,0,2,0,0.0,0,5000.0
0.84708955,57,1,0.343813617,8841.0,15,2,2,0,1.0,3,4420.5
0.982618059,36,1,"1,15",8749.0,4,1,1,0,1.0,2,4374.5
0.675675676,46,4,0.242889992,8262.0,10,0,0,1,0.0,5,8262.0
0.144304869,76,0,0.041530945,3683.0,4,0,0,0,0.0,0,3683.0
0.118094489,75,0,0.379112272,3829.0,6,0,1,0,0.0,0,3829.0
0.012141541,76,0,00.12,4599.0,5,0,0,0,0.0,0,4599.0
0,43,0,0.148212947,4000.0,7,0,0,0,2.0,0,1333.3333333333333
0,73,0,0.137807926,2800.0,4,0,1,0,0.0,0,2800.0
0.614795068,33,0,1.476.666.667,2.0,3,0,0,0,2.0,0,0.6666666666666666
0.254987251,49,0,0.444911018,5000.0,22,0,2,0,0.0,0,5000.0
0,62,0,0.473596022,18500.0,19,0,4,0,2.0,0,6166.666666666667
0.002169974,44,0,0.000344768,5800.0,9,0,0,0,1.0,0,2900.0
0.999333555,42,2,0.610770089,3583.0,9,5,1,0,0.0,7,3583.0
0.300252066,45,0,0.289409534,7383.0,8,0,3,0,0.0,0,7383.0
0.184390966,53,0,0.254624229,6000.0,12,0,2,0,0.0,0,6000.0
0.02425318,74,0,0.014567266,3500.0,12,0,0,0,0.0,0,3500.0
0.504578727,49,0,0.437522725,8250.0,14,0,1,0,2.0,0,2750.0
0.437046766,75,0,0.740037138,7000.0,20,0,1,0,0.0,0,7000.0
0.901619676,31,0,0.058670143,2300.0,1,0,0,0,0.0,0,2300.0
0.113775249,61,0,0.778582748,4416.0,8,0,2,0,0.0,0,4416.0
0.319131161,72,0,0.037362855,10116.0,4,0,0,0,0.0,0,10116.0
0.84144819,50,0,0.056907782,2916.0,5,1,0,0,0.0,1,2916.0
0.000379397,88,0,0.280287885,2500.0,7,0,2,0,0.0,0,2500.0
0.038398405,53,0,0.500049995,10000.0,11,0,1,0,1.0,0,5000.0
0.524231718,45,0,0.594094897,10600.0,7,0,4,0,1.0,0,5300.0
0.02389662,53,0,0.395405447,6572.0,13,0,1,0,3.0,0,1643.0
0.215421273,88,0,0.303262956,4167.0,5,0,1,0,0.0,0,4167.0
0.5074985,24,0,0.264771213,2250.0,3,0,0,0,0.0,0,2250.0
0.359499492,34,0,0.406381857,7583.0,11,0,2,0,2.0,0,2527.6666666666665
0.095626901,54,0,0.196787926,5167.0,12,0,1,0,0.0,0,5167.0
0.032752735,68,0,0.089242563,12000.0,14,0,0,0,0.0,0,12000.0
0.174041298,58,0,0.768764963,7100.0,6,0,2,0,1.0,0,3550.0
0.985061834,35,0,0.887100707,4100.0,8,0,3,0,3.0,0,1025.0
0.018090361,34,0,1.143.808.995,1800.0,10,0,2,0,0.0,0,1800.0
0.698188364,40,0,0.749508068,10163.0,9,0,4,0,0.0,0,10163.0
0.041038867,55,0,0.002042515,13218.0,2,0,0,0,0.0,0,13218.0
1.003.124.609,44,0,0.393477743,4200.0,8,0,0,0,0.0,0,4200.0
1.018.159.806,58,0,0.186887137,5200.0,9,1,0,0,0.0,1,5200.0
0,37,0,0.088632679,5550.0,3,0,0,0,0.0,0,5550.0
0.338826632,38,0,0.249916694,3000.0,10,0,0,0,1.0,0,1500.0
0.9999999,24,0,0.61298377,800.0,1,0,0,0,0.0,0,800.0
0.010132434,66,0,0.306875694,8100.0,14,1,2,0,0.0,1,8100.0
0.9999999,40,1,0.330045321,3750.0,2,0,1,0,4.0,1,750.0
0.9999999,60,0,0.432345591,2800.0,8,0,1,0,0.0,0,2800.0
0.929655335,34,1,0.009768174,82000.0,7,1,0,0,1.0,2,41000.0
0.171655223,53,0,0.242528608,9000.0,4,0,2,0,4.0,0,1800.0
0.034059498,66,0,0.179394177,10200.0,26,0,2,0,1.0,0,5100.0
0.468361493,39,1,0.293391287,10122.0,12,0,2,0,0.0,1,10122.0
0.077607155,59,0,0.076521919,19366.0,17,0,0,0,0.0,0,19366.0
1.272.425.249,41,2,0.451516161,3000.0,6,3,1,1,0.0,6,3000.0
0.010881393,61,1,0.402800295,6784.0,17,0,2,0,0.0,1,6784.0
0.303038493,41,0,0.159878161,14116.0,7,0,1,0,4.0,0,2823.2
0.021078136,61,0,0.102130034,10750.0,19,0,1,0,0.0,0,10750.0
0,76,0,0,1342.0,8,0,0,0,2.0,0,447.3333333333333
0,44,0,0.33925144,2083.0,7,0,0,0,3.0,0,520.75
0.057911365,49,0,0.402453252,30000.0,11,0,4,0,4.0,0,6000.0
0.048136826,77,2,0.046558126,3500.0,12,0,0,0,2.0,2,1166.6666666666667
0.785204227,64,0,0.25224925,3000.0,6,0,0,0,0.0,0,3000.0
0.888442354,52,1,0.481049563,6516.0,13,0,1,0,1.0,1,3258.0
0.830339321,31,0,0.207136091,3166.0,6,0,0,0,0.0,0,3166.0
0.414149916,69,1,2.011.785.247,2290.0,10,0,2,0,0.0,1,2290.0
0.9999999,26,0,0.006996502,2000.0,1,0,0,0,0.0,0,2000.0
0.402679583,42,0,0.970797159,3800.0,9,0,1,0,0.0,0,3800.0
0.401146514,40,0,0.406332454,1515.0,9,0,1,0,1.0,0,757.5
0.765119753,64,0,0.340554051,4800.0,13,0,0,0,0.0,0,4800.0
0.615088975,56,0,0.859427682,11566.0,8,0,1,0,4.0,0,2313.2
0.200994257,60,0,0.657585604,4000.0,6,0,1,0,0.0,0,4000.0
0.751977553,57,0,0.513997334,5250.0,16,0,1,0,0.0,0,5250.0
0,55,0,0.75834487,6500.0,13,0,2,0,3.0,0,1625.0
0.480988469,49,0,0.302861351,9505.0,14,0,1,0,3.0,0,2376.25
0.048920691,42,1,0.527748933,8666.0,10,0,3,0,2.0,1,2888.6666666666665
0.63664014,36,0,0.328597737,3800.0,4,0,1,0,0.0,0,3800.0
0.073113346,72,0,0.192543922,7000.0,4,0,1,0,0.0,0,7000.0
0.982715856,34,1,0.561931818,3519.0,7,0,2,0,1.0,1,1759.5
0.958915013,28,1,1.046.863.735,1386.0,13,2,0,0,0.0,3,1386.0
0.684782609,45,0,0.038121596,11200.0,4,0,0,0,0.0,0,11200.0
0.004610309,78,0,0.229474353,12593.0,12,0,2,0,1.0,0,6296.5
0.136232129,48,0,0.437001079,9269.0,23,0,2,0,3.0,0,2317.25
0.789760512,54,0,0.242093157,10433.0,6,0,1,0,0.0,0,10433.0
0.910032505,32,1,0.692763938,1685.0,7,0,0,0,1.0,1,842.5
0.017178883,44,0,1.361.799.625,4800.0,18,0,4,0,4.0,0,960.0
0.965248559,40,0,0.457842113,6700.0,11,0,1,0,1.0,0,3350.0
0.023480613,53,0,0.290165078,4300.0,9,0,2,0,2.0,0,1433.3333333333333
0.920041005,29,1,0.147865325,2880.0,3,0,0,0,0.0,1,2880.0
0.823920266,57,0,0.006357856,1100.0,2,0,0,0,0.0,0,1100.0
0.008719302,35,3,0.032468678,17000.0,4,0,0,2,2.0,5,5666.666666666667
0.022589804,42,0,0.193415638,1700.0,3,0,0,0,2.0,0,566.6666666666666
0.015261541,72,0,0.609884332,950.0,6,0,0,0,0.0,0,950.0
0.06491816,73,0,0.011498084,6000.0,5,0,0,0,1.0,0,3000.0
0.02081185,68,0,0.157238585,12833.0,5,0,1,0,1.0,0,6416.5
0.295551389,46,1,0.514271065,5850.0,6,0,1,0,1.0,1,2925.0
0.416197975,42,0,0.044823232,3167.0,1,0,0,0,0.0,0,3167.0
0.828632631,24,0,0.038312049,1800.0,4,0,0,0,0.0,0,1800.0
0.256371814,23,0,0.018270402,820.0,2,0,0,0,0.0,0,820.0
0.263147371,29,0,0.397750937,2400.0,6,0,1,0,1.0,0,1200.0
0.025153343,89,0,0.001679866,8333.0,3,0,0,0,0.0,0,8333.0
0.164564957,79,0,0.216903968,3300.0,7,0,0,0,0.0,0,3300.0
0.124516356,30,0,0.210777923,2300.0,8,0,0,0,1.0,0,1150.0
0.106255171,62,0,0.387730613,6666.0,9,0,1,0,0.0,0,6666.0
0.019705457,62,0,0.172182782,10000.0,10,0,1,0,1.0,0,5000.0
0.421956849,47,0,0.237290984,11900.0,12,0,2,0,2.0,0,3966.6666666666665
0.9999999,29,0,0.024991669,3000.0,2,0,0,0,3.0,0,750.0
0.975071874,48,0,0.258678998,14488.0,10,0,1,0,1.0,0,7244.0
0,87,0,0,5299.0,5,0,0,0,0.0,0,5299.0
0.049386156,59,0,0.419872766,3300.0,12,0,1,0,1.0,0,1650.0
0.155890774,68,0,0.226561026,5300.0,6,0,0,0,1.0,0,2650.0
0.128388272,70,0,0.123600973,4109.0,3,0,0,0,0.0,0,4109.0
0.071469325,51,0,0.463223787,2555.0,9,0,0,0,0.0,0,2555.0
0.000249994,40,1,0.539763113,6500.0,7,0,2,0,0.0,1,6500.0
0.003304805,49,0,0.370331483,6666.0,8,0,2,0,1.0,0,3333.0
0.030726714,45,0,0.357866963,7200.0,9,0,3,0,0.0,0,7200.0
0.046241302,60,0,0.282316119,3194.0,18,0,2,0,0.0,0,3194.0
0.909817424,38,2,0.508621799,15541.0,15,4,4,0,0.0,6,15541.0
0.607103647,48,0,0.760143198,1675.0,6,0,1,0,1.0,0,837.5
0.361076801,68,0,0.344889574,3893.0,6,0,1,0,0.0,0,3893.0
0.699830017,47,0,0.37724982,4166.0,4,0,1,0,0.0,0,4166.0
0.621180299,76,0,0.188080866,10436.0,14,0,0,0,0.0,0,10436.0
0.964143426,44,1,0.183980484,4918.0,6,0,0,1,1.0,2,2459.0
0.651617419,52,1,0.216783217,3574.0,7,0,0,0,0.0,1,3574.0
0.227640574,39,0,0.603046168,2100.0,11,0,0,0,3.0,0,525.0
0.622524875,43,0,0.63594306,2809.0,5,0,1,0,3.0,0,702.25
0.002894262,53,0,0.147774481,5054.0,7,0,0,0,1.0,0,2527.0
0.025277193,56,1,0.494310763,5360.0,21,0,2,0,1.0,1,2680.0
0,64,0,0.248011519,14583.0,7,0,2,0,0.0,0,14583.0
0.081735458,46,0,0.601679664,5000.0,16,0,2,0,2.0,0,1666.6666666666667
0.063879558,46,0,0.560487902,5000.0,13,0,1,0,0.0,0,5000.0
0.018702146,63,0,0.467503362,2230.0,6,0,1,1,1.0,1,1115.0
0.024781368,68,0,0.142614601,5300.0,7,0,1,0,0.0,0,5300.0
0.078245809,47,1,0.369452219,2500.0,10,0,0,0,0.0,1,2500.0
0,84,0,0,2382.0,1,0,0,0,0.0,0,2382.0
0.029794041,31,1,0.267892843,2500.0,7,0,0,0,0.0,1,2500.0
0.667353494,26,0,0.098287806,7650.0,5,0,0,0,2.0,0,2550.0
0.45479489,50,1,0.24301658,15500.0,8,0,2,0,1.0,1,7750.0
0.431883596,62,0,0.367107894,10500.0,9,0,1,0,2.0,0,3500.0
0.02359882,51,0,0.145370926,5000.0,5,0,0,0,1.0,0,2500.0
0.005260641,65,0,0.178626972,4500.0,4,0,1,1,0.0,1,4500.0
0.02379762,56,0,0.242870875,3120.0,4,0,0,0,1.0,0,1560.0
0.262105381,45,1,0.108641975,2834.0,12,0,0,0,0.0,1,2834.0
0.392326605,48,0,0.476565501,5205.0,10,0,1,0,1.0,0,2602.5
0.98971502,30,2,0.451526513,5600.0,8,0,1,0,2.0,2,1866.6666666666667
0.366551498,48,0,0.792157703,4666.0,15,0,2,0,0.0,0,4666.0
0.001699958,50,0,0.000175177,11416.0,6,0,0,0,2.0,0,3805.3333333333335
0.9999999,45,0,0,1500.0,0,0,0,0,0.0,0,1500.0
0.214889256,65,0,0.312365795,15833.0,4,0,3,0,0.0,0,15833.0
85,33,0,0.632052613,8666.0,11,0,2,0,0.0,0,8666.0
0.694922786,29,0,0.122979503,6000.0,10,0,0,0,0.0,0,6000.0
0.02093665,84,0,0.008084824,7544.0,9,0,0,0,0.0,0,7544.0
0,50,3,0.711269123,9281.0,7,0,1,0,2.0,3,3093.6666666666665
0.249963415,56,0,0.314636957,7808.0,23,0,2,0,0.0,0,7808.0
0.006620233,87,0,0.00036357,5500.0,1,0,0,0,0.0,0,5500.0
0.78033027,80,0,0.551654458,7917.0,10,0,2,0,0.0,0,7917.0
0.35832084,63,0,0.416804865,3617.0,6,0,1,0,0.0,0,3617.0
0,41,0,0.210415571,1900.0,8,0,0,0,1.0,0,950.0
0.087433237,51,0,0.181121227,10434.0,5,0,1,0,2.0,0,3478.0
0.118576587,43,1,0.326304753,8583.0,10,1,1,0,1.0,2,4291.5
0.49230154,39,0,0.512925969,1701.0,3,0,1,0,2.0,0,567.0
0.998061323,41,0,0.33431361,8500.0,9,0,1,0,1.0,0,4250.0
0.499250375,29,0,0.136433219,5225.0,2,0,0,0,0.0,0,5225.0
0.01716619,80,0,0.131329114,3791.0,7,0,1,0,0.0,0,3791.0
0.241446294,60,0,0.481556546,7400.0,26,0,3,0,0.0,0,7400.0
0.689747004,30,1,0.349544073,6250.0,8,1,2,1,0.0,3,6250.0
0.12019399,46,0,0.39783131,15400.0,4,0,2,0,3.0,0,3850.0
0.9999999,60,1,0.090753717,5850.0,7,0,1,0,2.0,1,1950.0
0.469587701,50,0,0.595959596,6533.0,25,0,1,0,1.0,0,3266.5
0,44,0,0.134955752,4971.0,4,0,1,0,3.0,0,1242.75
0,82,2,0.092783505,3200.0,8,0,0,0,0.0,2,3200.0
0.798710064,46,0,0.544105293,3570.0,4,0,2,0,3.0,0,892.5
0.278544291,42,0,0.242663379,12164.0,5,0,1,0,3.0,0,3041.0
0.00881738,47,0,0.753881988,6439.0,6,0,2,0,2.0,0,2146.3333333333335
0,56,0,0.091193004,1600.0,3,0,0,0,0.0,0,1600.0
0.11737011,39,0,0.528325834,8666.0,9,0,2,0,1.0,0,4333.0
0.154007097,41,1,0.156790123,3239.0,10,0,0,0,0.0,1,3239.0
0.9999999,42,0,0.303239352,3333.0,1,2,0,0,3.0,2,833.25
0.309771259,47,0,0.903594382,4200.0,6,0,2,0,0.0,0,4200.0
0.014627343,36,0,0.246197017,13541.0,9,0,1,0,1.0,0,6770.5
0.669439006,56,0,0.636167458,6950.0,22,0,1,0,0.0,0,6950.0
0.314437351,36,0,0.305936073,8759.0,7,0,1,0,1.0,0,4379.5
0,61,0,0,6000.0,1,0,0,0,0.0,0,6000.0
0.003242724,52,0,0.453363805,7000.0,19,0,3,0,2.0,0,2333.3333333333335
0.964688364,46,3,0.354445635,7467.0,6,2,1,0,0.0,5,7467.0
0.051430886,79,0,0.073570572,5001.0,15,0,0,0,0.0,0,5001.0
0.524343717,60,4,0.865100375,18131.0,24,0,20,0,0.0,4,18131.0
0.270096232,59,0,0.348482094,5500.0,20,0,0,0,1.0,0,2750.0
0.008484615,84,0,0.00119984,7500.0,2,0,0,0,0.0,0,7500.0
0.02809237,46,0,0.012645914,3083.0,8,0,0,1,0.0,1,3083.0
0.124012083,60,0,0.054327995,4932.0,8,0,0,0,2.0,0,1644.0
0.105335984,58,0,0.14632598,6300.0,9,0,1,0,1.0,0,3150.0
0.075624555,38,1,0.296347665,4325.0,11,0,1,0,2.0,1,1441.6666666666667
0.932135729,30,0,0.128445925,3300.0,5,0,0,0,0.0,0,3300.0
0.002941138,65,0,0.318740066,6920.0,11,0,3,0,0.0,0,6920.0
0.070841804,67,0,0.307140336,8500.0,7,0,2,0,0.0,0,8500.0
0.203169176,76,1,0.081765777,6591.0,5,0,0,0,0.0,1,6591.0
0.358296799,31,0,0.155503329,2552.0,9,0,0,1,0.0,1,2552.0
0.9999999,40,0,0,3539.0,0,0,0,0,0.0,0,3539.0
0,30,0,0.094795539,2689.0,3,0,0,0,0.0,0,2689.0
0.565190777,29,0,0.349073886,4912.0,4,0,1,0,2.0,0,1637.3333333333333
0.50509898,50,2,0.695345557,2835.0,5,1,2,1,0.0,4,2835.0
0.044600705,39,0,0.293125443,7054.0,8,0,2,0,1.0,0,3527.0
0.063878671,67,0,0.21224443,17460.0,14,0,2,0,1.0,0,8730.0
0.043825262,31,0,0.475864039,3500.0,8,0,1,0,0.0,0,3500.0
0.042829633,65,0,0.146379262,7097.0,7,0,1,0,0.0,0,7097.0
0.060539652,28,0,0.351216261,3000.0,9,2,0,0,1.0,2,1500.0
0.011911414,43,0,0.00265316,4145.0,6,0,0,0,0.0,0,4145.0
0.356022596,67,1,1.523.252.135,3160.0,9,0,3,0,0.0,1,3160.0
0.296068459,50,0,0.283537014,14237.0,22,0,2,0,3.0,0,3559.25
0,83,0,0.017774343,2587.0,2,0,0,0,0.0,0,2587.0
0.915084915,32,0,0.485003333,4500.0,4,0,1,0,0.0,0,4500.0
0.508089524,52,1,0.367642495,9666.0,9,0,1,0,2.0,1,3222.0
5.19E-05,52,0,0.614769395,3750.0,14,0,1,0,2.0,0,1250.0
0.011676777,59,0,0.110698472,7000.0,7,0,0,0,1.0,0,3500.0
0.139880839,50,0,0.040355424,2700.0,13,0,0,0,3.0,0,675.0
0.270912017,55,0,0.502584456,10833.0,20,0,3,0,3.0,0,2708.25
0.419527326,36,0,282.596.291,700.0,8,0,1,0,0.0,0,700.0
0.084622884,29,0,"3,71875",5999.0,8,0,1,0,0.0,0,5999.0
0.206933911,37,0,0.296289175,5200.0,11,0,1,0,0.0,0,5200.0
0.522949503,53,0,0.205122289,4333.0,10,0,0,0,0.0,0,4333.0
0.025836441,33,0,0.719523901,5208.0,8,0,2,0,0.0,0,5208.0
0.625591146,59,0,0.718537415,5879.0,13,0,3,0,0.0,0,5879.0
0.079540301,63,0,0.093575535,12000.0,18,0,1,0,1.0,0,6000.0
0.055769442,39,0,0.08987281,8333.0,4,0,0,0,2.0,0,2777.6666666666665
0.593198757,52,0,0.316311353,6050.0,14,0,1,1,0.0,1,6050.0
0.001249938,39,0,0.649881983,5083.0,8,0,2,0,0.0,0,5083.0
0,55,0,0,2916.0,3,0,0,0,0.0,0,2916.0
0.088721122,60,0,0.308694876,5600.0,10,0,1,0,0.0,0,5600.0
0.014789621,63,0,0.175977293,7750.0,11,0,1,0,0.0,0,7750.0
0.06424197,53,0,0.007185255,3200.0,6,0,0,0,1.0,0,1600.0
0.214778458,37,0,0.425913694,9083.0,15,0,2,0,3.0,0,2270.75
0.295302051,58,0,0.481430953,6596.0,13,0,1,0,0.0,0,6596.0
0.551307419,59,0,0.231554573,9500.0,8,0,3,0,0.0,0,9500.0
0.080922544,32,0,0.019430436,6741.0,8,0,0,0,0.0,0,6741.0
0.004488789,48,0,0.227971911,11961.0,8,0,2,0,2.0,0,3987.0
0,71,0,0.130175913,3694.0,9,0,0,0,1.0,0,1847.0
0.186809275,55,0,0.464274133,9250.0,14,0,2,0,4.0,0,1850.0
0.937531861,64,2,0.563646207,14776.0,9,0,2,1,1.0,3,7388.0
0.899950003,44,1,0.396804723,11516.0,9,0,2,0,4.0,1,2303.2
0.201569309,63,0,0.315564786,8666.0,9,0,2,0,1.0,0,4333.0
0.508953072,62,0,0.365647365,3073.0,8,0,1,0,1.0,0,1536.5
0.359067321,53,0,0.4165513,6500.0,9,0,1,0,0.0,0,6500.0
0.005612197,67,0,0.003428245,10500.0,15,0,0,0,0.0,0,10500.0
0.61547957,27,1,0.103541773,5900.0,5,0,0,0,1.0,1,2950.0
0.411955876,48,0,0.265565919,7933.0,9,0,2,0,2.0,0,2644.3333333333335
0.111670929,34,0,0.318370386,9400.0,14,0,2,0,2.0,0,3133.3333333333335
0,70,0,0.625935162,801.0,8,0,1,0,0.0,0,801.0
0.042570212,53,0,0.248706087,21832.0,8,0,3,0,1.0,0,10916.0
0.018558536,72,0,0.368576308,6440.0,10,0,1,0,0.0,0,6440.0
0,60,0,0,2800.0,2,0,0,0,0.0,0,2800.0
0.766386555,55,0,0.4060808,2400.0,6,0,1,0,1.0,0,1200.0
0.366071168,53,0,1.007.130.125,560.0,9,0,0,0,1.0,0,280.0
0.421593361,75,0,0.438261502,5498.0,12,0,1,0,1.0,0,2749.0
0.194063771,53,0,0.252715838,6995.0,7,0,2,0,1.0,0,3497.5
0.810360956,42,0,0.544594054,7500.0,7,0,1,0,4.0,0,1500.0
0.035522964,52,0,0.364617351,7042.0,5,0,1,0,3.0,0,1760.5
0.506415276,60,1,0.328624212,4600.0,10,0,2,0,0.0,1,4600.0
0.065637375,51,0,0.005155193,9310.0,6,0,0,0,1.0,0,4655.0
0.358400273,31,0,0.478944933,4321.0,10,0,1,0,2.0,0,1440.3333333333333
0.011568401,49,0,0.572767021,1600.0,15,0,0,0,0.0,0,1600.0
0.211859605,55,0,0.128716003,6323.0,8,0,0,0,1.0,0,3161.5
0.072066281,48,0,0.426368412,5900.0,5,0,2,1,2.0,1,1966.6666666666667
0,60,0,0.226912363,4666.0,3,0,1,0,0.0,0,4666.0
0.9999999,24,0,0.000555093,3602.0,0,1,0,1,0.0,2,3602.0
0.281112268,81,0,0.808936104,6400.0,28,0,2,0,0.0,0,6400.0
0.362768317,62,0,0.108148642,6000.0,5,0,1,0,0.0,0,6000.0
0,72,0,0.002166306,6000.0,9,0,0,0,0.0,0,6000.0
0.285490531,47,0,0.355113153,5876.0,8,0,1,0,0.0,0,5876.0
0.63151955,43,0,0.296611261,7760.0,10,0,0,0,2.0,0,2586.6666666666665
0.216557988,53,0,0.224355129,5000.0,7,0,1,0,2.0,0,1666.6666666666667
0.242103406,28,0,0.051237191,4000.0,7,0,0,0,0.0,0,4000.0
0.040648896,53,0,0.173638516,3800.0,6,0,1,0,2.0,0,1266.6666666666667
0.952268258,39,0,0.8948022,5636.0,8,0,2,0,2.0,0,1878.6666666666667
0.962728967,39,0,0.496984098,5470.0,8,0,2,0,1.0,0,2735.0
0.954022989,31,1,0.544570953,3600.0,7,0,2,0,0.0,1,3600.0
0.996957193,60,0,0.178113842,14282.0,13,0,0,0,1.0,0,7141.0
0.103714071,58,0,0.234177854,9906.0,26,0,2,0,0.0,0,9906.0
0.449468596,54,0,0.299100129,7000.0,13,0,2,0,1.0,0,3500.0
0.041548777,50,2,0.359920018,4500.0,9,0,2,0,2.0,2,1500.0
0.49663565,62,0,0.422711968,9800.0,9,0,1,0,5.0,0,1633.3333333333333
0.045373582,69,0,0.321852061,7083.0,9,0,3,0,0.0,0,7083.0
0.464019746,52,0,0.560390266,8916.0,15,0,3,0,4.0,0,1783.2
0.888127797,40,0,0.128297795,8300.0,1,0,0,0,3.0,0,2075.0
0,44,0,0.256320624,12300.0,5,0,1,0,0.0,0,12300.0
0.025182808,67,0,0.237502049,6100.0,14,0,1,0,0.0,0,6100.0
0.538701591,51,2,0.283343331,5000.0,9,0,2,0,1.0,2,2500.0
0.389221557,32,0,0.10819872,3280.0,2,0,0,0,0.0,0,3280.0
0.948481097,59,3,0.306461692,8000.0,8,0,1,0,0.0,3,8000.0
0.456232718,70,0,0.709658068,1666.0,2,0,1,0,0.0,0,1666.0
0.023628149,78,0,0.141978157,6500.0,14,0,1,0,0.0,0,6500.0
0.9999999,52,0,0.096554783,6762.0,1,0,0,0,1.0,0,3381.0
0.31844615,58,0,1.382.629.108,3833.0,26,0,4,0,0.0,0,3833.0
0.671176921,61,0,0.3513842,7404.0,16,7,0,1,0.0,8,7404.0
0.9999999,91,0,0,2400.0,1,0,0,0,0.0,0,2400.0
0,72,0,0.383076282,4797.0,7,0,2,0,0.0,0,4797.0
0.884360886,58,0,0.464922513,6000.0,14,0,2,0,1.0,0,3000.0
0.270291329,46,0,0.42721331,3365.0,6,0,1,0,3.0,0,841.25
0.092697683,44,0,0.692600653,1837.0,10,0,2,0,0.0,0,1837.0
0.156881997,63,0,0.342025276,6250.0,19,0,2,0,0.0,0,6250.0
0.062211556,61,1,1.649.500.384,1300.0,11,1,1,0,0.0,2,1300.0
0.16504609,59,0,0.649672684,5040.0,24,0,3,0,1.0,0,2520.0
0.9999999,27,0,0.260763359,3274.0,3,0,0,1,2.0,1,1091.3333333333333
0.072013225,44,0,0.009554494,9000.0,7,0,0,0,2.0,0,3000.0
0.932616367,29,1,0.179984072,3766.0,6,0,0,0,1.0,1,1883.0
0.531202268,74,0,0.288194092,9850.0,15,0,1,0,0.0,0,9850.0
0.073824723,60,0,0.064046086,2950.0,9,0,0,0,0.0,0,2950.0
0.9999999,43,0,2224,0.0,3,0,1,0,1.0,0,0.0
0.787979795,76,0,0.711648113,14731.0,20,0,11,0,1.0,0,7365.5
0.036221216,70,0,0.018990505,2000.0,5,0,0,0,0.0,0,2000.0
0.102896587,41,0,0.190591589,7014.0,6,0,2,0,0.0,0,7014.0
0.216008453,51,0,0.226675466,16666.0,10,0,1,0,4.0,0,3333.2
0.060150761,59,0,1.155.971.642,5500.0,18,0,5,0,0.0,0,5500.0
0.139893563,56,0,0.383597884,10583.0,7,0,2,0,0.0,0,10583.0
0.997001499,34,1,0.616011505,2085.0,8,3,1,4,0.0,8,2085.0
0.944079294,51,0,0.371457906,4869.0,13,0,0,0,1.0,0,2434.5
0.105642895,71,0,0.220465601,11511.0,8,0,1,0,0.0,0,11511.0
0.024617875,66,0,0.002249888,6666.0,3,0,0,0,0.0,0,6666.0
0.017377173,46,0,0.320303286,11869.0,20,0,2,0,4.0,0,2373.8
0.646467095,36,2,0.058128079,3044.0,2,0,0,0,1.0,2,1522.0
0.11159256,72,0,0.07247151,5615.0,3,0,0,0,0.0,0,5615.0
0.070492951,29,0,0.010494753,2000.0,2,0,0,0,0.0,0,2000.0
0.21301007,37,0,0.741112944,6666.0,9,0,2,0,3.0,0,1666.5
0.8830039,49,0,0.3264166,8770.0,4,0,3,0,2.0,0,2923.3333333333335
0.847576459,49,0,0.318342241,19833.0,18,0,1,0,0.0,0,19833.0
0.341439258,54,0,0.295316927,18000.0,23,0,2,0,0.0,0,18000.0
0.172532594,55,0,0.451940737,8166.0,18,0,1,0,2.0,0,2722.0
0.040579105,61,0,0.469626519,6666.0,13,0,4,0,0.0,0,6666.0
0.104465072,70,0,0.046754845,3250.0,3,0,0,0,0.0,0,3250.0
0.338195493,50,1,0.329611853,9583.0,5,0,1,0,1.0,1,4791.5
0.131703308,39,0,0.378801489,7792.0,9,0,1,0,2.0,0,2597.3333333333335
0.40666324,43,0,0.143213669,10417.0,11,0,1,0,0.0,0,10417.0
0.37985918,44,0,0.397706093,6974.0,5,0,2,0,0.0,0,6974.0
0.473758175,28,0,0.216339745,5250.0,11,0,0,0,0.0,0,5250.0
0.31113959,62,0,0.338840687,10833.0,9,0,2,0,0.0,0,10833.0
0.824279535,37,0,0.334223579,2620.0,6,0,1,0,0.0,0,2620.0
0.610869496,39,0,0.190697,6900.0,10,0,0,0,0.0,0,6900.0
0.011437131,55,0,0.050941562,39083.0,16,0,1,0,3.0,0,9770.75
0.128687131,37,1,0.118195489,3324.0,5,0,0,0,0.0,1,3324.0
0.060680607,42,0,0.339110148,6000.0,5,0,1,0,3.0,0,1500.0
0.058798738,66,0,0.036043147,3800.0,8,0,0,0,0.0,0,3800.0
0,46,0,0.054350161,4654.0,4,0,0,0,1.0,0,2327.0
0.039867541,39,0,0.360012654,3160.0,10,0,1,0,1.0,0,1580.0
0.337510245,52,0,0.311868813,10000.0,22,0,0,0,3.0,0,2500.0
0.313743661,60,1,0.579612964,17000.0,14,0,1,1,1.0,2,8500.0
0.969784798,50,1,0.124511446,5372.0,9,1,0,0,2.0,2,1790.6666666666667
0.064343619,74,0,0.219350869,6500.0,5,0,1,0,0.0,0,6500.0
0.488594463,27,0,0.325162839,5833.0,9,0,2,0,2.0,0,1944.3333333333333
0.012554869,60,0,0.229070085,7333.0,9,0,1,0,0.0,0,7333.0
0.710857828,38,0,0.238925706,5733.0,3,0,2,0,3.0,0,1433.25
0.545289127,88,1,0.181062995,13000.0,15,0,0,0,1.0,1,6500.0
0.005281916,74,0,0.34649307,16666.0,11,0,2,0,0.0,0,16666.0
0.119745286,59,2,0.308160707,16750.0,8,0,1,0,0.0,2,16750.0
0.552985064,49,0,0.39316587,9832.0,9,0,2,0,2.0,0,3277.3333333333335
0.134149268,79,2,0.195251219,4716.0,8,0,1,0,0.0,2,4716.0
0.227218021,58,0,0.288808039,11543.0,10,0,2,0,2.0,0,3847.6666666666665
0.037399734,52,0,0.418295101,7061.0,16,0,2,0,3.0,0,1765.25
0.767295597,46,1,0.62190984,8251.0,8,0,3,0,2.0,1,2750.3333333333335
0.766907699,34,2,0.021596859,4583.0,3,0,0,1,0.0,3,4583.0
0.024780013,67,0,0.113252064,17800.0,10,0,1,0,1.0,0,8900.0
0.003786334,71,0,0.003134796,1594.0,4,0,0,0,0.0,0,1594.0
0.909552261,49,0,4898,0.0,6,0,2,0,0.0,0,0.0
0.052236941,44,0,0.373005965,7208.0,5,0,1,0,0.0,0,7208.0
0.810158646,42,0,0.420079989,7250.0,6,0,3,0,2.0,0,2416.6666666666665
0.034651976,81,0,0.005865885,7500.0,7,0,0,0,0.0,0,7500.0
0.027497545,74,0,0.002586207,3479.0,1,0,0,0,0.0,0,3479.0
0.027141057,72,1,0.112219451,400.0,14,0,0,0,0.0,1,400.0
0.034665383,58,0,0.5062417,3764.0,6,0,2,0,3.0,0,941.0
0.042858656,59,1,0.437979485,11600.0,14,0,2,0,3.0,1,2900.0
0.435660962,38,0,0.223184623,8427.0,14,0,0,0,5.0,0,1404.5
0.119792965,69,0,0.201042761,25700.0,16,0,2,0,0.0,0,25700.0
0.133022713,72,0,0.103006908,9843.0,20,0,0,0,1.0,0,4921.5
0.058503647,39,0,0.449205805,8750.0,8,0,2,0,1.0,0,4375.0
0.890697424,27,0,0.266923886,2850.0,8,0,0,0,0.0,0,2850.0
0.11016933,59,0,0.083685972,15832.0,6,0,1,0,1.0,0,7916.0
0.016777713,66,1,0.326134773,5000.0,13,0,3,0,0.0,1,5000.0
0.021698915,48,0,0.33308727,12191.0,7,0,1,0,3.0,0,3047.75
0.210975333,41,0,0.255652394,7916.0,7,0,2,0,2.0,0,2638.6666666666665
0.946798671,60,0,0.280952848,10200.0,8,0,1,0,3.0,0,2550.0
0.185910938,62,0,0.264966879,8000.0,8,0,2,0,0.0,0,8000.0
0.021710629,44,0,0.212718546,5833.0,8,0,1,0,1.0,0,2916.5
0.9999999,58,0,0.003552972,3095.0,0,2,0,0,2.0,2,1031.6666666666667
0.03801673,35,0,0.423073295,10600.0,10,0,1,0,1.0,0,5300.0
0.079670499,61,0,0.450852558,7975.0,7,0,1,0,0.0,0,7975.0
0.028861191,59,0,0.524911557,6783.0,8,0,2,0,1.0,0,3391.5
0,85,0,0.185477506,3800.0,9,0,2,0,2.0,0,1266.6666666666667
0.178516655,38,0,0.794424519,6133.0,8,0,2,0,0.0,0,6133.0
0.999972212,58,0,0.474335234,13500.0,7,0,2,0,2.0,0,4500.0
0.100629979,56,0,0.278694379,14000.0,11,0,2,0,3.0,0,3500.0
0.021047118,54,0,0.357685642,7500.0,13,0,1,0,0.0,0,7500.0
0.031387866,45,0,0.250831285,6916.0,10,0,1,0,4.0,0,1383.2
0.062027113,53,0,2816,0.0,12,0,1,0,0.0,0,0.0
0.540468244,61,0,0.764450616,5760.0,25,0,2,0,1.0,0,2880.0
0.00319936,48,0,0.286428393,4000.0,9,0,0,0,0.0,0,4000.0
0.098566735,46,0,0.627674465,5000.0,13,0,2,0,1.0,0,2500.0
0.111346499,64,0,0.406067804,9261.0,10,0,3,0,0.0,0,9261.0
0.416525107,47,0,0.269002912,9958.0,10,0,1,0,2.0,0,3319.3333333333335
0.180194752,40,0,0.33210264,16250.0,12,0,3,0,3.0,0,4062.5
0.012715919,50,0,0.343953488,8599.0,13,0,2,0,2.0,0,2866.3333333333335
0.790081751,25,2,0.192944746,7908.0,7,0,0,0,0.0,2,7908.0
0.062051725,72,0,0.01219756,5000.0,4,0,0,0,0.0,0,5000.0
0.025186975,79,0,0.289024923,4573.0,10,0,1,0,0.0,0,4573.0
2583,70,0,0.178470255,6000.0,9,0,1,0,0.0,0,6000.0
0.002815652,82,0,0.001029071,3886.0,5,0,0,0,0.0,0,3886.0
0.627038401,31,0,0.216594469,3000.0,4,1,0,1,3.0,2,750.0
0.9999999,38,0,0.492363232,3600.0,7,0,1,0,0.0,0,3600.0
0.497602544,57,0,0.261357102,6955.0,11,0,1,0,1.0,0,3477.5
0.00090356,69,0,0.18880597,2679.0,11,0,0,0,0.0,0,2679.0
0.065830405,53,2,0.28959276,5966.0,16,0,1,0,0.0,2,5966.0
0.015538948,63,0,0.00469894,9150.0,5,0,0,0,0.0,0,9150.0
0.473686923,53,1,0.507915316,5242.0,6,0,2,0,1.0,1,2621.0
0.305059888,53,2,0.585921877,7500.0,13,0,3,0,3.0,2,1875.0
0.080893368,46,0,0.417958204,10000.0,13,0,3,0,3.0,0,2500.0
0.022190067,34,0,0.457378837,6416.0,17,0,1,0,1.0,0,3208.0
0.103591014,50,0,0.700599943,10500.0,22,0,4,0,1.0,0,5250.0
0.407359673,51,0,0.4990004,2500.0,11,0,1,0,2.0,0,833.3333333333334
0.91805463,30,0,0.016552281,2476.0,2,0,0,0,0.0,0,2476.0
0.445923461,42,1,0.37817396,1850.0,4,1,0,1,1.0,3,925.0
0.373588114,41,0,0.183211193,1500.0,4,0,0,0,0.0,0,1500.0
0.158259171,46,0,0.443842272,5350.0,19,0,2,0,0.0,0,5350.0
0.298822484,28,2,0.130397788,4700.0,7,0,0,0,0.0,2,4700.0
0.9999999,43,98,0,2000.0,0,98,0,98,1.0,294,1000.0
0.692001401,45,1,0.123850153,7500.0,5,0,1,0,0.0,1,7500.0
0.071276949,74,0,0.362802641,2725.0,10,0,1,0,0.0,0,2725.0
0.389805097,30,0,588.05.00,1.0,4,0,1,0,0.0,0,1.0
0.014415563,54,0,0.159767611,5507.0,11,0,1,0,0.0,0,5507.0
0.050143059,60,0,0.310765655,6882.0,5,0,2,0,0.0,0,6882.0
0.053581829,28,0,0.002104709,3800.0,2,0,0,0,0.0,0,3800.0
0.011525873,52,0,0.342555814,7300.0,14,0,2,0,2.0,0,2433.3333333333335
0.104620566,34,2,0.165922144,4700.0,8,0,0,0,0.0,2,4700.0
0.500761615,57,0,0.250480685,5720.0,6,0,1,0,0.0,0,5720.0
0.23981594,42,0,0.565565184,10500.0,16,0,3,0,4.0,0,2100.0
0.00119996,74,0,0.765778126,5101.0,9,0,5,0,0.0,0,5101.0
0.008722083,43,0,0.500967534,4650.0,6,0,2,0,1.0,0,2325.0
0.008965759,67,0,0.19284867,5900.0,13,0,1,0,0.0,0,5900.0
0.366977729,53,0,0.492504164,1800.0,6,0,0,0,0.0,0,1800.0
0.010674503,57,0,0.004581152,4583.0,5,0,0,0,1.0,0,2291.5
0.598631142,60,0,0.267183122,18200.0,25,0,2,0,0.0,0,18200.0
0.177625304,44,0,0.514536225,6500.0,14,0,2,0,0.0,0,6500.0
0.73714092,35,2,0.360292536,4648.0,7,0,1,0,1.0,2,2324.0
0.628437349,66,1,0.523737754,1326.0,5,2,0,1,0.0,4,1326.0
0.030479501,72,0,0.236148579,4818.0,9,0,1,0,0.0,0,4818.0
0.375744744,61,0,0.259580838,3339.0,13,0,2,0,0.0,0,3339.0
0.045153475,52,0,0.024821002,2094.0,6,0,0,0,1.0,0,1047.0
0.9999999,31,0,0.102179564,5000.0,1,0,0,0,0.0,0,5000.0
0.9999999,30,0,0.106950175,3150.0,2,0,0,0,0.0,0,3150.0
0.03125625,52,0,0.28314431,5113.0,16,0,1,0,0.0,0,5113.0
0.936544563,53,1,0.510992056,5412.0,5,1,2,0,0.0,2,5412.0
0.153676872,43,0,0.063358733,50000.0,7,0,1,0,2.0,0,16666.666666666668
0.809765043,64,0,0.476433476,10777.0,11,0,1,0,0.0,0,10777.0
0.208065125,68,0,0.440327238,6233.0,7,0,1,0,0.0,0,6233.0
0.083689997,40,0,1.043.060.889,14583.0,20,0,2,0,2.0,0,4861.0
0.473450425,73,0,0.13248221,14333.0,10,0,0,0,0.0,0,14333.0
0,36,0,0.154246664,3072.0,3,1,0,0,2.0,1,1024.0
0,49,0,0.094277357,13332.0,9,0,1,0,0.0,0,13332.0
0.244880762,63,2,0.406865061,6350.0,14,0,3,0,0.0,2,6350.0
0.9999999,43,0,0.583863081,6134.0,5,0,2,0,0.0,0,6134.0
0.338899109,63,1,0.487304302,7600.0,6,0,2,0,0.0,1,7600.0
0.50631517,75,0,0.46070536,3600.0,7,0,1,0,0.0,0,3600.0
0.093078174,58,0,0.708009847,5280.0,12,0,2,0,0.0,0,5280.0
0.256049597,47,0,0.309454394,2400.0,6,0,0,0,1.0,0,1200.0
0.165888042,55,0,0.541559554,3500.0,5,0,2,0,0.0,0,3500.0
0,64,0,0.3916014,6000.0,8,0,1,0,1.0,0,3000.0
0.014558828,68,0,0.184004998,3200.0,4,0,1,0,1.0,0,1600.0
0.018371618,50,0,0.230122203,6300.0,10,0,1,0,2.0,0,2100.0
1.009.271.042,47,0,1.346.653.347,1000.0,8,0,0,0,0.0,0,1000.0
0.12559372,41,0,0.251959686,6250.0,5,0,1,0,2.0,0,2083.3333333333335
0.653707304,30,2,0.140619793,3000.0,6,0,0,1,0.0,3,3000.0
0.351978001,37,0,0.717040423,7000.0,9,0,1,0,3.0,0,1750.0
0.646065937,44,0,0.241784745,9950.0,8,0,2,0,2.0,0,3316.6666666666665
0.21371116,62,0,0.264747332,14900.0,15,0,1,0,1.0,0,7450.0
0.237793844,59,0,0.366807376,4500.0,10,0,0,0,2.0,0,1500.0
0.04609347,55,0,0.306316134,9166.0,8,0,2,0,2.0,0,3055.3333333333335
0.075085324,45,0,0.247094856,11100.0,15,0,2,0,1.0,0,5550.0
0.224493575,43,0,0.701344039,5728.0,21,0,2,0,1.0,0,2864.0
1.008.661.918,41,0,0.720220652,5800.0,11,0,3,0,2.0,0,1933.3333333333333
0.066537389,49,2,0.410714286,5263.0,8,0,2,0,0.0,2,5263.0
0.394072997,36,0,4260,0.0,8,0,1,0,1.0,0,0.0
0.027151548,55,1,0.096263976,11000.0,17,0,1,0,0.0,1,11000.0
0.238652006,29,0,0.561154723,3948.0,22,0,2,0,0.0,0,3948.0
0.009258461,74,0,0.005997601,2500.0,3,0,0,0,0.0,0,2500.0
0.9999999,39,0,0,3565.0,1,1,0,0,1.0,1,1782.5
0.9999999,68,0,0.294087666,1961.0,9,0,1,0,0.0,0,1961.0
0.093145262,49,0,0.52562775,7725.0,12,0,1,0,1.0,0,3862.5
0.9999999,29,0,0,1801.0,0,0,0,0,0.0,0,1801.0
0.093854461,49,0,0.283341024,6500.0,6,0,1,0,0.0,0,6500.0
0.054119535,58,0,0.224084067,14083.0,11,0,2,0,3.0,0,3520.75
0.1013026,50,0,0.59391771,1676.0,8,0,1,0,0.0,0,1676.0
0.038851593,55,0,0.0019995,4000.0,2,0,0,0,0.0,0,4000.0
0.072276755,37,0,0.3915042,6308.0,8,0,1,0,2.0,0,2102.6666666666665
0.054518984,73,0,0.364042626,2908.0,6,0,2,0,0.0,0,2908.0
0.245236427,64,0,0.23208707,9922.0,14,0,2,0,0.0,0,9922.0
0.050765326,79,0,0.385556068,4333.0,4,0,1,0,0.0,0,4333.0
0.09807285,68,0,0.074398249,4112.0,9,0,0,0,1.0,0,2056.0
0.524882504,70,0,1.022.885.789,4587.0,10,0,2,0,0.0,0,4587.0
0.012530972,58,0,0.383012314,6333.0,10,0,3,0,1.0,0,3166.5
0.143972763,39,0,0.567508347,9583.0,18,0,3,0,1.0,0,4791.5
0.033483945,43,0,0.393839509,8797.0,10,1,2,0,0.0,1,8797.0
0.968063872,23,0,0.003230272,4333.0,2,0,0,0,0.0,0,4333.0
0.261145462,50,0,0.53060302,11060.0,10,0,4,0,1.0,0,5530.0
0.146815813,48,0,0.164466737,7575.0,3,0,1,0,1.0,0,3787.5
2.215.714.159,44,0,0.417544327,7500.0,9,0,0,0,3.0,0,1875.0
0.029589648,66,0,0.004415553,8152.0,4,0,0,0,0.0,0,8152.0
0.045240904,67,0,0.025104857,16450.0,5,0,1,0,0.0,0,16450.0
0.079803877,59,0,0.246225506,12451.0,14,0,2,0,0.0,0,12451.0
0.0985543,35,0,0.074151749,13350.0,19,0,0,0,0.0,0,13350.0
0.699994239,45,0,0.557475402,8333.0,17,0,1,0,0.0,0,8333.0
0.841473865,41,0,0.626871712,9883.0,8,0,2,0,2.0,0,3294.3333333333335
0.21235187,39,0,0.545593368,4583.0,12,0,1,0,0.0,0,4583.0
0.013732086,44,0,0.279148524,6200.0,4,0,1,0,2.0,0,2066.6666666666665
0.080948741,69,0,0.21024735,5093.0,8,0,1,0,0.0,0,5093.0
0.173150016,32,0,0.160881175,4493.0,14,0,0,0,0.0,0,4493.0
0.03211076,69,0,0.248239437,10791.0,19,0,1,0,0.0,0,10791.0
0.453090168,60,0,0.89114135,3600.0,9,0,2,0,1.0,0,1800.0
0.088128422,59,1,0.178492075,6750.0,12,0,1,0,0.0,1,6750.0
0.973506623,40,1,0.277527441,8654.0,12,0,2,0,3.0,1,2163.5
0.085316587,45,0,0.327729233,9040.0,6,0,1,0,0.0,0,9040.0
0.048189482,33,0,0.218150934,4120.0,7,0,1,0,3.0,0,1030.0
0.034298857,48,0,0.38678302,11000.0,6,0,2,0,1.0,0,5500.0
0.141638412,53,0,1.425.858.047,3000.0,9,0,2,0,0.0,0,3000.0
0.673823692,32,0,1.436.249.285,1748.0,8,0,1,0,2.0,0,582.6666666666666
0.006009659,56,0,0.13864818,7500.0,14,0,1,0,2.0,0,2500.0
0.074577306,34,0,0.628124142,3640.0,8,0,2,0,0.0,0,3640.0
0.529749125,51,0,0.515621095,4000.0,5,0,1,0,2.0,0,1333.3333333333333
0.075592441,31,0,0.766605408,3808.0,11,0,1,0,1.0,0,1904.0
0.6129515,62,0,1.628.748.215,2100.0,7,0,1,0,0.0,0,2100.0
0.970524302,61,0,0.300232288,3443.0,3,0,1,0,0.0,0,3443.0
0.154428632,51,0,0.191380292,15800.0,11,0,2,0,3.0,0,3950.0
0.725904262,50,0,0.327150592,9973.0,7,0,2,0,1.0,0,4986.5
0.053483228,80,0,0.11021702,4100.0,6,0,1,0,0.0,0,4100.0
0.147373477,33,0,0.963926174,2383.0,7,0,2,0,2.0,0,794.3333333333334
0.596138669,51,0,0.580457125,6518.0,10,0,2,0,3.0,0,1629.5
0.912711017,67,0,0.282743451,5000.0,6,0,0,0,0.0,0,5000.0
0.020246358,64,0,0.272932331,5319.0,18,0,1,0,1.0,0,2659.5
0,66,1,0.454022118,6600.0,6,0,1,0,1.0,1,3300.0
0.823041218,63,0,0.495000769,6500.0,14,0,2,0,0.0,0,6500.0
0,52,0,0,3647.0,1,0,0,0,0.0,0,3647.0
0.741966274,41,2,0.256082657,9000.0,9,1,1,0,2.0,3,3000.0
0.012258799,74,1,0.27344569,12400.0,13,0,2,0,1.0,1,6200.0
0.112206041,62,0,0.820870994,3650.0,11,0,2,0,0.0,0,3650.0
0.010552862,45,0,0.086674195,7083.0,25,0,1,0,1.0,0,3541.5
0.088252403,52,0,0.018340761,5833.0,14,0,0,0,0.0,0,5833.0
0.9999999,38,1,0.589157953,3633.0,8,1,1,0,3.0,2,908.25
0.332460698,45,0,0.561862438,9900.0,10,0,4,0,2.0,0,3300.0
0.358011137,53,0,0.737229102,2583.0,15,0,1,0,0.0,0,2583.0
0.041308028,70,0,0.071692831,10000.0,12,0,1,0,0.0,0,10000.0
0.9999999,58,0,0.027981346,1500.0,0,0,0,0,0.0,0,1500.0
0.598512728,47,0,0.307454678,12300.0,7,0,2,0,4.0,0,2460.0
0.886900775,40,1,0.230283912,3803.0,4,0,0,1,0.0,2,3803.0
0.29441176,63,0,0.523153679,14230.0,10,0,2,0,1.0,0,7115.0
0.905118602,41,2,0.218593802,3000.0,4,1,0,0,0.0,3,3000.0
0.005499929,61,0,0.119906674,12000.0,12,0,1,0,2.0,0,4000.0
0.037468384,35,0,0.116739581,4342.0,3,0,0,0,0.0,0,4342.0
0.9999999,29,0,0.000514536,3886.0,1,0,0,0,0.0,0,3886.0
0.018905718,56,0,0.4450117,4700.0,19,0,1,0,0.0,0,4700.0
0.019959744,64,0,0.090119368,16000.0,13,0,1,0,1.0,0,8000.0
0.282257052,51,0,0.356085775,6621.0,16,0,2,0,0.0,0,6621.0
0.041155949,56,0,0.412289203,5158.0,15,0,1,0,0.0,0,5158.0
0.038433184,57,0,0.474285714,4899.0,12,0,1,0,2.0,0,1633.0
0.002666598,52,1,0.222491703,7833.0,14,0,1,0,0.0,1,7833.0
0.274218063,49,0,0.3682734,7841.0,7,0,1,0,1.0,0,3920.5
0.796545575,54,0,0.269958706,5811.0,6,0,0,0,2.0,0,1937.0
0.062102199,62,0,0.254765225,2150.0,10,0,0,0,0.0,0,2150.0
0.520689428,68,3,0.777370438,6000.0,9,0,3,0,0.0,3,6000.0
0.053488655,51,0,0.023185484,3967.0,4,0,0,0,0.0,0,3967.0
0.031542254,59,0,0.424900724,4280.0,20,0,2,0,0.0,0,4280.0
0.454508261,61,0,0.375770705,6000.0,12,0,1,0,1.0,0,3000.0
0,56,0,0.304678129,2500.0,8,0,1,0,0.0,0,2500.0
0.9999999,31,0,0.056792367,2200.0,0,1,0,0,1.0,1,1100.0
0.903346055,43,0,0.433243177,4066.0,10,0,0,0,2.0,0,1355.3333333333333
0.041233365,44,0,0.50354481,5500.0,6,0,2,0,3.0,0,1375.0
0.136497033,48,0,0.405125848,8700.0,9,0,4,0,2.0,0,2900.0
0.9999999,29,0,0.060193981,10000.0,3,0,0,0,0.0,0,10000.0
0.9999999,43,1,0.487539647,2206.0,2,0,0,0,1.0,1,1103.0
0.265684383,40,0,0.326010707,5416.0,14,0,0,0,0.0,0,5416.0
0.880099917,46,1,0.074790028,7500.0,8,1,0,0,2.0,2,2500.0
0.061313402,68,0,0.314249364,6287.0,20,0,3,0,0.0,0,6287.0
0.564235894,58,0,0.486176669,2965.0,5,0,1,1,2.0,1,988.3333333333334
0.836294011,29,3,0.260170076,4350.0,8,0,1,0,1.0,3,2175.0
0.417539355,59,0,0.372393247,3020.0,5,0,1,0,0.0,0,3020.0
0.731403811,39,0,0.29666765,6781.0,5,0,1,0,4.0,0,1356.2
0.000799947,38,0,0.386602233,6000.0,5,0,1,0,1.0,0,3000.0
0.034705202,54,0,0.438445194,8000.0,7,0,2,0,0.0,0,8000.0
0.008409651,41,0,0.23852573,10065.0,23,0,1,0,2.0,0,3355.0
0.9999999,54,0,0.066891892,1479.0,0,1,0,0,0.0,1,1479.0
0.248252585,60,0,0.080259424,7400.0,10,0,0,0,0.0,0,7400.0
0.400509045,52,0,0.339422408,5747.0,5,0,1,0,0.0,0,5747.0
0.172919276,49,1,0.091532396,2916.0,9,0,0,0,0.0,1,2916.0
0.991339107,40,0,0.152369526,5000.0,6,0,0,0,2.0,0,1666.6666666666667
0.271052296,48,0,0.479380155,4000.0,7,0,1,0,1.0,0,2000.0
0.9999999,41,0,0,0.0,1,0,0,0,0.0,0,0.0
0.295983556,49,0,0.365550344,9166.0,4,0,2,0,0.0,0,9166.0
0,81,0,0.172887682,5893.0,9,0,1,0,1.0,0,2946.5
0.005508366,51,0,0.274778018,8333.0,12,0,2,0,5.0,0,1388.8333333333333
0.752823952,54,1,0.502913953,8750.0,13,0,2,0,2.0,1,2916.6666666666665
0.078370412,54,1,0.222826845,14333.0,11,0,2,0,2.0,1,4777.666666666667
0.10881114,63,0,0.076367676,3600.0,11,0,0,0,0.0,0,3600.0
0.9999999,36,2,0.14462564,8400.0,4,0,0,0,2.0,2,2800.0
0.027763617,60,0,0.511484402,2916.0,9,0,1,0,0.0,0,2916.0
0.011179611,97,0,0.04962202,5158.0,8,0,1,0,0.0,0,5158.0
0.01502621,73,0,0.285339953,7250.0,18,0,2,0,0.0,0,7250.0
0.086805104,59,0,0.495787094,9731.0,9,0,2,0,2.0,0,3243.6666666666665
0.257127873,71,1,0.681297245,4100.0,16,0,1,0,1.0,1,2050.0
0.9999999,64,3,1.439.480.961,4700.0,4,0,3,0,2.0,3,1566.6666666666667
0.884775843,32,0,0.188830167,7000.0,6,0,0,0,0.0,0,7000.0
0.00908221,49,0,0.327386787,5100.0,14,0,1,0,0.0,0,5100.0
0.920154264,32,0,0.174610556,4300.0,3,0,0,0,1.0,0,2150.0
0.070022572,41,0,0.204599646,13000.0,7,0,2,0,0.0,0,13000.0
0.854518185,55,0,0.348428036,10400.0,7,0,2,0,0.0,0,10400.0
0.125892772,31,0,0.361784016,13250.0,8,0,2,0,1.0,0,6625.0
0.365785369,43,0,0.481168759,9000.0,6,0,2,0,1.0,0,4500.0
0.9999999,59,0,0.13044399,14166.0,6,0,1,0,0.0,0,14166.0
0.163717817,59,0,0.396533663,10500.0,9,0,1,0,0.0,0,10500.0
0.419802933,66,0,0.558427855,3790.0,10,0,2,0,0.0,0,3790.0
0.322192694,69,0,0.435641802,5616.0,9,0,2,0,0.0,0,5616.0
0.9999999,35,0,0,2670.0,0,0,0,0,1.0,0,1335.0
0.324337831,26,1,0.122129154,3700.0,8,0,0,1,0.0,2,3700.0
0.308553602,40,0,0.400925609,5833.0,25,0,2,0,0.0,0,5833.0
0.233512136,49,0,0.34636672,5600.0,11,0,1,0,1.0,0,2800.0
0.494885523,45,1,0.67611512,11500.0,6,0,3,0,2.0,1,3833.3333333333335
1.316.984.559,44,1,0.019553073,2147.0,4,0,0,0,1.0,1,1073.5
0.016149596,54,0,0.428679914,7900.0,9,0,4,0,0.0,0,7900.0
0.096161052,54,0,0.234423275,7767.0,19,0,2,0,6.0,0,1109.5714285714287
0.000784861,75,0,0.130705394,1927.0,4,0,0,0,1.0,0,963.5
0.316136773,25,0,0.027681661,1733.0,4,0,0,0,0.0,0,1733.0
0.35565017,39,0,0.537658298,4500.0,14,0,2,0,2.0,0,1500.0
0.05119872,53,0,0.224361996,14850.0,7,0,2,0,3.0,0,3712.5
0.005782116,38,0,0.598470076,6666.0,12,0,2,0,0.0,0,6666.0
0.051057912,39,0,0.614186487,4750.0,6,0,2,0,2.0,0,1583.3333333333333
0.022288912,65,0,0.368926215,5000.0,13,0,1,0,0.0,0,5000.0
0.269092363,23,0,0.079250247,3040.0,3,0,0,0,0.0,0,3040.0
0.394501991,60,0,0.66297827,7500.0,6,0,1,0,1.0,0,3750.0
0.087409956,32,0,0.225993884,3269.0,8,0,0,0,0.0,0,3269.0
0.026693333,55,0,0.289088538,6900.0,7,0,1,0,1.0,0,3450.0
0.150452449,36,0,0.510595762,2500.0,13,0,1,0,1.0,0,1250.0
0.00897403,59,0,0.001943904,3600.0,3,0,0,0,1.0,0,1800.0
1.259.159.371,63,2,0.69188989,8100.0,17,0,2,0,0.0,2,8100.0
0.457488563,62,0,0.411049079,12000.0,14,0,1,0,2.0,0,4000.0
0.196172524,51,0,0.314421395,4000.0,18,0,2,0,2.0,0,1333.3333333333333
0.360190995,73,0,0.156521739,2759.0,3,0,0,0,0.0,0,2759.0
0.521459531,72,2,0.447051622,4900.0,16,0,2,0,0.0,2,4900.0
0.03360393,47,0,0.245926904,9083.0,7,0,2,0,0.0,0,9083.0
0.030266716,65,0,0.11237025,10500.0,13,0,1,1,1.0,1,5250.0
0.94836978,34,0,0.41333135,6720.0,7,0,3,0,0.0,0,6720.0
0.009148963,55,0,0.280216564,6833.0,21,1,2,0,0.0,1,6833.0
0.350444109,54,0,0.637471515,10092.0,15,0,1,0,1.0,0,5046.0
0.965678936,48,2,1.108.274.141,10417.0,9,0,6,0,0.0,2,10417.0
0.257685579,52,1,0.244116654,8880.0,7,1,1,2,3.0,4,2220.0
0.660111565,51,0,0.572778828,4231.0,8,0,1,0,0.0,0,4231.0
0.021319121,40,0,0.66741447,3565.0,5,0,1,0,0.0,0,3565.0
0.053113982,51,0,0.224095518,16666.0,20,0,2,0,3.0,0,4166.5
0.213158998,42,0,0.151193634,15833.0,9,0,1,0,1.0,0,7916.5
0.075683215,62,0,0.153693656,9583.0,7,0,1,0,2.0,0,3194.3333333333335
0.81007597,50,0,0.346454826,4216.0,7,0,0,1,2.0,1,1405.3333333333333
0.9999999,32,0,0.12754898,2500.0,5,0,0,0,0.0,0,2500.0
0.92253648,31,0,0.976038339,625.0,8,2,0,0,0.0,2,625.0
0.156450159,36,1,0.117318436,3400.0,8,0,0,0,0.0,1,3400.0
0.530253826,63,0,0.886526273,4890.0,12,1,3,0,0.0,1,4890.0
0.9999999,57,0,1.206.144.337,5500.0,2,0,1,0,2.0,0,1833.3333333333333
0.45376353,56,0,0.444104985,7200.0,15,0,2,0,2.0,0,2400.0
0.736284396,37,0,0.174214018,3466.0,4,0,0,0,1.0,0,1733.0
0.139681005,44,0,0.33457763,7232.0,7,0,1,0,2.0,0,2410.6666666666665
0.035995637,43,0,0.283068349,6100.0,10,0,1,0,3.0,0,1525.0
0.012510833,54,0,0.003548459,4508.0,6,0,0,0,0.0,0,4508.0
0.146731947,51,1,0.767842053,13016.0,35,0,4,0,3.0,1,3254.0
0.5988167,28,0,0.881735005,2950.0,8,0,0,0,1.0,0,1475.0
0.068118326,36,0,2.638.361.638,1000.0,7,0,1,0,0.0,0,1000.0
0.3093014,65,1,0.112859751,11500.0,9,0,0,0,1.0,1,5750.0
0.375124975,48,1,0.145958298,3500.0,2,0,0,0,2.0,1,1166.6666666666667
0.970867638,29,0,0.399294325,3400.0,5,0,0,0,0.0,0,3400.0
0.052399047,69,0,1.575.212.867,1056.0,12,0,1,0,0.0,0,1056.0
0.342845091,51,0,1.548.039.969,1300.0,7,0,1,0,0.0,0,1300.0
0.9999999,32,0,0,1000.0,0,0,0,0,2.0,0,333.3333333333333
0.527004506,38,1,0.825543614,4000.0,12,0,1,0,2.0,1,1333.3333333333333
0.145193209,56,0,0.105053191,4511.0,6,0,0,0,0.0,0,4511.0
0.031331318,83,0,0.011342533,35000.0,12,0,0,0,0.0,0,35000.0
0.275030207,37,0,0.647936787,3416.0,6,0,1,0,2.0,0,1138.6666666666667
0.392721456,29,0,0.053352559,4160.0,3,0,0,0,0.0,0,4160.0
1.055.948.293,37,2,0.189927584,3037.0,7,1,0,0,4.0,3,607.4
0.022039118,72,0,0.003553976,4501.0,2,0,0,0,0.0,0,4501.0
0.78610142,51,0,0.601709906,6783.0,15,0,1,0,0.0,0,6783.0
0.221805686,30,0,0.099605822,6595.0,7,0,0,0,0.0,0,6595.0
0.014960501,45,0,0.930809749,11200.0,21,0,2,0,0.0,0,11200.0
0.031298957,68,0,0.291542826,3700.0,3,0,1,0,0.0,0,3700.0
0.186204454,49,0,0.965394475,7021.0,9,0,3,0,2.0,0,2340.3333333333335
0,45,0,0.271872813,10000.0,4,0,1,0,2.0,0,3333.3333333333335
0.053712367,76,0,0.198824094,8333.0,6,0,2,0,0.0,0,8333.0
0.9999999,36,0,0,3159.0,0,1,0,0,1.0,1,1579.5
1.044.955.045,23,0,0.040121581,1644.0,2,0,0,0,0.0,0,1644.0
0.165142526,54,0,0.515757479,6250.0,12,0,1,0,1.0,0,3125.0
0.248789434,66,0,0.312866182,12800.0,15,0,2,0,2.0,0,4266.666666666667
0.629197567,41,1,0.220289855,7934.0,11,0,2,0,2.0,1,2644.6666666666665
0.133781735,38,0,0.439195101,8000.0,14,0,2,0,2.0,0,2666.6666666666665
0.528862818,36,0,0.202085615,21000.0,8,0,2,0,0.0,0,21000.0
0.230242805,74,0,0.054986253,4000.0,3,0,0,0,0.0,0,4000.0
0.00604378,75,0,0.321999595,9881.0,11,0,2,0,0.0,0,9881.0
0.011042047,70,0,0.007518797,3723.0,8,0,0,0,0.0,0,3723.0
0.041662541,79,0,0.060144593,6500.0,7,0,0,0,1.0,0,3250.0
0.082210326,70,0,0.17422031,6508.0,5,0,1,0,0.0,0,6508.0
0.852888393,41,0,0.530324401,6380.0,7,0,2,0,0.0,0,6380.0
0.013516775,55,0,0.191562005,8200.0,15,0,1,0,1.0,0,4100.0
0.104820181,49,0,0.388734585,9000.0,13,0,2,0,2.0,0,3000.0
0.04685462,48,0,0.377965639,11000.0,7,0,1,0,2.0,0,3666.6666666666665
0.046581152,58,0,0.299566811,3000.0,12,0,1,0,0.0,0,3000.0
0.325409179,46,6,0.271792705,7100.0,13,0,1,1,0.0,7,7100.0
0,44,0,0.002079002,3366.0,10,0,0,0,0.0,0,3366.0
0.060703634,61,0,0.046006804,6172.0,18,0,0,0,1.0,0,3086.0
0.002257992,56,0,0.640899331,7916.0,12,0,4,0,1.0,0,3958.0
0.506021477,29,0,0.343218927,3000.0,10,0,0,0,2.0,0,1000.0
0.949899697,45,0,0.517766497,6500.0,11,1,1,0,4.0,1,1300.0
0.711934156,50,0,0.228782288,2167.0,2,0,0,0,3.0,0,541.75
0.012702812,70,0,0.286871313,10000.0,12,0,1,0,0.0,0,10000.0
0.005171024,73,0,0.52766869,2800.0,8,0,1,0,1.0,0,1400.0
0,63,0,0.419131411,5341.0,4,0,2,0,0.0,0,5341.0
0.855221012,60,0,1.004.373.633,3200.0,10,0,0,0,0.0,0,3200.0
0.33376666,41,1,0.313771464,14500.0,11,0,2,0,2.0,1,4833.333333333333
0.007905511,62,0,12,0.0,6,0,0,0,0.0,0,0.0
0,39,0,0.140400522,4593.0,6,0,0,0,1.0,0,2296.5
0.719300643,47,0,0.890602753,4213.0,18,0,1,0,5.0,0,702.1666666666666
0.208947427,55,0,0.159210317,6280.0,3,0,1,0,0.0,0,6280.0
0.409753008,65,0,0.093244972,8600.0,7,0,0,0,1.0,0,4300.0
0.154570452,38,0,0.067288474,1500.0,3,0,0,0,0.0,0,1500.0
0.018314222,49,0,0.132978723,3007.0,5,0,0,0,1.0,0,1503.5
0.185741959,30,0,0.652369526,6667.0,14,0,1,0,1.0,0,3333.5
0.9999999,41,0,0.083723467,22000.0,4,0,0,0,0.0,0,22000.0
0.9999999,46,0,0.146607723,11083.0,5,0,1,0,0.0,0,11083.0
0.320098131,57,0,0.524895021,3333.0,7,0,1,0,1.0,0,1666.5
0.400138354,66,0,0.43664,12499.0,34,0,4,0,2.0,0,4166.333333333333
0.051294871,54,0,0.003528582,4250.0,1,0,0,0,0.0,0,4250.0
0.02899855,36,0,0.431009199,7500.0,5,0,2,0,0.0,0,7500.0
0.813349649,43,1,0.184654416,14583.0,15,0,0,0,1.0,1,7291.5
0.034578379,85,0,0.009995835,2400.0,4,0,0,0,0.0,0,2400.0
0.004461906,51,0,0.249178604,7608.0,7,0,1,0,0.0,0,7608.0
0.139502479,42,0,0.344527044,3900.0,13,0,2,0,0.0,0,3900.0
0.073364221,54,0,0.268414251,5416.0,3,0,1,0,0.0,0,5416.0
0.868644711,56,3,0.447761194,6900.0,10,0,0,0,3.0,3,1725.0
0.061397627,41,0,0.718473935,10300.0,18,0,3,0,4.0,0,2060.0
0.308684566,44,0,0.170872386,4160.0,4,0,1,0,0.0,0,4160.0
0.026618806,53,0,0.001828362,8750.0,4,0,0,0,0.0,0,8750.0
0.825502939,39,0,0.445110978,5000.0,14,0,0,0,0.0,0,5000.0
0.663229884,43,0,0.556222146,5833.0,14,0,1,0,2.0,0,1944.3333333333333
0,36,0,0.171641791,8977.0,6,0,1,0,0.0,0,8977.0
0.054526135,49,0,0.543936954,11800.0,12,0,4,0,2.0,0,3933.3333333333335
0.156153427,86,0,0.140299059,5416.0,3,0,1,0,0.0,0,5416.0
0.27089097,47,0,0.51845108,8237.0,9,0,2,0,0.0,0,8237.0
0.107760242,72,0,0.160892075,12554.0,10,0,1,0,0.0,0,12554.0
0.022417562,72,0,0.001825769,7667.0,2,0,0,0,0.0,0,7667.0
0.002140553,41,0,0.376786299,9166.0,9,0,2,0,3.0,0,2291.5
0,79,0,0.285966461,1132.0,2,0,0,0,0.0,0,1132.0
0.012353945,32,0,0.307990047,10850.0,20,0,1,0,2.0,0,3616.6666666666665
0.976222345,30,0,0.284229284,3366.0,9,0,0,0,0.0,0,3366.0
0.065785429,61,0,0.143196598,15991.0,7,0,2,0,2.0,0,5330.333333333333
0.038664323,63,0,0.539761735,9820.0,16,0,4,0,0.0,0,9820.0
0.022842689,86,0,0.00679864,5000.0,6,0,0,0,0.0,0,5000.0
0.526583082,51,0,0.06519377,5521.0,3,0,0,0,1.0,0,2760.5
0.247735671,49,0,0.370226357,7200.0,8,0,2,0,2.0,0,2400.0
0.0779961,65,0,0.226310948,25000.0,7,0,2,0,0.0,0,25000.0
0.825669778,35,0,0.24335133,5000.0,5,0,0,0,0.0,0,5000.0
0.475770664,58,0,0.694817658,2083.0,6,0,1,0,0.0,0,2083.0
0.546708791,54,0,0.310278393,10380.0,17,0,2,0,2.0,0,3460.0
0,62,3,0.290491738,10106.0,17,0,2,0,0.0,3,10106.0
0.04117537,46,0,0.391725768,4229.0,6,0,1,0,0.0,0,4229.0
0.110796307,64,0,0.131874502,13800.0,3,0,1,0,2.0,0,4600.0
0,41,0,0.266242617,2200.0,8,0,1,0,1.0,0,1100.0
0.15579221,34,0,0.268481486,7750.0,8,0,1,0,0.0,0,7750.0
0.015317472,80,0,0.114344315,7800.0,7,0,1,0,0.0,0,7800.0
0.048674972,78,2,0.187359821,12483.0,5,0,2,0,0.0,2,12483.0
0.251179765,68,0,"3,188888889",4999.0,11,0,2,0,0.0,0,4999.0
0.039089793,63,1,0.171855947,12300.0,19,0,2,0,2.0,1,4100.0
0.230381288,54,0,0.327534493,3333.0,5,0,0,0,2.0,0,1111.0
0,62,0,0.001363327,4400.0,3,0,0,0,2.0,0,1466.6666666666667
0,70,0,0.129249227,5500.0,14,0,1,0,1.0,0,2750.0
0.880505743,49,0,0.394473839,1700.0,5,0,0,0,0.0,0,1700.0
0.044699255,64,0,0.0039998,20000.0,6,0,0,0,0.0,0,20000.0
0.953328965,45,0,0.468609272,3774.0,11,0,2,0,4.0,0,754.8
0.183023342,58,0,0.376174922,15000.0,4,0,2,0,2.0,0,5000.0
0.066687178,42,0,0.318460192,8000.0,4,0,1,0,2.0,0,2666.6666666666665
0.240376763,68,0,0.342531494,5000.0,10,0,1,0,0.0,0,5000.0
0.230725642,63,0,0.345456818,8000.0,5,0,2,0,1.0,0,4000.0
0.361417363,28,0,0.166996265,4550.0,4,0,0,0,0.0,0,4550.0
0.439446367,33,2,0.142954083,4420.0,6,6,0,3,0.0,11,4420.0
0.9999999,35,4,0.244633931,3400.0,5,0,0,0,0.0,4,3400.0
1.066.386.723,47,0,0.15502602,3650.0,3,0,0,0,2.0,0,1216.6666666666667
0.234544604,49,1,0.454886654,6660.0,12,0,2,0,2.0,1,2220.0
0.241139918,36,0,0.187420469,5500.0,48,0,0,0,0.0,0,5500.0
0.9999999,71,0,0.252296056,1850.0,2,0,0,0,0.0,0,1850.0
0.242186449,44,0,0.375310777,9250.0,9,0,2,0,2.0,0,3083.3333333333335
0.066919394,83,0,0.069706953,5766.0,20,0,0,0,0.0,0,5766.0
0.123548445,64,0,0.145627549,11034.0,9,0,1,0,0.0,0,11034.0
0.380279237,38,0,0.66955267,3464.0,12,0,1,0,0.0,0,3464.0
0.628143749,32,0,0.210430633,8800.0,6,0,1,0,0.0,0,8800.0
0.576284725,36,0,0.785404865,3000.0,10,0,1,0,1.0,0,1500.0
1.009.080.706,46,3,0.502532658,3750.0,5,0,0,0,4.0,3,750.0
0.000180448,39,0,0.449460449,10100.0,13,0,6,0,0.0,0,10100.0
0.005899705,41,0,0.185134362,8744.0,6,0,2,0,0.0,0,8744.0
0.104163195,48,0,0.140852871,16250.0,3,0,1,0,0.0,0,16250.0
0.335270136,68,0,0.614823044,6300.0,11,0,3,0,1.0,0,3150.0
0.099764127,38,0,0.227337942,7666.0,9,0,1,0,0.0,0,7666.0
0.803439312,34,0,0.311922019,4000.0,7,0,0,0,0.0,0,4000.0
0.032637142,67,0,0.196555556,8999.0,14,0,1,0,0.0,0,8999.0
0.040175714,40,0,0.48993001,7000.0,8,0,1,0,2.0,0,2333.3333333333335
0.379942369,57,0,0.523731251,4866.0,13,0,2,0,0.0,0,4866.0
0.149137801,46,0,0.615127227,12850.0,15,0,8,0,3.0,0,3212.5
0.9999999,48,1,0.025095602,4183.0,1,2,0,0,1.0,3,2091.5
0.9999999,30,0,0,2542.0,0,0,0,0,2.0,0,847.3333333333334
0.192987262,27,1,0.057588482,5000.0,5,0,0,0,0.0,1,5000.0
0.766710253,58,0,0.36028953,8012.0,5,0,1,1,4.0,1,1602.4
0.328853692,48,0,0.358237548,4697.0,5,0,1,0,4.0,0,939.4
0.100334127,53,0,0.021056206,5888.0,4,0,0,0,2.0,0,1962.6666666666667
0.420960916,49,2,0.259935016,4000.0,7,0,0,0,0.0,2,4000.0
0.061590311,31,0,0.642264519,4097.0,3,0,1,0,0.0,0,4097.0
0.808044845,33,0,0.052347383,6666.0,5,0,0,0,0.0,0,6666.0
0.011513022,45,0,0.483299448,3442.0,22,0,1,0,1.0,0,1721.0
0.713198371,61,1,0.37797412,14373.0,18,1,5,0,0.0,2,14373.0
0.109063427,54,0,0.376925155,3700.0,4,0,1,0,0.0,0,3700.0
0.827043453,63,0,0.425396014,11741.0,11,0,2,0,0.0,0,11741.0
0.042045001,56,1,0.304622402,11400.0,7,0,2,0,1.0,1,5700.0
0.9999999,36,0,0.003818119,2880.0,0,1,0,0,2.0,1,960.0
0.066149779,52,0,0.248975102,10000.0,15,0,1,0,2.0,0,3333.3333333333335
0.851815091,46,0,0.615891422,7588.0,12,0,1,0,2.0,0,2529.3333333333335
0.648133797,56,0,0.179487179,21800.0,8,0,1,0,1.0,0,10900.0
0.097415798,67,0,0.244045869,3400.0,17,0,0,0,0.0,0,3400.0
1.003.566.758,29,1,0.221655669,3333.0,6,0,0,0,0.0,1,3333.0
0.122859882,29,0,0.138531848,3500.0,9,0,0,0,0.0,0,3500.0
0,44,0,0.053194681,10000.0,6,0,0,0,0.0,0,10000.0
0.007517069,97,0,0.001124859,8000.0,7,0,0,0,0.0,0,8000.0
0.09548389,69,1,0.190940453,6666.0,14,0,1,0,0.0,1,6666.0
0.076282082,36,0,0.213146582,7210.0,4,0,1,0,0.0,0,7210.0
0.239645687,35,0,0.093622795,2210.0,3,0,0,0,1.0,0,1105.0
0.843751074,43,0,0.21093372,6200.0,13,0,0,0,1.0,0,3100.0
0.000685675,53,0,0.205424661,16000.0,17,0,1,0,1.0,0,8000.0
0.469503386,51,0,0.289201489,9667.0,6,0,1,0,1.0,0,4833.5
0.9999999,78,0,0.227343886,5748.0,5,0,0,1,0.0,1,5748.0
0.666345401,39,3,0.772498743,3977.0,11,1,1,0,1.0,4,1988.5
0.020748963,52,0,0.128423615,11500.0,5,0,1,0,0.0,0,11500.0
0.669180451,54,0,0.645989383,13750.0,19,0,2,0,0.0,0,13750.0
0.010136133,57,1,0.696340732,8334.0,21,0,3,1,0.0,2,8334.0
0.606876625,27,0,0.308694335,3300.0,9,0,0,0,1.0,0,1650.0
0.071108477,33,0,0.148988052,4100.0,9,0,0,0,2.0,0,1366.6666666666667
0.073451874,54,0,0.929400922,5424.0,11,0,2,0,2.0,0,1808.0
0.24165455,55,0,0.304832714,7800.0,8,0,2,0,1.0,0,3900.0
0.032010463,56,0,0.36770116,10600.0,13,0,1,0,3.0,0,2650.0
0,47,0,0.748033878,6611.0,16,0,10,0,0.0,0,6611.0
0.895863053,51,1,0.003086039,8100.0,2,0,0,0,0.0,1,8100.0
0.147861846,58,0,0.021180518,9300.0,3,0,0,0,1.0,0,4650.0
0.565940907,37,0,0.554012064,5470.0,6,0,2,0,0.0,0,5470.0
0.9999999,24,0,0.10075188,1994.0,2,0,0,0,0.0,0,1994.0
0.624404257,81,0,0.392699811,4766.0,8,0,1,0,0.0,0,4766.0
0.590461992,47,1,0.593732355,7083.0,8,0,1,0,2.0,1,2361.0
0.833462949,48,0,0.597564007,4022.0,7,0,2,0,2.0,0,1340.6666666666667
0.951463408,56,0,0.213171577,7500.0,12,0,0,0,0.0,0,7500.0
0.650053898,34,2,0.494663521,8900.0,9,0,3,0,0.0,2,8900.0
0.038854837,57,0,0.043416167,3500.0,10,0,1,0,0.0,0,3500.0
0.113448947,49,0,0.336836709,3900.0,10,1,2,0,2.0,1,1300.0
0.767032791,54,1,0.438328466,4450.0,17,0,0,0,1.0,1,2225.0
0.13875766,51,0,0.306495883,7650.0,19,0,1,0,1.0,0,3825.0
0.480520342,64,0,0.155987521,4166.0,8,0,0,0,0.0,0,4166.0
0.555506019,59,0,0.248766554,3850.0,7,0,0,0,0.0,0,3850.0
0.036089549,47,0,0.220804035,13083.0,10,0,1,0,3.0,0,3270.75
0.794877769,60,2,0.943875278,11224.0,24,0,2,1,2.0,3,3741.3333333333335
0.95650435,30,1,0.221749535,3760.0,4,0,0,0,2.0,1,1253.3333333333333
0.0755169,44,1,0.299890732,20133.0,10,0,4,0,3.0,1,5033.25
0.984800608,59,5,0.524725275,8371.0,9,0,2,0,1.0,5,4185.5
0,48,0,0.240572506,11667.0,11,0,2,0,3.0,0,2916.75
1.014.780.038,58,2,0.267247536,7000.0,9,0,0,0,2.0,2,2333.3333333333335
0.242005048,77,0,0.074515648,3354.0,4,0,0,0,0.0,0,3354.0
0.02261913,62,0,0.00408905,2200.0,1,0,0,0,0.0,0,2200.0
0.603048715,54,0,0.315072781,19166.0,7,0,2,0,2.0,0,6388.666666666667
0,22,0,0,1520.0,1,0,0,0,1.0,0,760.0
0.004831425,62,0,0.205622696,11666.0,13,0,1,0,0.0,0,11666.0
0.9999999,29,0,10,0.0,5,0,0,0,0.0,0,0.0
0.943270449,58,2,0.351328553,4741.0,11,0,1,0,1.0,2,2370.5
1.053.386.979,45,3,0.86838978,3365.0,11,0,1,2,1.0,5,1682.5
0.883223355,27,0,471,0.0,5,0,0,0,0.0,0,0.0
0.263668914,70,0,0.419860047,3000.0,7,0,1,0,0.0,0,3000.0
0.060803026,67,0,0.329158542,13333.0,9,0,3,0,0.0,0,13333.0
0.949251488,44,0,0.904713324,4900.0,6,0,2,0,2.0,0,1633.3333333333333
0.4482245,47,0,0.657770801,5095.0,16,0,2,0,1.0,0,2547.5
0.199521587,45,0,0.479008397,2500.0,13,0,0,0,0.0,0,2500.0
0.038640939,65,0,0.295093162,10250.0,11,0,2,0,0.0,0,10250.0
0.007559698,51,0,0.919111816,1260.0,9,0,1,0,0.0,0,1260.0
0.507279612,61,0,0.597810566,2100.0,16,0,0,0,0.0,0,2100.0
0.108275669,36,0,0.392001666,4800.0,5,0,1,0,3.0,0,1200.0
0.49070186,28,1,0.231034483,1739.0,3,0,0,0,0.0,1,1739.0
0.519019302,29,1,0.323384569,6700.0,8,0,2,0,0.0,1,6700.0
0.531407105,39,0,0.724809261,3800.0,15,0,1,0,1.0,0,1900.0
0.628597957,48,0,0.195386229,2860.0,4,0,0,0,0.0,0,2860.0
0.061711483,65,0,0.425267368,11500.0,7,0,2,0,1.0,0,5750.0
0.001354751,37,0,0,2478.0,2,0,0,0,1.0,0,1239.0
0.48930214,60,0,0.386519945,2907.0,9,0,1,0,0.0,0,2907.0
0.972810007,64,5,0.470362371,12500.0,11,0,1,0,0.0,5,12500.0
0.00139447,31,1,0.106322385,15800.0,12,0,1,0,1.0,1,7900.0
0.124721351,65,0,0.221459982,5684.0,12,0,1,0,0.0,0,5684.0
0.045999446,44,0,0.314690693,9100.0,11,0,1,0,0.0,0,9100.0
0.97551517,50,4,0.708712614,3844.0,12,0,1,0,1.0,4,1922.0
0.708129823,49,0,0.107257829,6833.0,3,0,0,0,0.0,0,6833.0
0,56,0,0.655955441,2333.0,12,0,2,0,0.0,0,2333.0
0.022890604,37,0,0.288477299,6100.0,16,0,1,0,0.0,0,6100.0
0.538303661,52,0,0.229573763,8750.0,7,0,2,0,2.0,0,2916.6666666666665
0.681493152,45,0,0.133287765,2925.0,4,0,0,0,0.0,0,2925.0
0.009116132,56,0,0.211346174,9500.0,16,0,2,0,4.0,0,1900.0
0.113628703,54,0,0.245379222,7844.0,4,0,1,0,3.0,0,1961.0
0,47,1,0.545253863,2717.0,4,0,1,1,3.0,2,679.25
0.961084414,50,0,0.311911465,10300.0,8,0,0,0,1.0,0,5150.0
0.013113132,43,0,0.033288948,750.0,11,0,0,0,0.0,0,750.0
0.579622156,37,0,0.145620634,5582.0,3,0,0,0,0.0,0,5582.0
0.086574358,57,0,0.505623594,4000.0,7,0,1,0,2.0,0,1333.3333333333333
0.013972056,30,0,0.175387947,2770.0,2,0,0,0,4.0,0,554.0
0.9999999,29,0,0.096301233,3000.0,1,2,0,0,0.0,2,3000.0
0.009932023,31,0,0.383504371,7892.0,17,0,2,0,1.0,0,3946.0
0.125078567,37,0,0.014441235,4500.0,5,0,0,0,0.0,0,4500.0
0.184731784,55,0,0.836268606,8800.0,18,0,3,0,2.0,0,2933.3333333333335
0.043747897,43,0,0.024975985,1040.0,4,0,0,0,2.0,0,346.6666666666667
0.786250119,38,0,0.697110904,8583.0,15,0,2,0,3.0,0,2145.75
0.144432175,80,0,0.308563812,3000.0,10,0,1,0,0.0,0,3000.0
0.027497852,54,0,0.409064497,3441.0,10,0,1,0,0.0,0,3441.0
0.304490668,52,0,0.808340474,3500.0,10,0,2,0,0.0,0,3500.0
0.427145709,29,3,0.367894887,3500.0,5,0,0,0,0.0,3,3500.0
0.823112999,51,1,0.537720414,5500.0,12,0,2,1,0.0,2,5500.0
0,24,0,0,2000.0,2,0,0,0,0.0,0,2000.0
0.250707303,55,1,0.748158379,2171.0,10,0,1,0,0.0,1,2171.0
0.421942327,44,1,0.369968717,4794.0,7,1,1,1,1.0,3,2397.0
0.263765962,61,0,0.035510305,4026.0,7,0,0,0,1.0,0,2013.0
0.004090537,27,0,0.0859375,3583.0,3,0,0,0,0.0,0,3583.0
0.035083989,47,0,0.321051657,5400.0,11,0,2,0,1.0,0,2700.0
0.024552827,26,0,0.14186597,12250.0,5,0,1,0,1.0,0,6125.0
0.271213923,36,0,0.195193834,4410.0,6,0,0,0,2.0,0,1470.0
0.505274847,72,0,0.128435782,2000.0,5,0,0,0,0.0,0,2000.0
0.590288807,46,3,0.806771849,5640.0,13,0,2,2,2.0,5,1880.0
0.312599842,44,0,0.442374487,9500.0,10,0,2,0,0.0,0,9500.0
0.014697,43,0,0.518585911,3846.0,4,0,1,0,2.0,0,1282.0
0.928143713,36,2,0.456152277,2941.0,9,1,1,1,1.0,4,1470.5
0.037050603,67,0,0.38321511,11700.0,8,0,3,0,0.0,0,11700.0
1.203.728.362,71,0,0.09408826,1200.0,3,0,0,1,0.0,1,1200.0
0.260012032,38,0,0.344961671,9000.0,9,0,4,0,0.0,0,9000.0
0.052797358,72,0,0.098590141,10000.0,14,0,1,0,1.0,0,5000.0
0.048508323,65,0,0.312965226,9000.0,6,0,2,0,0.0,0,9000.0
0,22,0,0,929.0,3,0,0,0,0.0,0,929.0
0,41,0,0.355950693,9166.0,11,0,2,0,1.0,0,4583.0
0.809916594,56,0,0.473270231,7500.0,12,0,2,0,1.0,0,3750.0
0.140828296,50,0,0.102223268,8500.0,17,0,0,0,3.0,0,2125.0
0.738553836,52,0,0.105718154,9600.0,7,1,0,0,0.0,1,9600.0
0.000526311,48,1,0.686420905,15000.0,24,0,3,0,3.0,1,3750.0
0.33289874,25,0,0.159034138,1200.0,5,0,0,0,0.0,0,1200.0
0.247646029,29,0,0.068551741,8416.0,7,0,0,0,0.0,0,8416.0
0.9999999,33,98,0,1500.0,0,98,0,98,0.0,294,1500.0
0.156897588,51,0,0.173103385,10900.0,7,0,1,0,0.0,0,10900.0
0.03381356,48,0,2663,0.0,13,0,2,0,2.0,0,0.0
0.279042231,52,0,0.732851986,3600.0,7,0,1,0,1.0,0,1800.0
0.088946475,48,0,0.775074975,3000.0,32,0,1,0,1.0,0,1500.0
0,49,0,0.30027215,6613.0,11,0,1,0,3.0,0,1653.25
0.114724766,26,0,0.008752117,3541.0,3,0,0,0,0.0,0,3541.0
0.037264035,57,1,0.835407116,4580.0,19,0,3,0,0.0,1,4580.0
0.031707938,65,0,0.273347448,4250.0,8,0,0,0,0.0,0,4250.0
0.794425278,52,0,0.563670821,13718.0,26,0,4,0,2.0,0,4572.666666666667
0.426398114,25,0,0.214797534,6000.0,7,0,0,0,1.0,0,3000.0
0.086741982,30,0,0.249476866,4300.0,6,0,0,0,1.0,0,2150.0
0.336268132,65,0,0.586106891,7240.0,11,0,3,0,1.0,0,3620.0
0,66,0,0.115746972,5200.0,5,0,0,0,2.0,0,1733.3333333333333
1.636.429.608,41,3,0.65141497,3780.0,6,3,2,3,3.0,9,945.0
0.055915255,51,1,0.285749752,12083.0,10,0,2,0,2.0,1,4027.6666666666665
0.305387784,46,0,0.898050975,2000.0,5,0,2,0,0.0,0,2000.0
0.9999999,57,0,0.325489282,8583.0,3,0,1,1,3.0,1,2145.75
0.05114506,60,0,0.078303426,5516.0,11,0,0,0,1.0,0,2758.0
0,60,2,0.588565416,2850.0,5,0,1,1,2.0,3,950.0
0.590419049,50,0,0.611760986,3162.0,8,0,2,0,0.0,0,3162.0
0.735756287,49,0,0.415204678,7181.0,12,0,1,0,1.0,0,3590.5
0.24399389,61,1,1.950.819.672,2500.0,9,0,2,0,0.0,1,2500.0
0.501327836,73,0,0.545896812,7810.0,18,0,1,0,0.0,0,7810.0
0.323802034,34,5,1.914.089.347,3200.0,8,4,2,0,3.0,9,800.0
0.272082205,47,1,0.261242725,17010.0,15,0,1,0,6.0,1,2430.0
0,41,0,0.464511829,3000.0,5,0,2,0,3.0,0,750.0
0.80454206,44,0,0.509927153,7000.0,8,0,1,0,2.0,0,2333.3333333333335
0.977931631,42,2,0.126613911,2400.0,3,1,0,0,0.0,3,2400.0
0.005807114,79,0,0.061900192,2083.0,12,0,1,0,0.0,0,2083.0
0.039987907,55,0,0.183250892,8692.0,11,0,1,0,3.0,0,2173.0
0.141188966,37,0,0.596839219,6200.0,22,0,2,0,1.0,0,3100.0
0.9999999,42,0,0.073077839,4200.0,1,0,0,0,1.0,0,2100.0
0.139742646,47,0,0.268978444,3200.0,11,1,0,0,1.0,1,1600.0
0.127382556,28,0,0.667221991,2400.0,10,0,1,0,0.0,0,2400.0
100.288.745,71,0,0.266749547,37000.0,29,0,3,0,2.0,0,12333.333333333334
0.101210671,40,0,0.465762004,4789.0,7,0,1,0,1.0,0,2394.5
0.024693616,65,0,1.155.193.237,3311.0,6,0,1,0,0.0,0,3311.0
0.022189765,35,0,0.450868373,4375.0,6,0,2,0,0.0,0,4375.0
0.835670036,34,0,0.275544891,5000.0,4,0,0,0,2.0,0,1666.6666666666667
0.150281881,32,0,0.362439593,6000.0,10,0,2,0,0.0,0,6000.0
0.014598303,53,0,0.006498375,4000.0,7,0,0,0,0.0,0,4000.0
0.827267013,41,1,0.733641877,6265.0,9,0,0,0,2.0,1,2088.3333333333335
0.9999999,36,0,0.002504174,4791.0,0,0,0,1,0.0,1,4791.0
0.122590809,62,0,0.374147805,11000.0,13,0,1,0,0.0,0,11000.0
0.094742248,58,0,0.081218274,6500.0,11,0,0,1,0.0,1,6500.0
0.001103238,54,0,0.104079082,8800.0,13,0,1,0,0.0,0,8800.0
0.117152831,48,0,0.32490444,3400.0,13,0,1,0,2.0,0,1133.3333333333333
0.555544446,40,0,0.214414279,13333.0,7,0,1,1,3.0,1,3333.25
0.195656969,49,0,0.723471742,3467.0,10,0,2,0,2.0,0,1155.6666666666667
0.019169388,62,1,0.005713197,5250.0,12,0,0,0,0.0,1,5250.0
0.390906065,56,0,0.907636945,2500.0,11,0,2,0,0.0,0,2500.0
0.030274924,64,0,0.020195961,5000.0,4,0,0,0,0.0,0,5000.0
0.18083131,57,0,0.222768316,8748.0,8,0,2,0,2.0,0,2916.0
0.017106148,64,0,0.177770107,11587.0,25,0,1,0,0.0,0,11587.0
0.425677144,41,0,0.181768259,7283.0,10,0,0,0,0.0,0,7283.0
0.023919142,66,0,0.011427211,8400.0,7,0,0,0,0.0,0,8400.0
1.129.353.234,57,1,0.031916939,5200.0,1,1,0,0,1.0,2,2600.0
0.029839204,49,0,0.292723912,5950.0,8,0,3,0,0.0,0,5950.0
0.074708216,40,0,0.051525355,9800.0,6,0,0,0,2.0,0,3266.6666666666665
1.306.022.113,50,0,1.069.332.473,3100.0,8,0,2,0,0.0,0,3100.0
0.9999999,21,0,0,0.0,0,0,0,0,0.0,0,0.0
0.365606894,50,0,0.102706271,7574.0,5,0,0,0,2.0,0,2524.6666666666665
0.738798227,37,0,0.090326714,3121.0,3,0,0,0,1.0,0,1560.5
0.882254903,55,0,0.914584924,9166.0,16,0,2,0,1.0,0,4583.0
0.490733692,40,1,0.413547758,10259.0,14,0,3,0,4.0,1,2051.8
0.011574487,56,1,0.28306025,7750.0,14,0,2,0,0.0,1,7750.0
0.027531276,46,0,0.55462985,4200.0,4,0,1,0,2.0,0,1400.0
0.395737633,49,0,0.793041392,5000.0,5,0,2,0,0.0,0,5000.0
0.012052182,35,1,1.225.295.784,6000.0,11,0,3,0,1.0,1,3000.0
0.044210616,77,0,0.015001829,8198.0,9,0,0,0,1.0,0,4099.0
0.004151215,48,1,119.201.995,400.0,8,0,0,0,3.0,1,100.0
0.891394464,33,1,0.046999478,90000.0,11,0,2,0,2.0,1,30000.0
0.976007997,52,0,0.309815215,4166.0,4,0,0,0,0.0,0,4166.0
0.9999999,77,0,0.137766189,2300.0,1,0,0,0,0.0,0,2300.0
0,56,0,0.055257341,3166.0,5,0,0,0,2.0,0,1055.3333333333333
0.00249975,81,0,0,2500.0,7,0,0,0,0.0,0,2500.0
0.02362307,43,0,0.250499957,11500.0,11,0,2,0,2.0,0,3833.3333333333335
0.000555247,54,0,0.595540177,2600.0,5,0,1,0,1.0,0,1300.0
0.023238346,31,0,0.288685946,1970.0,8,0,0,0,0.0,0,1970.0
0.089156814,55,0,0.216975892,9000.0,11,0,1,0,0.0,0,9000.0
0,66,1,0.474867391,3958.0,9,0,1,0,0.0,1,3958.0
0.058053569,51,0,0.612320633,4041.0,13,0,2,0,1.0,0,2020.5
0.872383995,65,0,0.469423413,6867.0,15,0,1,0,1.0,0,3433.5
0.846644955,50,0,0.561336092,6765.0,10,0,1,0,0.0,0,6765.0
1.020.454.892,51,3,0.228300894,1900.0,8,0,0,0,1.0,3,950.0
0.04153241,41,0,0.035539216,15503.0,6,0,0,0,0.0,0,15503.0
0.029833337,62,0,0.184004323,3700.0,9,0,0,0,0.0,0,3700.0
0.840010774,38,0,0.142544949,10066.0,11,1,1,0,0.0,1,10066.0
0.156160854,44,0,0.486562942,4241.0,8,0,2,0,0.0,0,4241.0
0.9999999,53,0,0.927004465,5150.0,6,0,1,0,0.0,0,5150.0
0.006993007,23,0,0.086522463,600.0,2,0,0,0,0.0,0,600.0
0.033944567,45,2,0.159061989,5500.0,9,0,1,0,0.0,2,5500.0
0.006244231,39,0,0.066605839,2191.0,15,0,0,0,1.0,0,1095.5
0.69098069,57,0,0.480682161,6625.0,16,0,2,0,0.0,0,6625.0
0.876970768,39,0,0.134162209,6916.0,10,0,0,0,1.0,0,3458.0
0.082061474,69,0,0.032661223,6000.0,5,0,0,0,0.0,0,6000.0
0.007271405,29,0,0.897169811,2119.0,7,0,2,0,0.0,0,2119.0
0.230509385,37,0,0.283470189,2800.0,4,0,0,0,1.0,0,1400.0
0.9999999,38,0,0.538638985,2600.0,3,1,1,1,0.0,2,2600.0
0.007902928,62,0,0.09360301,2125.0,10,0,0,0,0.0,0,2125.0
0.041396385,60,1,0.054371602,16000.0,8,0,1,0,1.0,1,8000.0
0.012652365,51,0,0.381510772,7333.0,10,0,2,0,1.0,0,3666.5
0.49261278,59,0,0.273714791,15833.0,13,0,1,0,2.0,0,5277.666666666667
0.709459699,53,4,0.316484176,13333.0,23,0,2,2,0.0,6,13333.0
0.025443036,84,0,0.057347133,20000.0,5,0,1,0,0.0,0,20000.0
0.093015126,42,0,0.102500998,15033.0,10,0,1,0,1.0,0,7516.5
0,51,2,4.390.214.638,7500.0,8,0,1,0,0.0,2,7500.0
0.956068969,53,0,0.490832158,9925.0,7,0,2,0,0.0,0,9925.0
0.545970016,47,0,0.860117589,4081.0,13,0,1,0,4.0,0,816.2
0.004505221,39,0,0.435848607,4200.0,6,0,2,0,2.0,0,1400.0
0.263185413,51,0,0.248671808,5834.0,8,0,1,0,0.0,0,5834.0
0.737175427,58,0,4.222.743.259,14500.0,7,0,2,0,3.0,0,3625.0
0.005945625,29,0,0.03508453,5500.0,5,0,0,0,0.0,0,5500.0
0.056435104,45,0,0.021712218,10500.0,8,0,0,0,0.0,0,10500.0
0.009349533,58,0,0.501017355,8354.0,7,0,2,0,0.0,0,8354.0
0.311373309,62,0,0.341587302,4724.0,4,0,1,0,1.0,0,2362.0
0.84318794,40,0,0.444636854,9816.0,14,0,3,0,2.0,0,3272.0
0.9999999,68,0,0.305441963,3178.0,3,0,0,0,0.0,0,3178.0
0.927253922,28,3,0.095057034,1840.0,6,0,0,0,0.0,3,1840.0
0.263316873,46,0,"3,9",9999.0,14,0,2,0,3.0,0,2499.75
0.047085261,37,0,0.280281921,6100.0,13,0,1,0,2.0,0,2033.3333333333333
0,73,0,0,2236.0,3,0,0,0,0.0,0,2236.0
0.016518341,52,0,0.003124349,4800.0,4,0,0,0,0.0,0,4800.0
0.045768813,43,0,0.339406733,9000.0,7,0,2,0,0.0,0,9000.0
0.698978397,48,0,3.544.078.216,13500.0,11,0,0,0,1.0,0,6750.0
0.031825394,45,0,0.01032989,3000.0,3,0,0,0,0.0,0,3000.0
0.327097709,38,0,0.378070058,7450.0,8,0,1,0,2.0,0,2483.3333333333335
0.052695214,84,0,0.005997601,2500.0,4,0,0,0,0.0,0,2500.0
0.431167874,60,0,0.614950316,8855.0,13,0,3,0,0.0,0,8855.0
0.191749105,30,0,0.015826739,2400.0,3,0,0,0,0.0,0,2400.0
0.939716567,54,2,0.058736394,60081.0,9,0,2,0,1.0,2,30040.5
0.006473967,56,0,0.2925182,11400.0,10,0,2,0,2.0,0,3800.0
0.286054919,40,1,0.482839054,3000.0,12,0,1,0,2.0,1,1000.0
0.812775719,59,0,0.616918257,3510.0,5,0,0,0,0.0,0,3510.0
0.623976173,27,2,0.165219679,3800.0,4,0,0,0,1.0,2,1900.0
0.018925906,64,0,1305,1.0,6,0,1,0,0.0,0,1.0
0.019377527,60,1,0.25419882,6608.0,15,2,1,0,0.0,3,6608.0
0.128076186,58,0,0.176251552,7250.0,8,0,1,0,0.0,0,7250.0
0.333104765,62,0,0.507337526,6200.0,17,0,1,0,0.0,0,6200.0
0.032815456,40,0,1.281.997.919,960.0,10,0,1,0,2.0,0,320.0
0.689911523,40,0,0.351232438,20000.0,13,0,2,0,2.0,0,6666.666666666667
2.78E-05,53,0,0.278459441,5867.0,6,0,1,0,3.0,0,1466.75
0.588117653,35,0,1.348.260.696,2500.0,7,0,1,0,4.0,0,500.0
0.661195142,59,0,0.709907014,8710.0,20,0,5,0,0.0,0,8710.0
0.190903267,60,0,0.828798661,2388.0,11,0,1,0,0.0,0,2388.0
0.57753097,53,1,0.887293765,4666.0,30,5,1,0,1.0,6,2333.0
0.028530358,67,0,0.143674699,3319.0,8,0,0,0,1.0,0,1659.5
0.9999999,40,0,0.038037775,3811.0,0,1,0,0,0.0,1,3811.0
0.133798202,61,0,0.32243085,4952.0,19,0,2,0,2.0,0,1650.6666666666667
0.784337179,48,0,0.487948637,9500.0,13,0,2,0,0.0,0,9500.0
0,45,0,0.651387889,12500.0,17,0,6,0,3.0,0,3125.0
0.403527958,66,0,0.535090844,8420.0,22,0,1,0,0.0,0,8420.0
0.506362376,54,0,1.062.187.674,1800.0,9,0,0,0,0.0,0,1800.0
0.00879824,50,0,0.37966538,3107.0,4,0,1,0,0.0,0,3107.0
0.591636735,48,0,1326.05.00,1.0,7,0,1,0,1.0,0,0.5
0.475414988,54,1,0.336007052,11344.0,4,0,2,0,4.0,1,2268.8
0.9999999,34,0,0.025705105,2800.0,2,0,0,0,0.0,0,2800.0
0.180958812,44,1,0.28533274,4492.0,9,0,1,0,2.0,1,1497.3333333333333
0.628182448,47,1,0.640085694,4200.0,9,3,2,0,3.0,4,1050.0
0.024996694,31,0,0.128421053,1424.0,3,0,0,0,0.0,0,1424.0
0.038187875,78,0,0.204212781,2800.0,11,0,0,0,0.0,0,2800.0
0.201304259,73,0,0.108561089,10500.0,16,0,0,0,0.0,0,10500.0
0.751531212,43,0,0.546545212,4500.0,9,0,1,0,3.0,0,1125.0
0.179726562,45,0,0.698812747,4800.0,11,0,1,0,0.0,0,4800.0
0.497309647,42,0,0.273247887,11000.0,7,0,1,0,2.0,0,3666.6666666666665
0.162505645,63,0,0.626373626,3912.0,9,0,2,0,0.0,0,3912.0
0.028451154,65,0,0.273740869,2600.0,6,0,0,0,0.0,0,2600.0
0.015776451,39,1,0.214427795,7540.0,10,0,1,0,0.0,1,7540.0
0.250916189,48,0,0.206948263,4000.0,7,0,0,0,1.0,0,2000.0
0.028809363,88,0,0.004531985,5736.0,2,0,0,0,0.0,0,5736.0
0.9999999,60,0,0.335334826,9825.0,6,0,2,0,0.0,0,9825.0
0.298467688,31,0,0.00311975,4166.0,4,0,0,0,0.0,0,4166.0
0.006314802,58,0,0.19632794,5500.0,16,0,0,0,2.0,0,1833.3333333333333
0.784971023,53,0,0.300924253,19366.0,17,0,2,0,0.0,0,19366.0
0,45,0,0.212913363,14000.0,13,0,3,0,4.0,0,2800.0
1.108.254.784,29,2,0.255561894,3505.0,5,4,0,1,2.0,7,1168.3333333333333
0,39,0,0.498111531,4500.0,6,0,1,0,1.0,0,2250.0
0.717504837,42,0,0.392301295,8416.0,9,0,1,0,2.0,0,2805.3333333333335
0.343094367,38,0,0.296711951,5078.0,7,0,1,0,1.0,0,2539.0
0.305438811,61,0,0.306210017,12817.0,8,0,3,0,0.0,0,12817.0
0.014732842,36,0,0.023690773,4811.0,6,0,0,0,0.0,0,4811.0
0.054410164,35,0,0.415226396,7000.0,9,0,1,0,1.0,0,3500.0
0.379041397,49,2,0.10078534,4583.0,4,0,1,0,2.0,2,1527.6666666666667
0.786220687,40,0,0.467535602,8285.0,7,0,2,0,2.0,0,2761.6666666666665
0,58,0,0.451198223,6300.0,15,0,2,0,0.0,0,6300.0
0.721948432,33,0,0.500648028,5400.0,8,0,0,0,0.0,0,5400.0
0.42205344,58,0,6.233.741.301,4166.0,18,0,0,0,0.0,0,4166.0
0.992707988,36,1,0.51321114,4200.0,5,0,1,0,2.0,1,1400.0
0.002285388,40,0,0.007665389,6000.0,9,0,0,0,3.0,0,1500.0
0.072910859,61,0,0.217212422,17742.0,19,0,1,0,2.0,0,5914.0
0.031074966,66,0,0.144773617,5366.0,5,0,1,0,0.0,0,5366.0
0.025366829,57,0,0.589366984,4833.0,16,0,1,0,0.0,0,4833.0
0.051192723,64,0,0.009046757,10500.0,16,0,0,0,0.0,0,10500.0
0.795046858,42,0,0.462203836,7976.0,8,0,2,0,4.0,0,1595.2
0.696064607,37,1,0.106620382,4032.0,7,0,0,0,2.0,1,1344.0
0.508213685,50,0,0.189047944,4400.0,11,0,0,0,0.0,0,4400.0
0.005086607,58,0,0.224385041,15000.0,8,0,2,0,1.0,0,7500.0
0.810470338,35,0,0.814734821,4166.0,11,0,0,0,2.0,0,1388.6666666666667
0.644498865,56,0,1.036.648.774,9500.0,8,0,0,0,0.0,0,9500.0
0.49190819,44,0,0.185810306,6694.0,5,0,1,0,0.0,0,6694.0
0.9999999,29,0,0.390371783,2097.0,4,0,0,0,1.0,0,1048.5
0.006046333,65,0,0.002499375,4000.0,8,0,0,0,1.0,0,2000.0
0.227749592,60,0,0.337518054,9000.0,21,0,0,0,2.0,0,3000.0
0.048327528,53,0,0.254859398,10134.0,16,0,2,0,2.0,0,3378.0
0.029636567,67,0,0.647245523,4410.0,9,0,1,0,0.0,0,4410.0
0.27228135,46,0,0.0954766,19166.0,9,0,0,0,0.0,0,19166.0
0.9999999,41,1,0,5500.0,1,0,0,2,0.0,3,5500.0
0.156535968,51,0,0.021013478,20700.0,3,0,0,0,2.0,0,6900.0
0.107121652,54,0,316.957.606,400.0,7,0,1,0,0.0,0,400.0
0.019268819,81,0,0.022535211,1419.0,16,0,0,0,0.0,0,1419.0
0.022533707,62,0,0.344996992,9973.0,13,0,3,0,2.0,0,3324.3333333333335
0.101977338,25,1,0.005498625,4000.0,3,0,0,0,0.0,1,4000.0
0.333992374,36,2,0.338357795,10083.0,8,0,2,0,3.0,2,2520.75
0.957635205,30,0,0.202922702,7800.0,12,0,0,0,0.0,0,7800.0
0.018542327,53,0,0.47189729,10514.0,9,0,3,0,0.0,0,10514.0
0.060721753,44,0,0.063988366,5500.0,2,0,0,0,0.0,0,5500.0
0.263610452,61,0,0.693133527,4470.0,17,0,1,0,1.0,0,2235.0
0,28,0,0.014366021,1600.0,3,0,0,0,0.0,0,1600.0
0.865758755,42,3,0.616890023,4700.0,8,2,1,0,4.0,5,940.0
0.007501937,63,0,0.278226307,8050.0,13,0,2,0,3.0,0,2012.5
0.232058272,58,0,0.937079814,5800.0,12,0,0,0,0.0,0,5800.0
0.122976319,50,0,0.454103343,3289.0,6,0,1,0,1.0,0,1644.5
0.9999999,29,1,0.175497933,2660.0,2,0,0,0,0.0,1,2660.0
0.117854419,44,0,0.441168931,3900.0,26,0,1,0,0.0,0,3900.0
0.022618675,72,0,0.008157895,3799.0,5,0,0,0,0.0,0,3799.0
0.461035026,46,0,0.055490752,6000.0,3,0,0,0,3.0,0,1500.0
0.261656044,56,0,0.275072557,3100.0,9,0,0,0,0.0,0,3100.0
0.777158897,49,1,0.530063505,7400.0,12,0,2,1,2.0,2,2466.6666666666665
0.167387665,39,0,0.090484919,6000.0,5,0,0,0,1.0,0,3000.0
0.069557218,54,0,0.180945524,12500.0,6,0,1,0,3.0,0,3125.0
0.418545432,56,0,0.479408237,2500.0,11,0,1,0,0.0,0,2500.0
0.176645584,65,0,0.037305516,5655.0,1,0,0,0,0.0,0,5655.0
0.08607076,57,0,0.253073267,6100.0,20,0,2,0,0.0,0,6100.0
0.053835957,46,0,0.785404865,3000.0,10,0,1,0,1.0,0,1500.0
0.952956684,48,0,0.367271037,8603.0,6,0,3,0,3.0,0,2150.75
0.621792736,46,5,0.391497131,3833.0,6,2,2,0,2.0,7,1277.6666666666667
0.031301206,58,0,0.006266786,3350.0,5,0,0,0,0.0,0,3350.0
0.787773374,39,0,0.360386634,12000.0,12,0,0,0,3.0,0,3000.0
0.9999999,33,0,0.139235987,2800.0,4,0,0,0,0.0,0,2800.0
0.001698584,66,0,0.185029644,4047.0,6,0,1,0,0.0,0,4047.0
0.395860414,46,0,0.506828528,3953.0,9,0,2,0,1.0,0,1976.5
0.126458236,70,0,0.026944807,2300.0,3,0,0,0,1.0,0,1150.0
0.336872843,52,1,0.146271008,3807.0,15,0,0,0,0.0,1,3807.0
0.095133453,78,0,0.126069914,12500.0,5,0,2,0,0.0,0,12500.0
0.021909794,41,0,0.183824317,9334.0,4,0,2,0,4.0,0,1866.8
0.361800917,61,0,0.109652322,12338.0,18,0,0,0,0.0,0,12338.0
0.264120389,49,1,0.158536585,6395.0,12,0,0,0,0.0,1,6395.0
0,57,0,0.082039911,6764.0,6,0,0,0,0.0,0,6764.0
0.048945771,46,0,0.579933543,10833.0,10,0,4,0,2.0,0,3611.0
0.052485245,64,0,0.41152949,3000.0,4,0,1,0,0.0,0,3000.0
0.342754758,44,1,0.251147267,7190.0,11,0,2,0,2.0,1,2396.6666666666665
0.509228135,40,0,0.255613034,18750.0,8,0,2,0,3.0,0,4687.5
0.545901176,57,0,0.326309248,17700.0,14,0,3,0,1.0,0,8850.0
0.494078537,35,1,0.161709573,4000.0,11,0,0,0,0.0,1,4000.0
0.356064394,30,0,0.348988687,2916.0,9,0,1,0,0.0,0,2916.0
0.077097601,43,0,0.069212914,4738.0,4,0,0,0,0.0,0,4738.0
0.175620398,40,1,0.520397033,9167.0,7,0,3,0,0.0,1,9167.0
0.60930452,54,0,0.959586968,5616.0,18,0,1,1,2.0,1,1872.0
0.163690887,42,1,0.517956085,4872.0,12,0,1,0,1.0,1,2436.0
0.065734604,47,1,0.484645051,7000.0,13,0,1,0,3.0,1,1750.0
0.394546587,46,0,0.609602195,3644.0,12,0,1,0,2.0,0,1214.6666666666667
0.028047667,65,1,0.177497092,6016.0,11,0,1,0,0.0,1,6016.0
0.701808089,37,0,0.616345914,4000.0,7,0,1,0,1.0,0,2000.0
0.073484064,51,0,0.769773596,3400.0,9,0,2,0,1.0,0,1700.0
0,33,0,0.017767907,1800.0,7,0,0,0,0.0,0,1800.0
0.085886879,53,0,0.724213606,4100.0,24,0,2,0,1.0,0,2050.0
0.785965428,63,0,0.448542058,25000.0,19,0,2,0,0.0,0,25000.0
0.607057145,57,1,0.427325581,6879.0,21,0,1,0,0.0,1,6879.0
0.756656885,52,2,0.574809018,5366.0,6,1,2,0,0.0,3,5366.0
0.143729277,67,0,0.184476486,7420.0,5,0,2,0,0.0,0,7420.0
0,22,0,0,820.0,2,0,0,0,0.0,0,820.0
0.245528275,81,0,0.15133438,3184.0,3,0,0,0,0.0,0,3184.0
0.020089799,39,0,0.50584883,6667.0,11,0,2,0,0.0,0,6667.0
0.019332747,36,0,0.453126847,8458.0,10,0,3,0,1.0,0,4229.0
0.048618923,38,0,0.001641546,6700.0,2,0,0,0,0.0,0,6700.0
0.9999999,34,0,0.09675269,10500.0,10,0,0,0,0.0,0,10500.0
0,78,0,0.399244612,4500.0,9,0,2,0,1.0,0,2250.0
0.765613394,58,1,0.179563916,14033.0,9,1,1,0,1.0,2,7016.5
0.8743064,33,1,0.405384881,14484.0,11,0,2,0,0.0,1,14484.0
0.011462034,86,0,0.001941957,9268.0,5,0,0,0,0.0,0,9268.0
0.026506296,59,0,3.557.245.575,3615.0,12,0,1,0,0.0,0,3615.0
1.053.892.216,30,1,0.364545152,3000.0,3,0,0,0,0.0,1,3000.0
0.906460234,63,0,0.324470831,3873.0,11,0,1,0,0.0,0,3873.0
0.212601398,55,0,0.493574119,9025.0,27,0,2,0,2.0,0,3008.3333333333335
0.193823078,63,0,0.597175353,8000.0,16,0,1,0,2.0,0,2666.6666666666665
0.604279997,59,0,0.570788913,9379.0,15,0,1,0,2.0,0,3126.3333333333335
0.00019646,41,0,0.240578373,6500.0,10,0,1,0,3.0,0,1625.0
0.074475169,64,0,101.585.601,4666.0,14,0,2,0,0.0,0,4666.0
0.450549451,24,0,0.003713225,3500.0,1,0,0,0,0.0,0,3500.0
0.004054739,75,0,0.001587582,5668.0,14,0,0,0,1.0,0,2834.0
0.22781297,76,0,0.778296227,7500.0,17,0,3,0,0.0,0,7500.0
0.132438338,62,0,0.403876582,2527.0,12,0,0,0,0.0,0,2527.0
0.889204162,35,0,0.251021049,6365.0,7,0,0,0,0.0,0,6365.0
0.010427082,73,0,0.73096976,2876.0,11,0,1,0,0.0,0,2876.0
0.353919183,48,0,0.575402236,3666.0,10,0,1,0,2.0,0,1222.0
0.761406354,60,0,0.411380811,8733.0,14,0,2,0,0.0,0,8733.0
0.130549556,45,0,0.159771031,13800.0,4,0,1,0,3.0,0,3450.0
0.014039954,76,0,0.153846154,4705.0,10,0,1,0,0.0,0,4705.0
0,49,0,0.608462542,6900.0,12,0,2,0,0.0,0,6900.0
0.005100455,46,0,0.336257907,4900.0,14,0,2,0,3.0,0,1225.0
0.363035233,65,0,0.217299349,18439.0,13,0,2,0,0.0,0,18439.0
0.007740597,31,0,0.092984503,6000.0,6,0,0,0,2.0,0,2000.0
0.997002997,35,0,0.122931985,4351.0,3,4,0,1,2.0,5,1450.3333333333333
0.9999999,41,1,0.332426812,6250.0,2,0,1,0,1.0,1,3125.0
0.9999999,59,0,0.105244738,20000.0,5,0,0,0,1.0,0,10000.0
0.139785424,69,0,0.258489921,14634.0,7,0,1,0,1.0,0,7317.0
0.227150365,41,0,0.105498836,5582.0,2,0,0,0,4.0,0,1116.4
0.180319766,59,0,0.574797347,5427.0,12,0,1,0,0.0,0,5427.0
0.007368245,34,0,0.093490651,10000.0,8,0,0,0,1.0,0,5000.0
0,66,0,0,20000.0,5,0,0,0,1.0,0,10000.0
0.232353057,36,0,0.77611155,3800.0,10,0,2,0,3.0,0,950.0
0.054085226,65,0,0.630092477,4000.0,20,0,2,0,0.0,0,4000.0
0.823696051,55,0,0.271954674,6000.0,8,2,0,0,0.0,2,6000.0
1.043.900.581,41,1,0.427596405,8790.0,7,0,2,0,1.0,1,4395.0
0.064662356,27,0,0.197969543,2166.0,6,0,0,0,0.0,0,2166.0
0.499385732,40,0,0.392542054,8500.0,8,0,1,0,2.0,0,2833.3333333333335
0.824774841,46,0,1.009.247.688,4000.0,18,0,0,0,0.0,0,4000.0
0.469343672,52,0,0.238821673,1900.0,6,0,0,0,1.0,0,950.0
0.341565843,49,0,0.018266476,5583.0,1,0,0,0,0.0,0,5583.0
0.119601329,26,0,0.115294902,3000.0,3,0,0,0,0.0,0,3000.0
0.146536033,38,1,0.616616793,5680.0,8,0,2,0,1.0,1,2840.0
0,57,0,0.190573932,12666.0,11,0,2,0,1.0,0,6333.0
0.791433974,35,0,0.53316913,6089.0,11,0,2,0,1.0,0,3044.5
0.516644474,53,0,0.699391547,6080.0,16,0,1,2,0.0,2,6080.0
0.826790407,80,0,0.447373205,5500.0,9,2,2,0,0.0,2,5500.0
0.126743438,32,0,0.437802568,4750.0,6,0,2,0,0.0,0,4750.0
0.542587262,63,0,0.271222674,14500.0,12,0,4,0,1.0,0,7250.0
0.767038827,41,0,0.263173683,10000.0,8,0,2,0,2.0,0,3333.3333333333335
0.245564941,55,0,0.291529781,7000.0,13,0,2,0,0.0,0,7000.0
0.183977518,58,1,0.20915636,5416.0,17,0,1,0,0.0,1,5416.0
0.633133364,41,1,0.274514747,3966.0,9,0,0,0,2.0,1,1322.0
0.023778457,62,0,0.214560983,9600.0,9,0,1,1,0.0,1,9600.0
0.974217007,70,0,0.733219844,4111.0,5,0,2,0,0.0,0,4111.0
0.236934208,31,0,0.108134505,7166.0,8,0,0,0,0.0,0,7166.0
0.473282536,50,0,0.347853259,16000.0,14,0,2,0,2.0,0,5333.333333333333
0.009122458,76,0,0.449280214,2986.0,16,0,1,0,0.0,0,2986.0
0.380696769,25,0,0.764920828,820.0,6,0,0,0,0.0,0,820.0
0.001536607,56,0,0.234016766,9900.0,10,0,1,0,1.0,0,4950.0
0.189405297,43,0,0.118820921,7666.0,8,0,0,0,1.0,0,3833.0
0.625883294,37,2,0.559550562,5339.0,17,0,3,0,3.0,2,1334.75
0.9999999,41,0,0.098041939,7200.0,4,0,0,0,0.0,0,7200.0
0,42,0,0.082180635,4915.0,9,0,0,0,0.0,0,4915.0
0.220463935,43,0,0.462053795,10000.0,6,0,1,0,2.0,0,3333.3333333333335
0.074167464,77,0,0.007140817,3500.0,7,0,0,0,0.0,0,3500.0
0.022918674,71,0,0.050204009,5636.0,10,0,1,0,0.0,0,5636.0
0.26266989,68,0,0.141143543,2500.0,13,0,0,0,0.0,0,2500.0
0.041866776,74,0,0.117875792,9000.0,11,0,2,0,0.0,0,9000.0
0.173945363,41,0,0.473815773,8000.0,8,0,2,0,2.0,0,2666.6666666666665
0.333973032,36,0,0.238213724,7635.0,9,0,1,0,2.0,0,2545.0
0.996108566,46,0,0.689504373,1371.0,2,0,0,0,1.0,0,685.5
0.673065387,60,0,0.246178862,3074.0,7,0,2,0,0.0,0,3074.0
0.697364435,43,0,0.931068931,1000.0,8,0,0,0,1.0,0,500.0
0.161167766,41,0,0.317652844,6100.0,5,0,2,0,0.0,0,6100.0
0.020809686,88,0,0.003088153,3561.0,4,0,0,0,0.0,0,3561.0
0.188710117,78,0,0.011069452,5600.0,3,0,0,0,0.0,0,5600.0
0.317208782,68,0,0.459751059,38000.0,32,0,4,0,0.0,0,38000.0
0.102782631,59,0,0.368990185,6010.0,10,0,2,0,1.0,0,3005.0
0.013332947,88,0,0.391402149,4000.0,7,0,1,0,0.0,0,4000.0
0.039849125,41,0,0.302261008,10083.0,10,0,1,0,2.0,0,3361.0
0.00945116,69,0,0.578985639,5500.0,11,0,2,0,0.0,0,5500.0
0.147322411,39,0,0.213627993,3800.0,8,0,0,0,0.0,0,3800.0
0.9999999,26,0,0.175216522,1500.0,4,3,0,0,0.0,3,1500.0
0.03209679,65,0,0.002999,3000.0,1,0,0,0,0.0,0,3000.0
0,42,0,0.680321873,2733.0,5,0,2,0,0.0,0,2733.0
0.714972501,41,0,0.420310806,8300.0,6,0,2,0,0.0,0,8300.0
0.297035148,75,0,0.844797178,1700.0,8,0,2,0,0.0,0,1700.0
0.092158845,62,0,0.275603289,22252.0,13,0,2,0,0.0,0,22252.0
0.003570918,51,0,0.209726444,6250.0,4,0,1,0,2.0,0,2083.3333333333335
0.9999999,31,0,0.001349528,8150.0,0,3,0,0,0.0,3,8150.0
0.002324173,63,0,0.220043331,18000.0,15,0,2,0,1.0,0,9000.0
0.507060334,52,0,0.057793923,9083.0,5,1,0,0,0.0,1,9083.0
0.008055924,45,0,0.60172931,5666.0,14,0,2,0,0.0,0,5666.0
0.9999999,41,0,0.158841159,2001.0,0,9,0,1,2.0,10,667.0
1.046.476.762,44,2,1.449,7999.0,5,1,1,2,4.0,5,1599.8
0.66110423,47,0,1.029.443.839,2750.0,7,0,1,0,1.0,0,1375.0
0.069605142,54,1,0.554206542,7000.0,18,0,1,0,0.0,1,7000.0
0.642027628,55,1,0.205286025,19333.0,15,0,1,0,0.0,1,19333.0
0.661934491,56,0,0.411614142,6250.0,11,0,1,0,2.0,0,2083.3333333333335
0.068459943,38,0,0.012625163,6890.0,4,0,0,0,0.0,0,6890.0
0.036076764,32,0,0.412398093,6500.0,11,0,1,0,0.0,0,6500.0
0.899524668,61,0,0.053947094,4800.0,4,1,0,0,0.0,1,4800.0
0.028638093,67,0,1.117.426.608,1600.0,10,0,1,0,0.0,0,1600.0
0,44,1,0.283021698,20001.0,11,0,1,0,2.0,1,6667.0
0.059077637,33,0,0.828213052,5500.0,6,0,2,0,0.0,0,5500.0
0,63,0,0.790734824,625.0,3,0,0,0,0.0,0,625.0
0.936523642,44,1,0.248423319,6500.0,7,0,0,0,3.0,1,1625.0
0.021827948,64,0,0.344083562,13115.0,8,0,2,0,1.0,0,6557.5
0.143481969,58,2,0.268836754,28600.0,13,0,5,0,1.0,2,14300.0
0.937042219,37,0,0.179018287,3116.0,9,0,0,0,5.0,0,519.3333333333334
0.009407727,75,0,0.414977245,2416.0,11,0,0,0,0.0,0,2416.0
0.066671947,46,0,0.232427366,5334.0,9,0,1,0,0.0,0,5334.0
0.0768101,50,0,0.243178411,3334.0,5,0,1,0,0.0,0,3334.0
0.145665068,60,0,0.36231378,8591.0,7,0,3,0,0.0,0,8591.0
0.00075213,51,0,1.743.914.981,2916.0,14,0,2,0,3.0,0,729.0
0.9999999,47,0,0.326684505,4110.0,2,0,1,2,4.0,2,822.0
1.127.744.511,32,0,0.161953728,2333.0,2,1,0,0,1.0,1,1166.5
0.565783209,46,0,0.093370251,6500.0,3,0,0,0,2.0,0,2166.6666666666665
0.019827365,32,0,0.558307152,5410.0,9,0,1,0,1.0,0,2705.0
0.269736077,50,0,0.976809276,2500.0,9,0,1,0,2.0,0,833.3333333333334
0.605219739,53,0,0.420686658,2300.0,6,0,1,0,0.0,0,2300.0
0.179752096,39,0,0.89809336,6083.0,21,0,2,0,2.0,0,2027.6666666666667
0.373146485,70,0,0.334612924,6251.0,9,0,1,0,0.0,0,6251.0
0.385822415,69,0,0.312691501,6200.0,7,0,0,0,1.0,0,3100.0
0.9999999,59,3,0.279620063,6000.0,2,1,2,1,0.0,5,6000.0
0.005792933,56,2,0.0928009,5333.0,16,0,0,1,1.0,3,2666.5
0.31750943,62,0,0.744654669,6500.0,20,0,1,0,0.0,0,6500.0
0.566083341,54,0,0.590979782,4500.0,20,0,2,0,1.0,0,2250.0
0.994300142,47,0,0.1020705,11687.0,2,0,0,0,0.0,0,11687.0
0.806387226,23,0,0.005847953,2222.0,3,0,0,0,0.0,0,2222.0
0,49,0,0.927870461,2037.0,7,0,1,1,1.0,1,1018.5
0.030781259,54,0,0.055487255,12200.0,3,0,1,0,2.0,0,4066.6666666666665
0.009536154,60,0,0.140571886,5000.0,7,1,1,0,0.0,1,5000.0
0,70,0,2.776.353.276,701.0,15,0,1,0,0.0,0,701.0
1.034.987.504,22,0,0.066633014,1980.0,2,0,0,0,0.0,0,1980.0
0.2592046,62,1,0.30554374,7052.0,16,0,1,0,1.0,1,3526.0
0.152133465,49,0,0.296296296,7802.0,22,0,0,0,1.0,0,3901.0
0.019226474,83,0,0.007354631,4350.0,4,0,0,0,0.0,0,4350.0
0.042837823,75,0,0.473276991,8400.0,17,0,2,0,0.0,0,8400.0
0.917908209,58,1,0.224159147,4875.0,8,0,0,0,1.0,1,2437.5
0.067586655,50,0,0.507145195,9166.0,10,0,2,0,0.0,0,9166.0
0.062201543,44,0,0.268910363,3000.0,8,0,1,0,0.0,0,3000.0
0.521478521,26,1,0.005861665,2558.0,1,0,0,1,1.0,2,1279.0
0.409795102,38,0,0.312853989,10416.0,10,0,2,0,3.0,0,2604.0
0.046290469,74,0,2.091.383.812,765.0,4,0,1,0,0.0,0,765.0
0.448211241,45,0,0.383282229,7500.0,11,0,1,0,3.0,0,1875.0
0.130260872,69,0,0.017798813,15000.0,7,0,0,0,0.0,0,15000.0
0.648590022,48,1,0.665508351,8920.0,11,0,3,0,1.0,1,4460.0
0.050394961,53,0,0.42284264,5909.0,4,0,2,0,3.0,0,1477.25
0.036664173,76,0,0.002959127,5406.0,3,0,0,0,0.0,0,5406.0
0.890125989,46,0,0.252974703,10000.0,3,0,2,0,3.0,0,2500.0
0.558688262,63,0,0.689177337,5700.0,11,0,1,0,0.0,0,5700.0
0.79934201,39,3,0.530069107,6800.0,10,0,1,0,2.0,3,2266.6666666666665
0.023946108,88,0,0.006496752,2000.0,4,0,0,0,0.0,0,2000.0
0.055041737,64,0,0.319678127,4100.0,5,0,1,0,0.0,0,4100.0
0.099151304,45,0,0.143570537,800.0,3,0,0,0,2.0,0,266.6666666666667
0.454177707,69,0,0.316264522,11189.0,10,0,1,0,1.0,0,5594.5
0.140151599,47,0,0.566086783,5000.0,10,0,2,0,2.0,0,1666.6666666666667
0.173629018,45,0,0.187770229,6475.0,7,0,2,0,2.0,0,2158.3333333333335
0.211802497,31,0,0.139676393,7230.0,6,0,0,0,0.0,0,7230.0
0.474809909,59,0,0.783321668,10000.0,19,0,3,0,1.0,0,5000.0
0.013151239,64,0,0.061310782,3310.0,6,0,0,0,0.0,0,3310.0
0.9999999,29,0,0,1752.0,0,0,0,0,5.0,0,292.0
0.232517832,49,0,0.684071575,3408.0,4,0,2,0,0.0,0,3408.0
0.001821682,65,0,0.153803688,9056.0,14,0,1,0,1.0,0,4528.0
0.013554592,54,0,0.308548092,7100.0,8,0,2,0,3.0,0,1775.0
0.580141316,50,0,2.994.673.768,750.0,9,1,2,0,0.0,1,750.0
0,29,0,0.067471887,2400.0,3,0,0,0,0.0,0,2400.0
0.025314524,63,0,0.042182082,19320.0,17,0,1,0,0.0,0,19320.0
0.034470611,44,0,0.494643622,7000.0,6,0,2,0,5.0,0,1166.6666666666667
0.490876087,46,0,0.0968609,31250.0,5,0,2,0,0.0,0,31250.0
0.640669916,71,0,0.387884554,3152.0,10,0,1,0,0.0,0,3152.0
0.244638086,45,1,0.262105414,7000.0,11,0,2,0,2.0,1,2333.3333333333335
0.206978533,32,0,0.304936579,5833.0,7,0,1,0,0.0,0,5833.0
0,31,0,1.029.591.837,1959.0,7,0,1,0,0.0,0,1959.0
0.035123446,57,0,0.162064282,8835.0,17,0,2,0,1.0,0,4417.5
0.144743782,64,0,0.216578286,7165.0,7,0,2,0,0.0,0,7165.0
0.9999999,31,0,0.112401649,2668.0,1,0,0,0,0.0,0,2668.0
0,51,0,0.016841382,5818.0,5,0,0,0,3.0,0,1454.5
0.222446086,34,0,0.162852699,4500.0,6,0,0,0,1.0,0,2250.0
0.063784966,49,0,"1,032638889",9999.0,9,0,1,0,0.0,0,9999.0
0.098543781,36,0,0.315557926,7500.0,10,0,2,0,3.0,0,1875.0
0.022884496,57,0,0.175063972,11332.0,6,1,1,0,0.0,1,11332.0
0,61,0,2.701.622.971,800.0,4,0,1,0,0.0,0,800.0
0.132893921,58,0,0.259943491,4600.0,6,0,1,0,0.0,0,4600.0
0.705687518,45,0,0.367766087,9883.0,10,0,1,0,2.0,0,3294.3333333333335
0.043701799,26,0,0.001850995,2160.0,3,0,0,0,0.0,0,2160.0
0.251741896,29,0,0.448979592,1812.0,3,0,0,0,0.0,0,1812.0
0.155012545,49,0,0.321617616,4722.0,6,0,1,0,0.0,0,4722.0
0.031798937,73,0,0.46090535,1700.0,7,0,1,0,0.0,0,1700.0
0.970199,55,1,0.149849919,4330.0,5,2,0,0,0.0,3,4330.0
0,36,0,0.052934949,8500.0,6,0,0,0,0.0,0,8500.0
0.029002305,47,0,0.50743657,8000.0,14,0,2,0,3.0,0,2000.0
0.029119305,52,0,0.304283205,7400.0,14,0,2,0,0.0,0,7400.0
0.135519155,52,0,0.448392555,6500.0,14,0,2,0,1.0,0,3250.0
0,56,0,0,3333.0,9,1,0,0,0.0,1,3333.0
0.987001444,33,0,0.103992572,3230.0,3,0,0,0,2.0,0,1076.6666666666667
0.22005693,41,0,0.162268389,3561.0,12,0,0,0,1.0,0,1780.5
0.254256291,91,2,0.519274036,6666.0,18,0,0,0,0.0,2,6666.0
0.035788397,89,0,39,0.0,6,0,0,0,0.0,0,0.0
0.989650259,40,1,0.485585736,6000.0,9,0,0,0,0.0,1,6000.0
0.959475566,50,0,0.452721375,8322.0,11,0,2,0,3.0,0,2080.5
0.07838999,79,0,0.490412813,4432.0,13,0,2,0,0.0,0,4432.0
0.882614331,34,0,0.130872483,3575.0,3,0,0,0,3.0,0,893.75
0.042382315,47,0,0.41632296,8000.0,17,0,2,0,2.0,0,2666.6666666666665
0.958328788,48,2,774.810.949,9388.0,18,0,2,0,2.0,2,3129.3333333333335
0.259109179,62,1,0.845055337,2800.0,6,0,1,0,0.0,1,2800.0
0.232637336,69,0,0.337211416,5500.0,11,0,2,0,0.0,0,5500.0
0.59170526,59,0,0.413179705,4946.0,9,0,1,0,2.0,0,1648.6666666666667
0.212121212,67,1,0.514780101,1386.0,15,0,0,0,0.0,1,1386.0
0.169201621,59,0,0.207958792,9900.0,9,0,2,0,1.0,0,4950.0
0.031537806,56,0,0.252974703,10000.0,5,0,1,0,2.0,0,3333.3333333333335
0.174751171,41,1,0.194450197,4828.0,7,0,0,0,2.0,1,1609.3333333333333
0.038775666,53,0,0.369623144,2626.0,11,0,1,1,0.0,1,2626.0
0,55,0,0.0039996,10000.0,3,1,0,0,0.0,1,10000.0
0.004527113,74,0,0.14509587,5423.0,3,0,1,0,0.0,0,5423.0
0.054184471,87,0,0.0109978,5000.0,7,0,0,0,1.0,0,2500.0
0,25,0,0.094154395,2240.0,3,0,0,0,0.0,0,2240.0
0.061112054,43,0,0.16252596,13000.0,6,0,2,0,2.0,0,4333.333333333333
0.122019044,54,0,0.048780488,9142.0,6,0,0,0,2.0,0,3047.3333333333335
0.774580602,33,0,0.225078549,3500.0,5,1,0,1,0.0,2,3500.0
0.103744813,34,0,0.152474588,6000.0,7,0,0,0,0.0,0,6000.0
0.358497107,58,0,0.290683727,2500.0,15,0,0,0,0.0,0,2500.0
0.871409767,53,1,0.758483563,11315.0,31,0,4,0,0.0,1,11315.0
0.218957249,46,0,0.276340457,2666.0,5,1,0,0,3.0,1,666.5
0.104910484,40,0,0.447290432,9447.0,9,0,2,0,0.0,0,9447.0
0.278938053,51,2,0.5496875,3199.0,16,0,2,0,1.0,2,1599.5
0.831492914,50,1,0.504175824,6824.0,16,0,1,0,2.0,1,2274.6666666666665
0.392754088,53,0,0.384852675,9400.0,9,0,1,0,1.0,0,4700.0
0.244084646,45,0,0.51508082,6000.0,9,0,2,0,1.0,0,3000.0
0.053789394,47,0,0.614616871,3105.0,9,0,1,0,0.0,0,3105.0
0.758324074,28,0,0.174117647,4674.0,6,0,0,0,0.0,0,4674.0
0.749379653,48,0,0.252682036,4380.0,10,1,0,0,0.0,1,4380.0
0.068455034,48,0,0.029184038,10073.0,3,0,0,0,1.0,0,5036.5
0.661679913,48,0,0.767852878,4186.0,8,0,2,0,3.0,0,1046.5
0.296113116,57,0,0.445092485,6000.0,10,0,2,0,0.0,0,6000.0
0.012058587,74,0,0.020989505,2000.0,3,0,0,0,0.0,0,2000.0
0.899131559,51,0,0.581482347,8553.0,19,0,1,0,2.0,0,2851.0
0.043815357,64,2,0.05695596,24000.0,9,0,1,0,0.0,2,24000.0
0.303068396,54,0,0.452109578,5000.0,4,0,2,0,0.0,0,5000.0
0.015182671,61,0,0.175134031,3916.0,5,0,0,0,0.0,0,3916.0
0.003620496,54,0,0.982481401,4166.0,18,0,2,0,3.0,0,1041.5
0.123991143,42,0,0.322534197,12500.0,6,0,2,0,1.0,0,6250.0
0.035261096,40,1,0.507873032,4000.0,12,0,1,0,2.0,1,1333.3333333333333
0.498678825,33,0,0.122288879,4333.0,4,0,0,0,1.0,0,2166.5
0.092792046,31,0,0.205069873,3076.0,7,0,0,0,0.0,0,3076.0
0.176227723,58,0,0.511597699,5388.0,22,0,2,0,0.0,0,5388.0
0.019529497,66,0,0.191518943,8630.0,14,0,1,0,1.0,0,4315.0
0.02991811,86,0,0.090502238,2010.0,5,0,0,0,0.0,0,2010.0
0,50,0,0.112699122,6716.0,5,0,0,0,1.0,0,3358.0
0.57790858,61,0,0.36794539,10400.0,13,0,2,0,0.0,0,10400.0
0,83,0,0.211723192,5100.0,10,0,1,0,0.0,0,5100.0
0,42,0,0.463494032,6450.0,19,0,2,0,2.0,0,2150.0
0.013239932,41,0,0.46293007,15200.0,30,0,3,0,0.0,0,15200.0
0.029522056,80,0,0.081487946,9166.0,7,0,0,0,0.0,0,9166.0
0.9999999,32,0,0.711605585,4583.0,4,0,1,0,1.0,0,2291.5
1.086.529.722,36,2,0.277455188,3960.0,7,3,0,1,2.0,6,1320.0
0.99040192,71,0,0.102442334,1473.0,3,0,0,0,1.0,0,736.5
0.010029429,74,0,0.134178801,6386.0,12,0,1,0,0.0,0,6386.0
0.04400128,44,0,0.418643362,4805.0,15,0,2,0,0.0,0,4805.0
0.986236104,47,0,0.621913829,6196.0,8,0,1,0,0.0,0,6196.0
0,52,0,0,5200.0,1,0,0,0,0.0,0,5200.0
0.071046484,62,0,0.188596491,12083.0,8,0,2,0,1.0,0,6041.5
0.155384535,57,2,0.254920337,2133.0,12,0,1,0,0.0,2,2133.0
0.240644775,48,0,0.328473945,3223.0,9,0,1,0,1.0,0,1611.5
14.023.145,46,2,0.277957237,6500.0,8,2,0,0,1.0,4,3250.0
0.9999999,39,0,0.033983008,2000.0,3,0,0,0,0.0,0,2000.0
0.116254314,42,0,0.33196614,11458.0,6,0,2,0,1.0,0,5729.0
0.9999999,48,0,1.152.802.571,2800.0,6,0,2,0,2.0,0,933.3333333333334
0.353152913,37,0,0.614278197,5700.0,7,0,1,0,0.0,0,5700.0
0.020681872,72,0,0.011594203,2759.0,4,0,0,0,0.0,0,2759.0
0.457227461,51,0,0.705147059,5439.0,11,0,2,0,4.0,0,1087.8
0.9999999,55,1,0.307199647,9055.0,5,0,2,0,2.0,1,3018.3333333333335
0.85085551,56,0,0.603393778,6010.0,17,0,2,0,1.0,0,3005.0
0.614465863,61,0,0.397444519,2973.0,7,0,0,0,2.0,0,991.0
0.164561045,48,1,0.238073182,6476.0,11,0,1,0,3.0,1,1619.0
0.371959178,62,0,0.464568298,11500.0,18,0,4,0,1.0,0,5750.0
0.069528956,36,0,0.381011868,1600.0,5,0,0,0,2.0,0,533.3333333333334
0.034553491,59,1,0.004475764,10500.0,8,0,0,0,0.0,1,10500.0
0.279524497,49,1,0.635662898,3891.0,5,0,2,0,2.0,1,1297.0
0.427722246,62,0,1.172.317.567,7166.0,32,0,9,0,0.0,0,7166.0
0.000307686,59,0,0,9678.0,5,0,0,0,0.0,0,9678.0
0.016999638,63,0,0.00244198,218674.0,3,0,1,0,0.0,0,218674.0
0.99110089,39,0,0.129470939,5367.0,2,0,0,0,1.0,0,2683.5
0.38485606,38,0,0.322389626,13340.0,6,0,1,0,2.0,0,4446.666666666667
0.244851998,68,0,0.515521451,2866.0,17,0,1,0,2.0,0,955.3333333333334
0.344692425,34,0,0.788642272,5000.0,7,0,2,0,0.0,0,5000.0
0.225162497,38,0,1.191.766.653,4833.0,12,0,2,0,0.0,0,4833.0
0.076642216,49,0,0.091817943,3800.0,5,0,0,0,2.0,0,1266.6666666666667
0.302123263,68,0,0.041765755,6727.0,3,0,0,0,0.0,0,6727.0
0.176734341,65,0,0.840204305,5481.0,14,0,3,0,0.0,0,5481.0
0.9999999,60,0,0.008296107,3133.0,0,0,0,0,0.0,0,3133.0
0.053266272,58,0,0.174106241,4950.0,9,0,0,0,0.0,0,4950.0
0.507894488,32,0,0.814786585,2623.0,3,0,1,0,0.0,0,2623.0
0.004506936,55,0,0.701322557,5443.0,12,0,3,0,0.0,0,5443.0
0,37,0,0.519346823,8450.0,10,0,1,0,1.0,0,4225.0
0.148893012,64,0,0.213464863,9832.0,8,0,1,0,0.0,0,9832.0
0.59331291,41,0,0.419980801,14583.0,19,0,2,0,2.0,0,4861.0
0.826574825,65,0,0.729480737,3581.0,5,0,2,0,0.0,0,3581.0
0.034326649,61,0,0.265534129,6533.0,7,0,2,0,0.0,0,6533.0
0.108175374,43,0,0.410417675,6200.0,6,0,1,0,0.0,0,6200.0
0.820598007,36,0,0.209083119,3500.0,6,0,0,0,5.0,0,583.3333333333334
0.014523118,60,1,0.23838093,12500.0,8,0,2,0,0.0,1,12500.0
0.181347045,54,0,12.015,5999.0,17,0,5,0,1.0,0,2999.5
0.166415528,48,0,0.382482336,7500.0,12,0,1,0,1.0,0,3750.0
0.113336885,74,0,0.509168256,6816.0,18,0,2,0,1.0,0,3408.0
0.102549719,56,0,0.429591432,10083.0,25,0,4,0,0.0,0,10083.0
0.088463938,52,0,0.510354171,5166.0,8,0,1,0,0.0,0,5166.0
0.041889324,70,0,0.028598894,4160.0,7,0,0,0,0.0,0,4160.0
0.177265721,38,0,0.586126052,7250.0,5,0,1,0,0.0,0,7250.0
0.029667833,45,0,0.237776222,10000.0,6,0,2,0,2.0,0,3333.3333333333335
0.159978419,54,1,0.653079231,11333.0,23,0,2,0,0.0,1,11333.0
0.274523138,44,0,0.353637197,12000.0,11,0,1,0,2.0,0,4000.0
0.161676647,27,0,0.025706941,3500.0,7,0,0,0,0.0,0,3500.0
0.217740829,41,1,0.035901343,10500.0,4,0,0,0,0.0,1,10500.0
0.714483501,50,0,0.3361002,13492.0,12,0,2,0,0.0,0,13492.0
0.473188162,63,0,0.670599003,9832.0,18,0,4,0,0.0,0,9832.0
0.471283185,43,1,0.789190401,8917.0,10,0,3,0,2.0,1,2972.3333333333335
0.832064538,45,0,0.319839411,8966.0,9,0,1,0,3.0,0,2241.5
0.485002307,32,0,0.023494126,4000.0,1,0,0,0,0.0,0,4000.0
0.000291655,71,0,0.007782101,3083.0,6,0,0,0,0.0,0,3083.0
0.369609902,43,0,0.266381003,5600.0,11,0,0,0,6.0,0,800.0
0.9999999,71,0,0.045590882,5000.0,3,0,0,0,0.0,0,5000.0
0.411473651,53,0,0.401695468,9200.0,17,0,2,0,0.0,0,9200.0
0.138962198,66,0,0.36075407,3500.0,12,0,1,0,0.0,0,3500.0
0.052464416,32,0,0.438771095,2310.0,6,0,1,0,0.0,0,2310.0
0.605333093,64,3,0.01928846,45000.0,11,1,1,0,0.0,4,45000.0
0.992403039,22,0,0.029588165,2500.0,1,0,0,0,0.0,0,2500.0
0.095452274,27,0,0.160313502,2806.0,3,0,0,0,0.0,0,2806.0
0.254266506,53,3,0.581944865,3300.0,6,0,1,1,0.0,4,3300.0
0.253186946,56,0,0.720537617,6100.0,11,0,2,0,0.0,0,6100.0
0.261340087,46,0,0.32736804,11063.0,9,0,1,0,2.0,0,3687.6666666666665
0.070744105,35,0,0.057756696,3583.0,5,0,0,0,0.0,0,3583.0
0.145170966,24,0,0.102056216,5300.0,5,0,0,1,0.0,1,5300.0
0.89432395,28,0,215,0.0,4,0,0,0,0.0,0,0.0
1.235.880.399,38,1,0.036304962,2478.0,3,1,0,0,4.0,2,495.6
0.079076532,71,0,0.00497086,5833.0,6,0,0,0,0.0,0,5833.0
0.183979933,47,0,0.398360164,10000.0,33,0,3,0,1.0,0,5000.0
0,66,0,0.151525659,2883.0,2,0,0,0,0.0,0,2883.0
0.011598454,52,0,0.000392696,5092.0,2,0,0,0,0.0,0,5092.0
0.004826585,83,0,0.005597761,2500.0,10,0,0,0,0.0,0,2500.0
0.098369538,32,1,0.272183293,12700.0,12,0,1,1,1.0,2,6350.0
0.009605038,37,0,0.211744777,7083.0,13,0,1,0,3.0,0,1770.75
0.008422753,33,0,0.170414793,2000.0,6,0,0,0,0.0,0,2000.0
0.193173959,49,1,0.105931547,6456.0,9,0,0,0,1.0,1,3228.0
0.964119271,46,6,0.52173913,2000.0,14,0,0,0,1.0,6,1000.0
0.047732697,64,0,0.419150163,5200.0,18,0,2,0,0.0,0,5200.0
0.164062633,42,1,0.281372659,8916.0,12,0,2,0,3.0,1,2229.0
0.29530045,74,0,0.662710806,1600.0,13,0,0,0,0.0,0,1600.0
0.063371039,75,0,0.007141157,4200.0,2,0,0,0,0.0,0,4200.0
0.037307405,55,0,0.222627334,9050.0,14,0,1,0,2.0,0,3016.6666666666665
1.011.094.718,44,1,0.361070129,10166.0,7,0,1,1,2.0,2,3388.6666666666665
0.052150677,42,0,0.211462661,18773.0,9,0,1,0,3.0,0,4693.25
0.684937866,52,2,0.99660068,5000.0,19,0,3,0,0.0,2,5000.0
0.354329134,50,0,0.352866444,6296.0,7,0,1,0,2.0,0,2098.6666666666665
0.019044409,65,0,0.787996128,3098.0,12,0,2,0,1.0,0,1549.0
0.061046948,73,0,0.003769239,9550.0,5,0,0,0,0.0,0,9550.0
0.023687007,66,1,0.262245918,3000.0,8,0,1,0,0.0,1,3000.0
0.256193756,57,0,0.146239554,5025.0,8,0,1,0,2.0,0,1675.0
0.014101219,31,0,0.009196321,2500.0,10,0,0,0,0.0,0,2500.0
0.026468809,61,0,0.331796601,14532.0,8,0,1,0,0.0,0,14532.0
0.783123095,74,0,0.351069665,14583.0,10,0,2,0,0.0,0,14583.0
0.026966367,37,0,0.088892929,5500.0,9,0,0,0,1.0,0,2750.0
0.251027357,54,1,0.098431921,6440.0,20,0,1,0,1.0,1,3220.0
0.055247238,51,1,0.253116459,15000.0,6,0,1,0,1.0,1,7500.0
0.033372914,61,0,0.009626955,1661.0,5,0,0,0,0.0,0,1661.0
0.16464956,42,0,0.541576404,6000.0,12,0,2,0,3.0,0,1500.0
0.615627604,47,0,0.347944329,6250.0,6,0,1,0,4.0,0,1250.0
0.004342609,57,0,0.564849624,2127.0,3,0,1,0,0.0,0,2127.0
0.327645051,55,0,0.347949389,4583.0,10,0,2,0,0.0,0,4583.0
0.231153769,32,0,0.500749875,6000.0,5,0,2,0,0.0,0,6000.0
0,47,0,0.230168555,10500.0,4,0,1,0,1.0,0,5250.0
0.093116252,41,0,0.416512403,2700.0,8,0,1,0,2.0,0,900.0
0.9999999,52,0,0,5049.0,1,0,0,0,2.0,0,1683.0
0.29403922,26,0,0.085582883,5000.0,9,0,0,0,0.0,0,5000.0
0.007967481,59,0,0.002806771,11400.0,23,0,0,0,2.0,0,3800.0
0.028464785,66,1,0.269028871,7619.0,16,0,1,0,0.0,1,7619.0
0.312035914,58,1,0.172608845,5833.0,9,0,0,0,1.0,1,2916.5
0.035476637,53,0,0.510311211,2666.0,8,0,1,0,0.0,0,2666.0
0.656715909,57,2,0.388427652,11803.0,10,0,2,2,0.0,4,11803.0
0.040869891,50,2,25.063.038,11500.0,10,0,2,0,2.0,2,3833.3333333333335
0.025878965,46,0,0.01416943,3316.0,5,0,0,0,1.0,0,1658.0
0,74,0,0.049868766,8000.0,5,0,0,0,0.0,0,8000.0
0.061509663,67,0,0.428081703,7000.0,6,0,1,0,0.0,0,7000.0
0.9999999,45,0,0.046220772,11033.0,7,1,0,0,0.0,1,11033.0
0.022569816,49,0,0.179319372,4583.0,6,0,1,0,0.0,0,4583.0
0,81,0,0,3522.0,4,0,0,0,1.0,0,1761.0
0.112767601,61,2,0.48980204,3333.0,11,0,2,0,0.0,2,3333.0
0.499143282,68,0,0.498077245,5980.0,11,0,2,0,0.0,0,5980.0
0.146961773,72,0,0.016706444,9636.0,16,0,0,0,0.0,0,9636.0
0.821720764,43,4,0.479845211,3100.0,5,0,1,0,1.0,4,1550.0
0.73985203,52,0,0.145133573,6400.0,3,0,0,0,2.0,0,2133.3333333333335
0.006315051,34,0,0.02999663,2966.0,5,0,0,0,1.0,0,1483.0
0.019133356,45,0,0.297945828,5500.0,11,0,1,0,5.0,0,916.6666666666666
0.304513709,48,0,0.098655494,68500.0,9,0,4,0,3.0,0,17125.0
0.9999999,38,1,0.538213862,5900.0,4,0,2,0,2.0,1,1966.6666666666667
0,24,0,35,0.0,3,0,0,0,0.0,0,0.0
0.032331178,48,0,0.118813531,6000.0,2,0,1,0,0.0,0,6000.0
0.409628228,46,0,0.208798534,6000.0,11,0,0,0,0.0,0,6000.0
0.435573474,54,0,0.792882847,2500.0,10,0,1,0,2.0,0,833.3333333333334
0.084760352,46,0,0.184974815,9330.0,7,0,1,0,2.0,0,3110.0
0,41,0,0.432594588,8166.0,8,0,2,0,0.0,0,8166.0
0.886113886,47,2,0.20609825,7083.0,4,0,1,0,3.0,2,1770.75
0.310073096,43,0,385.05.00,1.0,6,0,0,0,3.0,0,0.25
0.542078132,41,0,0.606435194,5500.0,10,0,2,0,0.0,0,5500.0
0.220977264,62,0,0.059536172,26000.0,8,0,0,0,0.0,0,26000.0
0.566064995,52,1,0.962559694,5234.0,18,1,2,0,4.0,2,1046.8
0.017097369,65,0,13,0.0,3,0,0,0,0.0,0,0.0
0.9999999,27,1,0.433151432,1465.0,3,0,0,0,0.0,1,1465.0
0.552892114,54,0,0.848287928,4000.0,13,0,1,0,2.0,0,1333.3333333333333
0,46,1,0.623865281,7600.0,12,0,4,0,0.0,1,7600.0
0.043660805,59,0,0.3431911,7100.0,18,0,3,0,0.0,0,7100.0
0.038137409,28,0,0.007266122,1100.0,2,0,0,0,0.0,0,1100.0
0.013102508,35,0,0.255591376,9925.0,16,0,2,0,2.0,0,3308.3333333333335
0,57,0,0.367434387,5600.0,8,0,1,0,1.0,0,2800.0
0.9999999,28,0,0,1100.0,1,0,0,0,0.0,0,1100.0
0.16765584,37,0,0.53755166,7016.0,7,0,3,0,0.0,0,7016.0
0.9999999,28,1,0.144570502,3084.0,2,0,0,2,0.0,3,3084.0
0.34124008,44,0,0.271891244,2500.0,6,0,0,0,0.0,0,2500.0
0.835948967,34,1,0.180119691,6850.0,9,0,0,0,0.0,1,6850.0
0.024460786,58,0,0.305555556,13355.0,8,0,4,0,1.0,0,6677.5
0.011682642,72,0,0.006094702,2132.0,3,0,0,0,0.0,0,2132.0
0.9999999,51,0,0.401439424,2500.0,3,0,0,0,0.0,0,2500.0
0,65,0,0,8000.0,7,0,0,0,0.0,0,8000.0
0.050385471,78,0,0.062271898,8767.0,6,0,0,0,0.0,0,8767.0
0.057174228,48,0,0.449110178,5000.0,7,0,1,0,0.0,0,5000.0
0.046284061,55,0,0.396933844,6000.0,7,0,1,0,0.0,0,6000.0
0.263487015,59,0,0.46842193,6000.0,20,0,1,0,1.0,0,3000.0
0.9999999,45,0,0.032428927,9250.0,1,0,0,0,2.0,0,3083.3333333333335
0.540172991,40,0,0.349465053,10000.0,6,0,2,0,5.0,0,1666.6666666666667
0.9999999,50,0,0.232467713,7200.0,7,0,1,0,1.0,0,3600.0
0.590235033,51,0,0.492312569,6308.0,13,0,2,0,0.0,0,6308.0
0.983078225,42,0,0.884470118,4500.0,17,0,2,0,2.0,0,1500.0
0.67887658,65,0,0.279968892,9000.0,6,0,2,0,1.0,0,4500.0
0.026054108,31,0,0.112582781,5284.0,5,0,0,0,3.0,0,1321.0
0.001989617,46,0,0.09086899,6800.0,10,0,0,0,1.0,0,3400.0
0.044842704,72,0,0.088252259,5200.0,6,0,0,0,1.0,0,2600.0
0.504922471,25,0,0.064374543,4100.0,8,0,0,0,0.0,0,4100.0
0.079095316,80,0,0.46406179,11004.0,15,0,3,0,0.0,0,11004.0
0.896269602,61,2,0.415224913,6068.0,14,0,1,0,0.0,2,6068.0
0.051782016,53,0,0.009349955,2245.0,3,0,0,0,0.0,0,2245.0
0.592816735,50,0,0.242502777,2700.0,6,0,0,0,0.0,0,2700.0
0.009999375,60,0,0.05645447,33867.0,4,0,1,0,0.0,0,33867.0
0.788211262,39,2,0.521765882,6500.0,13,0,1,0,0.0,2,6500.0
0.007153296,64,1,1.129.971.745,4600.0,5,0,1,0,1.0,1,2300.0
0.153868113,55,0,0.265108072,4533.0,16,0,0,0,0.0,0,4533.0
0.424732604,60,0,0.434960458,11000.0,9,1,3,0,1.0,1,5500.0
0.245864402,30,0,0.721437423,4034.0,6,0,1,0,5.0,0,672.3333333333334
0.007125931,59,0,0.10723759,5277.0,11,0,1,0,0.0,0,5277.0
0.808496455,56,0,0.515324421,6133.0,15,0,2,0,4.0,0,1226.6
0.113918196,70,0,0.361475228,4500.0,11,0,1,0,0.0,0,4500.0
0.934538466,51,0,0.454654415,7508.0,11,0,1,1,3.0,1,1877.0
0.9999999,32,0,0.335733141,8333.0,5,0,1,0,0.0,0,8333.0
0.019844275,82,0,0.009196812,3261.0,4,0,0,0,0.0,0,3261.0
9.52E-05,28,0,0.126994257,4700.0,8,0,1,0,2.0,0,1566.6666666666667
0.358912149,65,0,0.642908224,12584.0,12,0,7,0,2.0,0,4194.666666666667
0.054443364,49,0,0.138377641,4400.0,11,0,1,0,3.0,0,1100.0
0.094099109,60,0,0.644794235,5272.0,11,1,1,0,0.0,1,5272.0
0.98372526,32,0,0.138609225,4270.0,7,0,0,0,0.0,0,4270.0
0.510661541,52,0,0.397742965,21000.0,8,0,1,0,2.0,0,7000.0
0.345379967,46,0,2525,0.0,7,0,1,0,4.0,0,0.0
0.697175843,33,0,0.32337413,8333.0,11,0,0,0,3.0,0,2083.25
0.830042489,41,1,0.405998696,4600.0,7,0,1,1,2.0,2,1533.3333333333333
0.9999999,26,2,0.080427892,5047.0,1,2,0,0,0.0,4,5047.0
0.662266209,50,0,0.515053546,4948.0,10,0,1,0,0.0,0,4948.0
0.063354932,63,1,0.21143763,8200.0,7,0,1,0,0.0,1,8200.0
0.833219723,33,0,0.236428009,2541.0,4,1,0,0,4.0,1,508.2
0.261381668,60,0,0.813569682,6543.0,19,0,2,0,0.0,0,6543.0
0.015309781,85,0,0.008437991,10191.0,7,0,0,0,0.0,0,10191.0
0.029098113,80,1,0.207511737,4259.0,12,0,1,0,0.0,1,4259.0
0.326252635,48,0,0.42686101,1920.0,9,0,0,0,2.0,0,640.0
0.022160964,83,0,0.004435245,3381.0,4,0,0,0,0.0,0,3381.0
0.357191727,29,1,0.131552635,7000.0,5,0,0,0,2.0,1,2333.3333333333335
0.160454971,45,0,0.979272506,4920.0,14,0,2,0,2.0,0,1640.0
0.061297957,57,0,0.281529556,5700.0,9,0,1,0,1.0,0,2850.0
0.049248075,53,0,0.519338159,4834.0,9,0,2,0,2.0,0,1611.3333333333333
0.139096165,44,0,0.56035991,4000.0,12,0,1,0,1.0,0,2000.0
0.190058574,61,0,0.267111567,5843.0,16,1,1,0,0.0,1,5843.0
0.007985295,65,0,0.001731435,10395.0,8,0,0,0,0.0,0,10395.0
0.02811245,56,0,0.024779504,16666.0,4,0,0,0,3.0,0,4166.5
0.677574559,41,0,0.590604027,8492.0,8,0,1,0,1.0,0,4246.0
0.44874205,32,0,0.080729637,5536.0,5,0,0,0,1.0,0,2768.0
0.902019596,30,0,0.328339576,800.0,6,0,0,0,0.0,0,800.0
0.106363403,56,0,0.332581067,8418.0,10,0,4,0,0.0,0,8418.0
0.651375915,48,1,0.297113526,15000.0,10,0,2,0,2.0,1,5000.0
0.452690992,32,0,0.261684579,4000.0,9,0,0,0,0.0,0,4000.0
0.947565543,31,0,0.366187303,2850.0,4,1,2,1,2.0,2,950.0
0.086103984,65,0,0.315865836,11716.0,14,0,2,0,1.0,0,5858.0
0.636822369,48,2,0.283316204,11675.0,13,0,2,0,1.0,2,5837.5
0.121264019,32,0,0.33302566,5416.0,9,0,1,0,1.0,0,2708.0
0.023899203,62,0,1.357.587.676,3050.0,10,0,3,0,0.0,0,3050.0
0.945091514,63,0,0.572636434,1300.0,4,1,0,1,0.0,2,1300.0
0.407947193,57,0,0.210526316,3400.0,7,0,0,0,2.0,0,1133.3333333333333
0.066286186,38,0,0.187007496,15608.0,20,0,1,0,0.0,0,15608.0
0.38563298,28,2,0.126919386,4167.0,5,0,0,0,1.0,2,2083.5
0.504608658,53,0,0.364060329,10077.0,10,0,1,0,2.0,0,3359.0
0.9999999,56,0,0,10517.0,1,0,0,0,0.0,0,10517.0
0.402633271,72,0,4.208,749.0,12,0,2,0,0.0,0,749.0
0,71,0,0,2026.0,9,0,0,0,0.0,0,2026.0
0.021316311,40,0,2070,0.0,6,0,1,0,0.0,0,0.0
0.117583134,59,0,0.535031847,1255.0,4,0,1,0,0.0,0,1255.0
0.033727331,58,0,0.19797916,6333.0,12,0,1,0,0.0,0,6333.0
0.128935532,24,0,0.008526188,820.0,1,0,0,0,0.0,0,820.0
0.067686442,31,0,0.086602671,9583.0,10,0,0,0,0.0,0,9583.0
0.044782425,27,0,76,0.0,2,0,0,0,0.0,0,0.0
0.048209605,50,0,0.340027178,6622.0,11,0,1,0,1.0,0,3311.0
0.9999999,29,0,0,820.0,1,0,0,0,0.0,0,820.0
0,76,0,0.014112903,1983.0,3,0,0,0,0.0,0,1983.0
0.790728371,61,0,0.433371226,7916.0,7,0,1,0,1.0,0,3958.0
0.121272366,38,1,0.38845318,10582.0,11,0,3,2,3.0,3,2645.5
0.0119994,55,0,0.190587684,17083.0,3,0,1,0,0.0,0,17083.0
0.046079493,64,0,0.305417358,3617.0,8,0,1,0,0.0,0,3617.0
0,21,0,0,800.0,1,0,0,0,0.0,0,800.0
0.389782263,66,0,0.294020754,6070.0,16,0,2,0,4.0,0,1214.0
0.035931061,64,0,0.205598134,6001.0,22,1,0,0,0.0,1,6001.0
0.012470952,59,0,0.283143371,1666.0,11,0,0,0,1.0,0,833.0
0.058580892,44,0,0.144407942,7000.0,5,0,1,0,1.0,0,3500.0
0.616368286,50,0,0.357859532,2989.0,4,0,0,0,0.0,0,2989.0
0.003568415,34,0,1.080.217.876,4038.0,16,0,3,0,0.0,0,4038.0
0.001775646,38,0,0.387280636,6666.0,4,0,2,0,0.0,0,6666.0
0.193410873,43,0,0.209643606,6200.0,8,0,1,0,4.0,0,1240.0
0.005669068,86,0,0.00119952,2500.0,3,0,0,0,2.0,0,833.3333333333334
1.040.519.317,65,2,0.299242965,7000.0,7,0,1,1,1.0,3,3500.0
0.019593638,50,1,0.401177647,9000.0,12,0,1,0,1.0,1,4500.0
0.081322967,38,0,0.300385659,7000.0,11,0,1,0,3.0,0,1750.0
0.113525765,55,0,0.446164926,2776.0,7,0,1,0,1.0,0,1388.0
0.376023546,49,0,0.28236642,9600.0,6,0,2,0,2.0,0,3200.0
0.900219956,28,0,0.065278758,2833.0,3,0,0,0,1.0,0,1416.5
0.343710778,43,0,0.226760444,11800.0,4,0,1,0,3.0,0,2950.0
0.07253419,62,0,0.221355729,5000.0,9,0,0,0,1.0,0,2500.0
0.022777272,50,0,0.257380457,7214.0,6,0,1,0,0.0,0,7214.0
0.791835349,55,0,0.645469696,11400.0,17,0,3,0,3.0,0,2850.0
0.431853979,55,0,0.23934028,15642.0,10,0,1,0,5.0,0,2607.0
0.287179355,45,0,0.038201216,8716.0,4,0,0,0,0.0,0,8716.0
0.044306154,32,0,185.313.569,4384.0,12,0,3,0,2.0,0,1461.3333333333333
0.016499175,79,0,0.122171946,5303.0,8,0,1,0,0.0,0,5303.0
0.950512744,34,0,0.327597917,4416.0,10,0,0,0,0.0,0,4416.0
0.023221362,77,0,0.254728878,3964.0,7,0,1,0,0.0,0,3964.0
0.049142381,36,0,0.319302387,7625.0,11,0,2,0,0.0,0,7625.0
0.021483774,56,0,0.299670969,3950.0,10,0,1,0,0.0,0,3950.0
0.374920026,54,1,0.426969032,4100.0,11,0,1,0,0.0,1,4100.0
0.610542743,30,1,0.264924265,3366.0,9,0,0,0,0.0,1,3366.0
0.004007341,66,0,0.388770317,6090.0,8,0,1,0,0.0,0,6090.0
0.256752068,44,0,0.743496208,10416.0,10,0,3,0,3.0,0,2604.0
0.558521287,50,0,0.211545973,12800.0,21,0,1,0,1.0,0,6400.0
0.22916973,32,0,0.201925255,8829.0,6,0,1,0,1.0,0,4414.5
0.025263387,62,0,0.088545573,20000.0,11,0,2,0,0.0,0,20000.0
0.458180606,30,0,0.34475864,3500.0,8,0,2,0,0.0,0,3500.0
0.9999999,25,0,0.279016141,1300.0,3,0,0,0,0.0,0,1300.0
0.072228172,54,0,0.464205817,9833.0,18,0,2,0,0.0,0,9833.0
0.008842964,90,0,0.003465742,3750.0,4,0,0,0,0.0,0,3750.0
0.446236918,53,0,0.700741696,3100.0,7,0,1,0,1.0,0,1550.0
0.000866416,66,0,0.005269762,7969.0,5,0,0,0,0.0,0,7969.0
0.347990782,50,0,0.374576124,11500.0,9,0,2,0,1.0,0,5750.0
0.385780711,60,0,0.179605231,20416.0,6,0,2,0,2.0,0,6805.333333333333
0.528313994,56,0,0.387071802,5166.0,7,0,2,0,2.0,0,1722.0
0.035598576,52,0,0.159447882,2100.0,6,0,0,0,1.0,0,1050.0
0.982952834,46,1,0.441945977,7070.0,8,0,1,1,0.0,2,7070.0
0.186222082,49,0,0.687273923,3040.0,11,0,1,0,2.0,0,1013.3333333333334
0.035977989,60,0,490,0.0,14,0,0,0,1.0,0,0.0
0.534306402,40,0,0.353733459,4231.0,8,0,1,0,0.0,0,4231.0
0.107253227,43,0,7.124.167.171,1650.0,11,0,0,0,1.0,0,825.0
0.418325293,63,0,0.183465323,8333.0,8,0,1,0,0.0,0,8333.0
0.108272387,40,0,997,1.0,12,1,1,0,1.0,1,0.5
0.031024849,59,0,0.098100039,2578.0,7,0,0,0,3.0,0,644.5
0.001797943,60,0,0.26918582,7700.0,12,0,1,0,0.0,0,7700.0
0.183080102,78,0,1.269.992.838,4188.0,16,0,2,0,0.0,0,4188.0
0,27,0,0.633373934,820.0,2,0,0,0,0.0,0,820.0
0.02955882,62,0,1029,0.0,8,0,2,0,0.0,0,0.0
1.106.893.107,28,0,0.59086189,962.0,5,0,0,0,0.0,0,962.0
0.373253493,53,0,352.529.669,1600.0,6,3,2,0,0.0,3,1600.0
0.9999999,46,0,0.107483619,8698.0,3,0,0,0,2.0,0,2899.3333333333335
0.442685597,59,0,0.518369932,4735.0,10,0,1,0,0.0,0,4735.0
0.154936901,41,0,0.642141286,12272.0,12,0,3,0,0.0,0,12272.0
0.837010254,51,0,0.478347146,8566.0,12,0,1,0,1.0,0,4283.0
0.123941991,43,0,0.224097637,3850.0,11,0,0,0,2.0,0,1283.3333333333333
0.534536637,58,0,0.447815259,8833.0,6,0,2,0,4.0,0,1766.6
0.012180203,64,0,0.004995005,1000.0,5,0,0,0,0.0,0,1000.0
0,57,0,0.235023041,11500.0,9,0,1,0,0.0,0,11500.0
0.543903306,53,0,0.114359415,4651.0,8,0,0,0,0.0,0,4651.0
0.387970719,48,0,0.30180439,8700.0,10,0,3,0,2.0,0,2900.0
0.083161638,64,0,0.457181389,1482.0,18,0,1,0,0.0,0,1482.0
0,33,0,0.078867381,6250.0,3,1,0,0,3.0,1,1562.5
0.300111388,28,0,0.153787005,2600.0,12,0,0,0,0.0,0,2600.0
0.177069956,70,0,0.111205227,8263.0,11,0,0,0,1.0,0,4131.5
0.002572265,40,0,0.533441208,3707.0,7,0,1,0,1.0,0,1853.5
0.9999999,63,2,0.614247032,4800.0,5,3,3,0,0.0,5,4800.0
0.888835991,45,1,0.250721015,5200.0,8,0,1,0,1.0,1,2600.0
1.034.786.086,25,0,0.077961019,2000.0,4,0,0,0,0.0,0,2000.0
0.094627126,58,0,0.048065369,4160.0,4,0,0,0,1.0,0,2080.0
0.011133086,37,0,0.068447197,15500.0,12,0,1,0,0.0,0,15500.0
0.106812581,33,0,0.540591567,4766.0,8,0,2,0,1.0,0,2383.0
0.292210951,58,1,0.683289779,13775.0,5,0,2,0,0.0,1,13775.0
0.238073108,48,0,0.269404643,13050.0,17,0,2,0,3.0,0,3262.5
0.006453161,72,0,0.447946099,4600.0,12,0,1,0,0.0,0,4600.0
0,31,0,0.050374928,5200.0,2,0,0,0,0.0,0,5200.0
0.212684734,70,1,1.203.265.456,5450.0,11,0,2,0,0.0,1,5450.0
0.242152064,33,0,0.306319344,12437.0,11,0,2,0,1.0,0,6218.5
0.110063947,75,0,0.369235662,9432.0,14,0,1,0,1.0,0,4716.0
0.07146001,54,1,0.393697606,9900.0,14,0,4,0,1.0,1,4950.0
0.9999999,30,1,0.284069098,3125.0,3,4,0,1,1.0,6,1562.5
0.083127791,52,0,0.007069163,5233.0,1,0,0,0,1.0,0,2616.5
0.053797848,32,0,0.42136473,11635.0,4,0,2,0,0.0,0,11635.0
0.411259909,47,0,0.180323468,14900.0,6,0,2,0,2.0,0,4966.666666666667
0.026828723,29,0,0.383452068,8000.0,14,0,1,0,0.0,0,8000.0
0.015517465,56,0,0.3739873,13700.0,16,0,2,0,2.0,0,4566.666666666667
0.021199058,62,0,0.002651515,5279.0,4,0,0,0,0.0,0,5279.0
0.072491165,55,0,0.25144978,4310.0,7,0,1,0,1.0,0,2155.0
0.004144601,48,0,0.248632965,8960.0,5,0,2,0,3.0,0,2240.0
0.00099211,60,0,0.162653112,12000.0,13,0,1,0,3.0,0,3000.0
0.193746942,48,0,0.427514497,5000.0,27,0,1,0,1.0,0,2500.0
0.040135057,75,0,0.52029245,6701.0,14,0,1,0,0.0,0,6701.0
0.288210109,65,0,0.074981255,4000.0,3,0,0,0,0.0,0,4000.0
0.007964001,60,0,0.001107624,5416.0,1,0,0,0,0.0,0,5416.0
0.002814287,68,0,0.000869943,2298.0,5,0,0,0,0.0,0,2298.0
0.893134859,26,0,0.203248646,2400.0,6,0,0,0,0.0,0,2400.0
0.149064255,31,0,0.342328836,2000.0,6,0,0,0,4.0,0,400.0
0.589924289,60,0,0.430851064,8083.0,4,0,2,0,0.0,0,8083.0
0.428110848,53,0,0.264492141,11833.0,13,0,1,0,1.0,0,5916.5
0.41743918,54,0,0.219658514,6500.0,8,0,0,0,1.0,0,3250.0
0.9999999,30,0,0.975510204,734.0,2,0,1,1,0.0,1,734.0
0.074616596,51,0,0.296167247,6600.0,13,0,1,0,0.0,0,6600.0
0.917739925,64,0,0.842792014,6360.0,20,0,1,0,0.0,0,6360.0
0.137689666,69,0,0.435291418,8715.0,11,0,3,0,0.0,0,8715.0
0.644072685,49,0,0.220924652,6250.0,9,0,2,0,3.0,0,1562.5
0.043601884,49,0,0.355685909,7500.0,6,0,1,0,3.0,0,1875.0
0.627712606,64,0,0.487323944,4969.0,8,0,2,0,0.0,0,4969.0
0.01412982,54,0,0.328315819,3520.0,5,0,1,0,0.0,0,3520.0
0.079074896,72,0,0.358452818,5997.0,7,0,1,0,0.0,0,5997.0
0.6679353,52,0,0.404119964,3300.0,4,0,1,1,2.0,1,1100.0
0.79241517,45,0,0.333333333,3833.0,2,0,1,0,4.0,0,766.6
0.271741258,55,2,0.952015995,3000.0,19,0,3,0,1.0,2,1500.0
0,64,1,0,4416.0,6,0,0,0,0.0,1,4416.0
0.045216856,54,0,278,0.0,2,0,0,0,0.0,0,0.0
0.146295123,50,0,0.749750083,3000.0,6,0,1,0,2.0,0,1000.0
0.185820092,63,0,0.100644968,13333.0,7,0,1,0,1.0,0,6666.5
0.102065855,64,0,0.310554686,5750.0,5,0,2,0,0.0,0,5750.0
0.67520117,31,0,0.403830142,1200.0,6,0,0,0,1.0,0,600.0
0.017132191,29,0,0.001999429,3500.0,3,0,0,0,0.0,0,3500.0
0.548221964,53,0,0.547001833,3818.0,9,0,1,0,0.0,0,3818.0
0.213039604,54,1,0.241675832,10000.0,17,0,2,0,0.0,1,10000.0
0.96190381,48,0,0.182207713,4900.0,3,0,0,0,1.0,0,2450.0
0,27,0,0.152602176,3400.0,4,0,0,0,1.0,0,1700.0
0.108203862,55,0,0.481061334,5200.0,16,0,2,0,0.0,0,5200.0
0.009248844,56,1,0.16795801,4000.0,4,0,1,0,0.0,1,4000.0
0,31,3,0.139286904,3000.0,5,0,0,0,1.0,3,1500.0
0.088174311,58,0,0.043446646,5500.0,18,0,0,0,0.0,0,5500.0
0.711618058,52,0,0.386506676,17000.0,11,0,2,0,7.0,0,2125.0
1.385.685.885,30,1,0.294789436,1400.0,5,0,0,2,0.0,3,1400.0
0.06031136,44,0,0.222110147,4956.0,5,0,1,0,3.0,0,1239.0
0.229569584,60,1,0.326499906,10633.0,15,0,2,0,0.0,1,10633.0
0.9999999,29,1,0.012496876,4000.0,1,0,0,0,1.0,1,2000.0
0.054374171,59,0,0.287040343,2800.0,15,0,1,0,0.0,0,2800.0
0.139507357,56,0,0.548977183,5083.0,14,0,2,0,1.0,0,2541.5
0.253462995,34,0,0.660067986,5000.0,8,0,1,0,2.0,0,1666.6666666666667
0.16230249,74,1,0.272202999,1733.0,7,0,0,0,0.0,1,1733.0
0.028361797,47,1,0.219501672,9270.0,48,0,1,0,1.0,1,4635.0
0.001178258,52,2,0.25408437,4100.0,7,0,1,1,0.0,3,4100.0
0.002735043,46,2,0.168187744,2300.0,5,0,0,0,0.0,2,2300.0
0.281053686,55,0,0.403704483,4750.0,14,0,1,0,2.0,0,1583.3333333333333
0.016675574,68,0,1.805.205.709,1190.0,15,0,1,0,0.0,0,1190.0
0.285818136,29,1,0.092903668,2916.0,6,0,0,0,0.0,1,2916.0
0.000401683,79,0,0.115395601,3500.0,8,0,0,0,0.0,0,3500.0
0.330409128,28,0,0.373750543,2300.0,8,0,0,0,0.0,0,2300.0
0.86155976,59,0,0.116463737,5666.0,4,0,0,0,1.0,0,2833.0
0.155745559,31,2,0.745442269,1480.0,11,0,0,0,0.0,2,1480.0
0.001272694,46,0,0.280539367,8750.0,6,0,1,0,0.0,0,8750.0
0.458479165,60,0,0.367129922,9497.0,9,0,1,0,0.0,0,9497.0
0.734093756,49,0,0.813046738,4000.0,11,0,3,0,2.0,0,1333.3333333333333
0.149642086,74,0,0.089982004,5000.0,4,0,0,0,0.0,0,5000.0
0.104017568,49,0,0.110598369,6500.0,4,0,0,0,2.0,0,2166.6666666666665
0.294775576,50,0,0.451969191,13761.0,17,0,5,0,1.0,0,6880.5
0.676381191,68,0,0.45077636,12300.0,21,0,3,0,0.0,0,12300.0
0.434665154,44,0,0.54870732,9166.0,11,0,2,0,1.0,0,4583.0
0.270993145,69,1,0.341396058,10500.0,18,0,1,0,0.0,1,10500.0
0.111521037,58,0,0.089233347,7160.0,13,0,2,0,0.0,0,7160.0
0.235485554,37,0,0.403412878,7500.0,20,0,1,0,1.0,0,3750.0
0.282276753,36,0,0.1753122,4163.0,7,0,0,1,1.0,1,2081.5
0.887594847,54,0,0.334718471,9625.0,6,0,1,0,0.0,0,9625.0
0.013705153,55,0,0.617232659,5535.0,10,0,3,0,0.0,0,5535.0
0.359205032,61,0,0.456389732,7245.0,11,0,1,0,1.0,0,3622.5
0.00039996,39,0,0.560632283,8666.0,6,0,2,0,0.0,0,8666.0
0.9999999,23,0,0,3000.0,0,0,0,0,0.0,0,3000.0
0.017390961,91,0,0.004642028,5600.0,2,0,0,0,1.0,0,2800.0
0.007011146,51,0,3404,1.0,8,0,1,0,3.0,0,0.25
0.214749122,51,0,0.083983203,5000.0,7,0,0,0,0.0,0,5000.0
0.009965174,36,0,0.199746755,3158.0,4,0,0,0,1.0,0,1579.0
0.105942764,42,0,0.382131843,10375.0,10,0,1,0,2.0,0,3458.3333333333335
0.029024274,50,0,0.154417223,4040.0,6,0,1,0,1.0,0,2020.0
0.028249411,64,0,0.158925224,4800.0,7,0,1,0,0.0,0,4800.0
0.02213235,45,0,0.306311258,10916.0,7,0,2,0,2.0,0,3638.6666666666665
0.006003356,35,0,0.884992502,8668.0,16,0,2,0,0.0,0,8668.0
0.021155757,40,0,0.272104181,5835.0,5,0,2,0,0.0,0,5835.0
0.654767385,60,0,1.312.217.195,12375.0,25,0,5,0,0.0,0,12375.0
0.339251904,60,0,0.263527281,13250.0,10,0,2,0,0.0,0,13250.0
0.000283817,71,0,0.00075815,1318.0,8,0,0,0,0.0,0,1318.0
0.052358079,64,0,1.156.562.292,1500.0,9,0,1,0,1.0,0,750.0
0.252817756,73,0,0.187632884,5643.0,5,0,1,0,0.0,0,5643.0
0.375905549,71,0,0.789760679,3300.0,9,0,1,0,0.0,0,3300.0
0.275838185,48,0,0.482129468,4000.0,7,0,2,0,0.0,0,4000.0
0.133175461,65,1,0.215749198,4050.0,19,0,0,0,1.0,1,2025.0
0.228377162,46,0,0.270432392,4000.0,9,0,1,0,0.0,0,4000.0
0.847685574,71,0,01.05,1633.0,6,0,0,0,0.0,0,1633.0
0.807192807,35,1,0.171957011,4000.0,2,3,0,0,0.0,4,4000.0
0.358063592,54,1,0.281815725,3700.0,16,0,0,0,0.0,1,3700.0
0.2268228,34,0,0.19730045,6000.0,12,2,1,0,3.0,2,1500.0
0.541270486,64,0,0.217898508,12000.0,10,0,2,0,1.0,0,6000.0
0.375187003,43,2,0.673065387,5000.0,12,0,2,0,1.0,2,2500.0
0.868918018,42,0,0.3098809,4533.0,6,0,0,0,1.0,0,2266.5
0,26,0,02.05,1.0,2,0,0,0,0.0,0,1.0
0.022493705,68,0,0.175724173,7801.0,14,0,1,0,0.0,0,7801.0
0.139951697,56,0,0.100316614,6000.0,3,0,0,0,0.0,0,6000.0
0.026795911,43,0,212.987.013,1000.0,6,0,1,0,2.0,0,333.3333333333333
0.018622672,41,0,0.386613387,1000.0,4,0,0,0,0.0,0,1000.0
0.753133855,29,0,0.040133423,159791.0,21,0,2,0,0.0,0,159791.0
1.048.293.089,31,1,0.134548884,3180.0,6,0,0,0,1.0,1,1590.0
0.213089346,66,0,02.26,799.0,7,0,2,0,0.0,0,799.0
0.426635585,72,0,0.867687726,4700.0,14,0,2,1,0.0,1,4700.0
0.015261097,71,0,0.291870813,10000.0,7,0,1,0,0.0,0,10000.0
0.9999999,39,2,0.453234358,4714.0,5,0,1,0,3.0,2,1178.5
0.407973334,29,0,0.187893728,3650.0,4,0,0,0,0.0,0,3650.0
0.896987712,43,0,0.473191087,12700.0,10,0,2,0,2.0,0,4233.333333333333
0.05522025,44,0,0.015549223,20000.0,6,0,0,0,0.0,0,20000.0
0.086568778,35,0,0.558806059,6733.0,6,0,2,0,1.0,0,3366.5
0.310491826,56,0,0.193222479,4750.0,7,0,1,0,0.0,0,4750.0
0.003009983,52,0,0.443911218,5000.0,14,0,2,0,2.0,0,1666.6666666666667
0.242894608,39,0,0.715169057,7600.0,11,0,3,0,0.0,0,7600.0
0.001799955,41,0,0.289820012,10333.0,4,0,1,0,0.0,0,10333.0
0.90219071,44,0,0.087221095,3450.0,6,0,0,0,4.0,0,690.0
0.009596806,65,0,0.177879608,4800.0,14,0,1,0,0.0,0,4800.0
0.96673631,64,0,0.419895026,4000.0,8,0,2,0,0.0,0,4000.0
0.264878839,60,0,0.305337195,9667.0,7,0,2,0,1.0,0,4833.5
0.849908336,34,0,0.201388889,9791.0,7,0,0,0,3.0,0,2447.75
0.856989823,28,0,414,0.0,11,0,0,0,0.0,0,0.0
0.9999999,38,0,0.093234792,7035.0,4,0,0,0,3.0,0,1758.75
0.196251536,57,0,0.402354459,6200.0,6,0,2,0,1.0,0,3100.0
0.020505031,38,0,0.282756159,2800.0,11,0,1,0,0.0,0,2800.0
0.681015017,40,0,0.124458204,9689.0,7,0,0,0,1.0,0,4844.5
0.056514306,62,0,0.01432182,3560.0,8,0,0,0,0.0,0,3560.0
0.111346301,39,0,0.46747021,7300.0,8,0,1,0,4.0,0,1460.0
0.9999999,49,0,0.147952444,5298.0,1,0,0,0,0.0,0,5298.0
0.926147705,22,3,1.577.344.702,820.0,7,0,1,0,0.0,3,820.0
0.054860177,68,0,0.107435508,6589.0,5,0,1,0,0.0,0,6589.0
0.004656156,78,0,0.004398241,2500.0,5,0,0,0,0.0,0,2500.0
0.011844002,60,0,0.176393903,9971.0,8,0,2,0,1.0,0,4985.5
0.531766412,47,0,0.645153774,4291.0,11,0,2,0,2.0,0,1430.3333333333333
0.81313382,40,1,0.365286624,3139.0,7,0,0,0,3.0,1,784.75
2.143.094.842,51,1,0.28706084,3500.0,3,3,0,0,0.0,4,3500.0
0.005874662,48,1,0.370703662,8000.0,14,0,4,0,2.0,1,2666.6666666666665
0.591229093,51,1,0.308772765,8400.0,12,0,1,0,1.0,1,4200.0
0.365411007,73,0,0.435195601,8000.0,20,0,2,0,0.0,0,8000.0
0,68,1,0.663512491,5283.0,8,0,2,0,0.0,1,5283.0
0.9999999,28,0,0,2108.0,0,1,0,0,0.0,1,2108.0
0,39,0,0.068827598,12000.0,5,0,0,0,3.0,0,3000.0
0.189406539,61,0,0.235540601,15750.0,7,0,0,0,1.0,0,7875.0
0.073851868,65,0,0.483947899,5450.0,6,0,2,0,3.0,0,1362.5
0.129398447,66,0,0.042218614,11700.0,9,0,1,2,1.0,2,5850.0
0.153076938,35,0,0.39402901,7100.0,8,0,1,0,0.0,0,7100.0
0.073011203,56,1,0.539185414,6800.0,22,0,2,0,1.0,1,3400.0
0.014607346,58,0,0.121344035,7350.0,11,0,1,0,3.0,0,1837.5
0.281131894,54,0,0.931785196,6200.0,10,0,3,0,1.0,0,3100.0
0.509986684,72,0,0.00686553,4223.0,6,0,0,0,2.0,0,1407.6666666666667
0.007703839,53,1,0.232553099,4613.0,7,0,0,0,0.0,1,4613.0
0.554164661,34,0,1.076.563.165,2350.0,8,0,2,0,0.0,0,2350.0
0.135557624,35,0,0.170491475,20000.0,6,1,1,0,1.0,1,10000.0
0.149409101,48,1,0.46096832,8364.0,15,0,2,0,2.0,1,2788.0
0.014089628,35,0,0.164925034,2200.0,4,0,0,0,0.0,0,2200.0
0.330080419,52,0,0.156087409,11531.0,7,0,1,0,2.0,0,3843.6666666666665
0.274970005,82,0,0.05880444,15406.0,14,0,0,0,0.0,0,15406.0
0.009643521,43,0,0.205316224,12000.0,8,0,1,0,1.0,0,6000.0
0.600105235,39,1,0.232262883,5355.0,4,0,1,0,5.0,1,892.5
0.562491073,38,0,0.294760418,14733.0,12,0,1,0,0.0,0,14733.0
0.072844882,59,0,0.091988501,8000.0,7,0,0,0,0.0,0,8000.0
0.9999999,30,0,0.158273381,2779.0,1,0,0,0,1.0,0,1389.5
0.9999999,57,0,0.156699179,7791.0,3,0,1,0,0.0,0,7791.0
0.251080575,36,0,0.169839831,3308.0,6,0,0,0,1.0,0,1654.0
0.439091461,37,0,0.683732202,3300.0,7,0,2,0,2.0,0,1100.0
0.679040586,61,1,0.171975432,7000.0,20,0,1,0,1.0,1,3500.0
0.692158443,41,0,0.397856343,6250.0,7,0,1,0,2.0,0,2083.3333333333335
0.249019763,59,1,0.230989957,5575.0,6,0,0,0,1.0,1,2787.5
0.68588495,33,0,0.336586688,7376.0,5,0,1,0,3.0,0,1844.0
0.021042868,67,0,0.283218889,8300.0,6,0,2,0,0.0,0,8300.0
0.175229453,46,0,0.077766234,38499.0,11,0,1,0,2.0,0,12833.0
0.711137214,52,0,0.603193553,6700.0,12,0,2,0,1.0,0,3350.0
0,44,0,8.332.667.333,1000.0,16,0,3,0,3.0,0,250.0
0,52,0,0.644969155,4700.0,7,0,2,0,1.0,0,2350.0
0.639754793,66,0,0.221473999,5345.0,6,0,0,0,3.0,0,1336.25
0.077188205,57,0,0.007713184,7000.0,3,0,0,0,1.0,0,3500.0
0.050610367,46,0,0.007141582,5600.0,3,0,0,0,2.0,0,1866.6666666666667
0,39,0,0.290316608,5400.0,5,0,1,0,0.0,0,5400.0
0.16631667,49,0,0.470452955,10000.0,13,0,1,0,2.0,0,3333.3333333333335
0.589284245,78,0,0.209150327,5048.0,4,0,0,0,1.0,0,2524.0
0.90803395,43,0,0.123402556,2503.0,4,0,0,0,0.0,0,2503.0
0.612457767,41,0,0.144568274,9600.0,7,0,0,0,1.0,0,4800.0
0.048797905,61,0,0.004611837,1300.0,4,0,0,0,0.0,0,1300.0
0.000483863,82,0,0,3333.0,4,0,0,0,0.0,0,3333.0
0.448227589,61,0,0.334722057,8400.0,6,0,1,0,2.0,0,2800.0
0.035730951,43,1,0.048607906,6500.0,3,0,0,0,0.0,1,6500.0
0.04188733,63,0,0.244393658,7000.0,13,0,1,0,0.0,0,7000.0
0.273109995,58,0,0.319290761,7500.0,8,0,1,0,3.0,0,1875.0
0.605635844,57,0,1.112.083.569,7083.0,27,0,1,0,2.0,0,2361.0
0.02608962,62,0,0.011941127,3600.0,3,0,0,0,1.0,0,1800.0
0.28364247,34,0,0.152615795,3000.0,6,0,0,0,0.0,0,3000.0
0.534638026,63,0,0.60100349,4583.0,7,0,1,0,1.0,0,2291.5
0.080118784,63,0,0.034129693,3808.0,5,0,0,0,0.0,0,3808.0
0.9999999,63,0,0,1714.0,0,0,0,0,2.0,0,571.3333333333334
1.163.210.807,60,2,0.239082785,5930.0,8,1,1,1,0.0,4,5930.0
0.53101078,27,0,0.160747172,3800.0,5,0,0,0,0.0,0,3800.0
0.404603469,45,0,0.819477874,5400.0,9,0,2,0,1.0,0,2700.0
0,65,1,0.30887947,18401.0,18,0,4,1,0.0,2,18401.0
0,30,0,0.552455357,3583.0,5,0,2,0,0.0,0,3583.0
0.025934653,49,0,0.229888432,3405.0,13,0,0,0,3.0,0,851.25
0.0451658,55,1,0.226220696,6696.0,11,0,2,0,0.0,1,6696.0
0.011138536,58,0,0.00122429,4083.0,4,0,0,0,1.0,0,2041.5
0.771266453,33,0,0.579855036,4000.0,13,0,1,0,1.0,0,2000.0
0.441586028,59,0,0.564645492,3116.0,14,0,2,0,1.0,0,1558.0
0.055264825,54,0,0.324472961,12000.0,4,0,1,0,0.0,0,12000.0
0,31,0,0.205441421,1800.0,6,0,0,0,0.0,0,1800.0
0.9999999,35,0,0.319625867,6200.0,7,0,1,0,0.0,0,6200.0
0.052536738,45,1,0.610077984,5000.0,10,0,1,0,0.0,1,5000.0
0.014346739,66,1,0.147696959,11245.0,17,0,1,0,0.0,1,11245.0
0.00619969,65,1,0.108401084,10700.0,7,0,1,0,0.0,1,10700.0
0.01701894,35,0,0.264764674,5502.0,8,0,1,0,0.0,0,5502.0
0.006887638,50,0,0.272545472,10500.0,9,0,1,0,2.0,0,3500.0
0.007682793,70,0,0.263531016,7334.0,8,0,1,0,0.0,0,7334.0
0.329978982,59,1,1.210.627.401,1561.0,13,0,0,0,0.0,1,1561.0
0.64273731,72,0,1.684.863.027,5000.0,32,0,3,0,0.0,0,5000.0
0.014420243,70,0,0.005865103,5455.0,11,0,0,0,0.0,0,5455.0
0.083055564,32,1,0.297940412,5000.0,6,0,0,0,0.0,1,5000.0
0.071540813,61,0,0.230259858,9966.0,8,0,1,0,0.0,0,9966.0
0.435295387,38,0,0.124606554,5400.0,18,0,0,0,2.0,0,1800.0
0.104470403,73,0,0.055414337,5900.0,8,0,0,0,1.0,0,2950.0
0.079429192,52,0,0.197252208,11208.0,6,0,2,0,1.0,0,5604.0
0.026440379,65,0,0.454718598,10500.0,7,0,2,0,1.0,0,5250.0
0.324954577,47,6,0.389546122,12932.0,25,0,2,0,2.0,6,4310.666666666667
0.005972492,81,0,0.00096581,5176.0,10,0,0,0,0.0,0,5176.0
0.613188744,35,2,0.758720284,4500.0,11,0,1,0,1.0,2,2250.0
0,53,0,0.368217054,5933.0,12,0,1,0,0.0,0,5933.0
0.470537773,62,1,0.49220104,7500.0,16,0,5,0,1.0,1,3750.0
0.9999999,29,0,0.063066143,5850.0,1,1,0,0,0.0,1,5850.0
0.145395995,36,0,0.272315179,15000.0,9,0,2,0,1.0,0,7500.0
0.162429571,54,0,0.347887584,16260.0,11,0,2,0,0.0,0,16260.0
0,36,0,0.196007081,10167.0,3,0,1,0,3.0,0,2541.75
0.05604885,57,1,0.500394633,3800.0,7,0,1,0,0.0,1,3800.0
0.9999999,43,0,0.264126822,3910.0,6,0,1,0,1.0,0,1955.0
0.295142361,60,0,0.04930103,20100.0,6,0,0,0,0.0,0,20100.0
0.869214643,51,0,1.802.175.665,2481.0,5,0,3,0,0.0,0,2481.0
0.507788218,59,0,0.354635569,8574.0,19,0,2,0,0.0,0,8574.0
0.050857227,64,0,0.226054358,10669.0,7,0,2,0,0.0,0,10669.0
0.047847608,68,0,0.269738421,4166.0,2,0,1,0,0.0,0,4166.0
0.012555277,51,0,0.297425644,4000.0,7,0,2,0,1.0,0,2000.0
0.14600857,56,1,0.381769705,6000.0,6,2,1,3,2.0,6,2000.0
0.942816074,41,0,511,1.0,7,0,0,1,1.0,1,0.5
0,66,0,0.120907738,5375.0,5,0,1,0,0.0,0,5375.0
0.008195906,75,0,0.071566317,4666.0,10,0,1,0,0.0,0,4666.0
0.088798926,66,0,0.494120915,10800.0,11,0,3,0,0.0,0,10800.0
0.010212456,52,0,0.311937612,5000.0,9,0,1,0,1.0,0,2500.0
0.013472975,33,0,0.362909273,4000.0,9,0,1,0,0.0,0,4000.0
0.9999999,62,0,0.053236691,4000.0,4,1,0,0,0.0,1,4000.0
0.708552719,40,2,0.167320939,13500.0,13,0,0,1,0.0,3,13500.0
0.088656747,81,0,0.036173251,2100.0,4,0,0,0,0.0,0,2100.0
0.387357878,50,0,0.277196653,5735.0,9,0,1,0,1.0,0,2867.5
0.245380188,25,0,0.057320595,4500.0,4,0,0,0,0.0,0,4500.0
0.139437537,45,0,0.811553222,4950.0,11,0,2,0,1.0,0,2475.0
0.720698254,55,0,0.063080822,3550.0,2,0,0,0,0.0,0,3550.0
1.033.611.442,33,0,0.707085464,1368.0,5,4,0,3,2.0,7,456.0
